CREATE DATABASE  IF NOT EXISTS `apiserver` /*!40100 DEFAULT CHARACTER SET utf8 */;
USE `apiserver`;
-- MySQL dump 10.13  Distrib 5.6.13, for Win32 (x86)
--
-- Host: 176.31.14.255    Database: apiserver
-- ------------------------------------------------------
-- Server version	5.5.31-0+wheezy1

/*!40101 SET @OLD_CHARACTER_SET_CLIENT=@@CHARACTER_SET_CLIENT */;
/*!40101 SET @OLD_CHARACTER_SET_RESULTS=@@CHARACTER_SET_RESULTS */;
/*!40101 SET @OLD_COLLATION_CONNECTION=@@COLLATION_CONNECTION */;
/*!40101 SET NAMES utf8 */;
/*!40103 SET @OLD_TIME_ZONE=@@TIME_ZONE */;
/*!40103 SET TIME_ZONE='+00:00' */;
/*!40014 SET @OLD_UNIQUE_CHECKS=@@UNIQUE_CHECKS, UNIQUE_CHECKS=0 */;
/*!40014 SET @OLD_FOREIGN_KEY_CHECKS=@@FOREIGN_KEY_CHECKS, FOREIGN_KEY_CHECKS=0 */;
/*!40101 SET @OLD_SQL_MODE=@@SQL_MODE, SQL_MODE='NO_AUTO_VALUE_ON_ZERO' */;
/*!40111 SET @OLD_SQL_NOTES=@@SQL_NOTES, SQL_NOTES=0 */;

--
-- Table structure for table `GL_SHOP_List`
--

DROP TABLE IF EXISTS `GL_SHOP_List`;
/*!40101 SET @saved_cs_client     = @@character_set_client */;
/*!40101 SET character_set_client = utf8 */;
CREATE TABLE `GL_SHOP_List` (
  `name` text NOT NULL,
  `block_id` int(11) NOT NULL,
  `block_meta` int(11) NOT NULL,
  `item_enchantments` text NOT NULL,
  `price` double NOT NULL DEFAULT '0',
  `icon` text CHARACTER SET cp1251 NOT NULL,
  `server_id` varchar(55) NOT NULL DEFAULT '0',
  `category_id` int(11) NOT NULL,
  `access` text CHARACTER SET cp1251 NOT NULL,
  `material` varchar(45) DEFAULT NULL
) ENGINE=InnoDB DEFAULT CHARSET=utf8;
/*!40101 SET character_set_client = @saved_cs_client */;

--
-- Dumping data for table `GL_SHOP_List`
--

LOCK TABLES `GL_SHOP_List` WRITE;
/*!40000 ALTER TABLE `GL_SHOP_List` DISABLE KEYS */;
INSERT INTO `GL_SHOP_List` VALUES ('Камень',1,0,'',0.5,'http://streamcraft.net/uploads/idlist/1.png','1,',1,'',NULL),('Камень',1,0,'',0.5,'http://streamcraft.net/uploads/idlist/1.png','2,',1,'',NULL),('Камень',1,0,'',0.5,'http://streamcraft.net/uploads/idlist/1.png','3,',1,'',NULL),('Камень',1,0,'',0.5,'http://streamcraft.net/uploads/idlist/1.png','5,',1,'',NULL),('Камень',1,0,'',0.5,'http://streamcraft.net/uploads/idlist/1.png','6,',1,'',NULL),('Трава',2,0,'',0.7,'http://streamcraft.net/uploads/idlist/2.png','1,',1,'',NULL),('Трава',2,0,'',0.7,'http://streamcraft.net/uploads/idlist/2.png','2,',1,'',NULL),('Трава',2,0,'',0.7,'http://streamcraft.net/uploads/idlist/2.png','3,',1,'',NULL),('Трава',2,0,'',0.7,'http://streamcraft.net/uploads/idlist/2.png','5,',1,'',NULL),('Трава',2,0,'',0.7,'http://streamcraft.net/uploads/idlist/2.png','6,',1,'',NULL),('Грязь',3,0,'',0.4,'http://streamcraft.net/uploads/idlist/3.png','1,',1,'',NULL),('Грязь',3,0,'',0.4,'http://streamcraft.net/uploads/idlist/3.png','2,',1,'',NULL),('Грязь',3,0,'',0.4,'http://streamcraft.net/uploads/idlist/3.png','3,',1,'',NULL),('Грязь',3,0,'',0.4,'http://streamcraft.net/uploads/idlist/3.png','5,',1,'',NULL),('Грязь',3,0,'',0.4,'http://streamcraft.net/uploads/idlist/3.png','6,',1,'',NULL),('Булыжник',4,0,'',0.4,'http://streamcraft.net/uploads/idlist/4.png','1,',1,'',NULL),('Булыжник',4,0,'',0.4,'http://streamcraft.net/uploads/idlist/4.png','2,',1,'',NULL),('Булыжник',4,0,'',0.4,'http://streamcraft.net/uploads/idlist/4.png','3,',1,'',NULL),('Булыжник',4,0,'',0.4,'http://streamcraft.net/uploads/idlist/4.png','5,',1,'',NULL),('Булыжник',4,0,'',0.4,'http://streamcraft.net/uploads/idlist/4.png','6,',1,'',NULL),('Доски',5,0,'',0.5,'http://streamcraft.net/uploads/idlist/5a.png','1,',1,'',NULL),('Доски',5,0,'',0.5,'http://streamcraft.net/uploads/idlist/5a.png','2,',1,'',NULL),('Доски',5,0,'',0.5,'http://streamcraft.net/uploads/idlist/5a.png','3,',1,'',NULL),('Доски',5,0,'',0.5,'http://streamcraft.net/uploads/idlist/5a.png','5,',1,'',NULL),('Доски',5,0,'',0.5,'http://streamcraft.net/uploads/idlist/5a.png','6,',1,'',NULL),('Доски',5,2,'',0.5,'http://streamcraft.net/uploads/idlist/5b.png','1,',1,'',NULL),('Доски',5,2,'',0.5,'http://streamcraft.net/uploads/idlist/5b.png','2,',1,'',NULL),('Доски',5,2,'',0.5,'http://streamcraft.net/uploads/idlist/5b.png','3,',1,'',NULL),('Доски',5,2,'',0.5,'http://streamcraft.net/uploads/idlist/5b.png','5,',1,'',NULL),('Доски',5,2,'',0.5,'http://streamcraft.net/uploads/idlist/5b.png','6,',1,'',NULL),('Доски',5,2,'',0.5,'http://streamcraft.net/uploads/idlist/5.2.png','1,',1,'',NULL),('Доски',5,2,'',0.5,'http://streamcraft.net/uploads/idlist/5.2.png','2,',1,'',NULL),('Доски',5,2,'',0.5,'http://streamcraft.net/uploads/idlist/5.2.png','3,',1,'',NULL),('Доски',5,2,'',0.5,'http://streamcraft.net/uploads/idlist/5.2.png','5,',1,'',NULL),('Доски',5,2,'',0.5,'http://streamcraft.net/uploads/idlist/5.2.png','6,',1,'',NULL),('Доски',5,3,'',0.5,'http://streamcraft.net/uploads/idlist/5d.png','1,',1,'',NULL),('Доски',5,3,'',0.5,'http://streamcraft.net/uploads/idlist/5d.png','2,',1,'',NULL),('Доски',5,3,'',0.5,'http://streamcraft.net/uploads/idlist/5d.png','3,',1,'',NULL),('Доски',5,3,'',0.5,'http://streamcraft.net/uploads/idlist/5d.png','5,',1,'',NULL),('Доски',5,3,'',0.5,'http://streamcraft.net/uploads/idlist/5d.png','6,',1,'',NULL),('Росток',6,0,'',0.3,'http://streamcraft.net/uploads/idlist/6a.png','1,',4,'',NULL),('Росток',6,0,'',0.3,'http://streamcraft.net/uploads/idlist/6a.png','2,',4,'',NULL),('Росток',6,0,'',0.3,'http://streamcraft.net/uploads/idlist/6a.png','3,',4,'',NULL),('Росток',6,0,'',0.3,'http://streamcraft.net/uploads/idlist/6a.png','5,',4,'',NULL),('Росток',6,0,'',0.3,'http://streamcraft.net/uploads/idlist/6a.png','6,',4,'',NULL),('Росток',6,0,'',0.3,'http://streamcraft.net/uploads/idlist/6b.png','1,',4,'',NULL),('Росток',6,0,'',0.3,'http://streamcraft.net/uploads/idlist/6b.png','2,',4,'',NULL),('Росток',6,0,'',0.3,'http://streamcraft.net/uploads/idlist/6b.png','3,',4,'',NULL),('Росток',6,0,'',0.3,'http://streamcraft.net/uploads/idlist/6b.png','5,',4,'',NULL),('Росток',6,0,'',0.3,'http://streamcraft.net/uploads/idlist/6b.png','6,',4,'',NULL),('Росток',6,2,'',0.3,'http://streamcraft.net/uploads/idlist/6c.png','1,',4,'',NULL),('Росток',6,2,'',0.3,'http://streamcraft.net/uploads/idlist/6c.png','2,',4,'',NULL),('Росток',6,2,'',0.3,'http://streamcraft.net/uploads/idlist/6c.png','3,',4,'',NULL),('Росток',6,2,'',0.3,'http://streamcraft.net/uploads/idlist/6c.png','5,',4,'',NULL),('Росток',6,2,'',0.3,'http://streamcraft.net/uploads/idlist/6c.png','6,',4,'',NULL),('Росток',6,3,'',0.3,'http://streamcraft.net/uploads/idlist/6d.png','1,',4,'',NULL),('Росток',6,3,'',0.3,'http://streamcraft.net/uploads/idlist/6d.png','2,',4,'',NULL),('Росток',6,3,'',0.3,'http://streamcraft.net/uploads/idlist/6d.png','3,',4,'',NULL),('Росток',6,3,'',0.3,'http://streamcraft.net/uploads/idlist/6d.png','5,',4,'',NULL),('Росток',6,3,'',0.3,'http://streamcraft.net/uploads/idlist/6d.png','6,',4,'',NULL),('Коренная порода',7,0,'',85,'http://streamcraft.net/uploads/idlist/7.png','1,',1,'',NULL),('Коренная порода',7,0,'',85,'http://streamcraft.net/uploads/idlist/7.png','2,',1,'',NULL),('Коренная порода',7,0,'',85,'http://streamcraft.net/uploads/idlist/7.png','3,',1,'',NULL),('Коренная порода',7,0,'',85,'http://streamcraft.net/uploads/idlist/7.png','5,',1,'',NULL),('Коренная порода',7,0,'',85,'http://streamcraft.net/uploads/idlist/7.png','6,',1,'',NULL),('Песок',12,0,'',0.4,'http://streamcraft.net/uploads/idlist/12.png','1,',1,'',NULL),('Песок',12,0,'',0.4,'http://streamcraft.net/uploads/idlist/12.png','2,',1,'',NULL),('Песок',12,0,'',0.4,'http://streamcraft.net/uploads/idlist/12.png','3,',1,'',NULL),('Песок',12,0,'',0.4,'http://streamcraft.net/uploads/idlist/12.png','5,',1,'',NULL),('Песок',12,0,'',0.4,'http://streamcraft.net/uploads/idlist/12.png','6,',1,'',NULL),('Гравий',13,0,'',0.4,'http://streamcraft.net/uploads/idlist/13.png','1,',1,'',NULL),('Гравий',13,0,'',0.4,'http://streamcraft.net/uploads/idlist/13.png','2,',1,'',NULL),('Гравий',13,0,'',0.4,'http://streamcraft.net/uploads/idlist/13.png','3,',1,'',NULL),('Гравий',13,0,'',0.4,'http://streamcraft.net/uploads/idlist/13.png','5,',1,'',NULL),('Гравий',13,0,'',0.4,'http://streamcraft.net/uploads/idlist/13.png','6,',1,'',NULL),('Золотая руда',14,0,'',2,'http://streamcraft.net/uploads/idlist/14.png','1,',1,'',NULL),('Золотая руда',14,0,'',2,'http://streamcraft.net/uploads/idlist/14.png','2,',1,'',NULL),('Золотая руда',14,0,'',2,'http://streamcraft.net/uploads/idlist/14.png','3,',1,'',NULL),('Золотая руда',14,0,'',2,'http://streamcraft.net/uploads/idlist/14.png','5,',1,'',NULL),('Золотая руда',14,0,'',2,'http://streamcraft.net/uploads/idlist/14.png','6,',1,'',NULL),('Железная руда',15,0,'',1,'http://streamcraft.net/uploads/idlist/15.png','1,',1,'',NULL),('Железная руда',15,0,'',1,'http://streamcraft.net/uploads/idlist/15.png','2,',1,'',NULL),('Железная руда',15,0,'',1,'http://streamcraft.net/uploads/idlist/15.png','3,',1,'',NULL),('Железная руда',15,0,'',1,'http://streamcraft.net/uploads/idlist/15.png','5,',1,'',NULL),('Железная руда',15,0,'',1,'http://streamcraft.net/uploads/idlist/15.png','6,',1,'',NULL),('Угольная руда',16,0,'',0.5,'http://streamcraft.net/uploads/idlist/16.png','1,',1,'',NULL),('Угольная руда',16,0,'',0.5,'http://streamcraft.net/uploads/idlist/16.png','2,',1,'',NULL),('Угольная руда',16,0,'',0.5,'http://streamcraft.net/uploads/idlist/16.png','3,',1,'',NULL),('Угольная руда',16,0,'',0.5,'http://streamcraft.net/uploads/idlist/16.png','5,',1,'',NULL),('Угольная руда',16,0,'',0.5,'http://streamcraft.net/uploads/idlist/16.png','6,',1,'',NULL),('Древесина',17,0,'',0.7,'http://streamcraft.net/uploads/idlist/17a.png','1,',1,'',NULL),('Древесина',17,0,'',0.7,'http://streamcraft.net/uploads/idlist/17a.png','2,',1,'',NULL),('Древесина',17,0,'',0.7,'http://streamcraft.net/uploads/idlist/17a.png','3,',1,'',NULL),('Древесина',17,0,'',0.7,'http://streamcraft.net/uploads/idlist/17a.png','5,',1,'',NULL),('Древесина',17,0,'',0.7,'http://streamcraft.net/uploads/idlist/17a.png','6,',1,'',NULL),('Древесина',17,1,'',0.7,'http://streamcraft.net/uploads/idlist/17b.png','1,',1,'',NULL),('Древесина',17,1,'',0.7,'http://streamcraft.net/uploads/idlist/17b.png','2,',1,'',NULL),('Древесина',17,1,'',0.7,'http://streamcraft.net/uploads/idlist/17b.png','3,',1,'',NULL),('Древесина',17,1,'',0.7,'http://streamcraft.net/uploads/idlist/17b.png','5,',1,'',NULL),('Древесина',17,1,'',0.7,'http://streamcraft.net/uploads/idlist/17b.png','6,',1,'',NULL),('Древесина',17,2,'',0.7,'http://streamcraft.net/uploads/idlist/17d.png','1,',1,'',NULL),('Древесина',17,2,'',0.7,'http://streamcraft.net/uploads/idlist/17d.png','2,',1,'',NULL),('Древесина',17,2,'',0.7,'http://streamcraft.net/uploads/idlist/17d.png','3,',1,'',NULL),('Древесина',17,2,'',0.7,'http://streamcraft.net/uploads/idlist/17d.png','5,',1,'',NULL),('Древесина',17,2,'',0.7,'http://streamcraft.net/uploads/idlist/17d.png','6,',1,'',NULL),('Древесина',17,3,'',0.7,'http://streamcraft.net/uploads/idlist/17c.png','1,',1,'',NULL),('Древесина',17,3,'',0.7,'http://streamcraft.net/uploads/idlist/17c.png','2,',1,'',NULL),('Древесина',17,3,'',0.7,'http://streamcraft.net/uploads/idlist/17c.png','3,',1,'',NULL),('Древесина',17,3,'',0.7,'http://streamcraft.net/uploads/idlist/17c.png','5,',1,'',NULL),('Древесина',17,3,'',0.7,'http://streamcraft.net/uploads/idlist/17c.png','6,',1,'',NULL),('Листва',18,0,'',0.3,'http://streamcraft.net/uploads/idlist/18a.png','1,',1,'',NULL),('Листва',18,0,'',0.3,'http://streamcraft.net/uploads/idlist/18a.png','2,',1,'',NULL),('Листва',18,0,'',0.3,'http://streamcraft.net/uploads/idlist/18a.png','3,',1,'',NULL),('Листва',18,0,'',0.3,'http://streamcraft.net/uploads/idlist/18a.png','5,',1,'',NULL),('Листва',18,0,'',0.3,'http://streamcraft.net/uploads/idlist/18a.png','6,',1,'',NULL),('Листва сосны',18,1,'',0.3,'http://streamcraft.net/uploads/idlist/18b.png','1,',1,'',NULL),('Листва сосны',18,1,'',0.3,'http://streamcraft.net/uploads/idlist/18b.png','2,',1,'',NULL),('Листва сосны',18,1,'',0.3,'http://streamcraft.net/uploads/idlist/18b.png','3,',1,'',NULL),('Листва сосны',18,1,'',0.3,'http://streamcraft.net/uploads/idlist/18b.png','5,',1,'',NULL),('Листва сосны',18,1,'',0.3,'http://streamcraft.net/uploads/idlist/18b.png','6,',1,'',NULL),('Листва берёзы',18,2,'',0.3,'http://streamcraft.net/uploads/idlist/18c.png','1,',1,'',NULL),('Листва берёзы',18,2,'',0.3,'http://streamcraft.net/uploads/idlist/18c.png','2,',1,'',NULL),('Листва берёзы',18,2,'',0.3,'http://streamcraft.net/uploads/idlist/18c.png','3,',1,'',NULL),('Листва берёзы',18,2,'',0.3,'http://streamcraft.net/uploads/idlist/18c.png','5,',1,'',NULL),('Листва берёзы',18,2,'',0.3,'http://streamcraft.net/uploads/idlist/18c.png','6,',1,'',NULL),('Листва пальм',18,3,'',0.3,'http://streamcraft.net/uploads/idlist/18d.png','1,',1,'',NULL),('Листва пальм',18,3,'',0.3,'http://streamcraft.net/uploads/idlist/18d.png','2,',1,'',NULL),('Листва пальм',18,3,'',0.3,'http://streamcraft.net/uploads/idlist/18d.png','3,',1,'',NULL),('Листва пальм',18,3,'',0.3,'http://streamcraft.net/uploads/idlist/18d.png','5,',1,'',NULL),('Листва пальм',18,3,'',0.3,'http://streamcraft.net/uploads/idlist/18d.png','6,',1,'',NULL),('Губка',19,0,'',25,'http://streamcraft.net/uploads/idlist/19.png','1,',1,'',NULL),('Губка',19,0,'',25,'http://streamcraft.net/uploads/idlist/19.png','2,',1,'',NULL),('Губка',19,0,'',25,'http://streamcraft.net/uploads/idlist/19.png','3,',1,'',NULL),('Губка',19,0,'',25,'http://streamcraft.net/uploads/idlist/19.png','5,',1,'',NULL),('Губка',19,0,'',25,'http://streamcraft.net/uploads/idlist/19.png','6,',1,'',NULL),('Стекло',20,0,'',0.6,'http://streamcraft.net/uploads/idlist/20.png','1,',1,'',NULL),('Стекло',20,0,'',0.6,'http://streamcraft.net/uploads/idlist/20.png','2,',1,'',NULL),('Стекло',20,0,'',0.6,'http://streamcraft.net/uploads/idlist/20.png','3,',1,'',NULL),('Стекло',20,0,'',0.6,'http://streamcraft.net/uploads/idlist/20.png','5,',1,'',NULL),('Стекло',20,0,'',0.6,'http://streamcraft.net/uploads/idlist/20.png','6,',1,'',NULL),('Лазуритная руда',21,0,'',0.5,'http://streamcraft.net/uploads/idlist/21.png','1,',1,'',NULL),('Лазуритная руда',21,0,'',0.5,'http://streamcraft.net/uploads/idlist/21.png','2,',1,'',NULL),('Лазуритная руда',21,0,'',0.5,'http://streamcraft.net/uploads/idlist/21.png','3,',1,'',NULL),('Лазуритная руда',21,0,'',0.5,'http://streamcraft.net/uploads/idlist/21.png','5,',1,'',NULL),('Лазуритная руда',21,0,'',0.5,'http://streamcraft.net/uploads/idlist/21.png','6,',1,'',NULL),('Лазуритный блок',22,0,'',1,'http://streamcraft.net/uploads/idlist/22.png','1,',1,'',NULL),('Лазуритный блок',22,0,'',1,'http://streamcraft.net/uploads/idlist/22.png','2,',1,'',NULL),('Лазуритный блок',22,0,'',1,'http://streamcraft.net/uploads/idlist/22.png','3,',1,'',NULL),('Лазуритный блок',22,0,'',1,'http://streamcraft.net/uploads/idlist/22.png','5,',1,'',NULL),('Лазуритный блок',22,0,'',1,'http://streamcraft.net/uploads/idlist/22.png','6,',1,'',NULL),('Раздатчик',23,0,'',0.9,'http://streamcraft.net/uploads/idlist/23.png','1,',1,'',NULL),('Раздатчик',23,0,'',0.9,'http://streamcraft.net/uploads/idlist/23.png','2,',1,'',NULL),('Раздатчик',23,0,'',0.9,'http://streamcraft.net/uploads/idlist/23.png','3,',1,'',NULL),('Раздатчик',23,0,'',0.9,'http://streamcraft.net/uploads/idlist/23.png','5,',1,'',NULL),('Раздатчик',23,0,'',0.9,'http://streamcraft.net/uploads/idlist/23.png','6,',1,'',NULL),('Песчаник',24,0,'',0.5,'http://streamcraft.net/uploads/idlist/24a.png','1,',1,'',NULL),('Песчаник',24,0,'',0.5,'http://streamcraft.net/uploads/idlist/24a.png','2,',1,'',NULL),('Песчаник',24,0,'',0.5,'http://streamcraft.net/uploads/idlist/24a.png','3,',1,'',NULL),('Песчаник',24,0,'',0.5,'http://streamcraft.net/uploads/idlist/24a.png','5,',1,'',NULL),('Песчаник',24,0,'',0.5,'http://streamcraft.net/uploads/idlist/24a.png','6,',1,'',NULL),('Песчаник криперный',24,1,'',0.6,'http://streamcraft.net/uploads/idlist/24b.png','1,',1,'',NULL),('Песчаник криперный',24,1,'',0.6,'http://streamcraft.net/uploads/idlist/24b.png','2,',1,'',NULL),('Песчаник криперный',24,1,'',0.6,'http://streamcraft.net/uploads/idlist/24b.png','3,',1,'',NULL),('Песчаник криперный',24,1,'',0.6,'http://streamcraft.net/uploads/idlist/24b.png','5,',1,'',NULL),('Песчаник криперный',24,1,'',0.6,'http://streamcraft.net/uploads/idlist/24b.png','6,',1,'',NULL),('Гладкий песчаник',24,2,'',0.5,'http://streamcraft.net/uploads/idlist/24c.png','1,',1,'',NULL),('Гладкий песчаник',24,2,'',0.5,'http://streamcraft.net/uploads/idlist/24c.png','2,',1,'',NULL),('Гладкий песчаник',24,2,'',0.5,'http://streamcraft.net/uploads/idlist/24c.png','3,',1,'',NULL),('Гладкий песчаник',24,2,'',0.5,'http://streamcraft.net/uploads/idlist/24c.png','5,',1,'',NULL),('Гладкий песчаник',24,2,'',0.5,'http://streamcraft.net/uploads/idlist/24c.png','6,',1,'',NULL),('Нотный блок',25,0,'',1.5,'http://streamcraft.net/uploads/idlist/25.png','1,',1,'',NULL),('Нотный блок',25,0,'',1.5,'http://streamcraft.net/uploads/idlist/25.png','2,',1,'',NULL),('Нотный блок',25,0,'',1.5,'http://streamcraft.net/uploads/idlist/25.png','3,',1,'',NULL),('Нотный блок',25,0,'',1.5,'http://streamcraft.net/uploads/idlist/25.png','5,',1,'',NULL),('Нотный блок',25,0,'',1.5,'http://streamcraft.net/uploads/idlist/25.png','6,',1,'',NULL),('Электрические рельсы',27,0,'',1,'http://streamcraft.net/uploads/idlist/27.png','1,',4,'',NULL),('Электрические рельсы',27,0,'',1,'http://streamcraft.net/uploads/idlist/27.png','2,',4,'',NULL),('Электрические рельсы',27,0,'',1,'http://streamcraft.net/uploads/idlist/27.png','3,',4,'',NULL),('Электрические рельсы',27,0,'',1,'http://streamcraft.net/uploads/idlist/27.png','5,',4,'',NULL),('Электрические рельсы',27,0,'',1,'http://streamcraft.net/uploads/idlist/27.png','6,',4,'',NULL),('Нажимные рельсы',28,0,'',0.8,'http://streamcraft.net/uploads/idlist/28.png','1,',4,'',NULL),('Нажимные рельсы',28,0,'',0.8,'http://streamcraft.net/uploads/idlist/28.png','2,',4,'',NULL),('Нажимные рельсы',28,0,'',0.8,'http://streamcraft.net/uploads/idlist/28.png','3,',4,'',NULL),('Нажимные рельсы',28,0,'',0.8,'http://streamcraft.net/uploads/idlist/28.png','5,',4,'',NULL),('Нажимные рельсы',28,0,'',0.8,'http://streamcraft.net/uploads/idlist/28.png','6,',4,'',NULL),('Липкий поршень',29,0,'',1.8,'http://streamcraft.net/uploads/idlist/29.png','1,',1,'',NULL),('Липкий поршень',29,0,'',1.8,'http://streamcraft.net/uploads/idlist/29.png','2,',1,'',NULL),('Липкий поршень',29,0,'',1.8,'http://streamcraft.net/uploads/idlist/29.png','3,',1,'',NULL),('Липкий поршень',29,0,'',1.8,'http://streamcraft.net/uploads/idlist/29.png','5,',1,'',NULL),('Липкий поршень',29,0,'',1.8,'http://streamcraft.net/uploads/idlist/29.png','6,',1,'',NULL),('Паутина',30,0,'',3,'http://streamcraft.net/uploads/idlist/30.png','1,',4,'',NULL),('Паутина',30,0,'',3,'http://streamcraft.net/uploads/idlist/30.png','2,',4,'',NULL),('Паутина',30,0,'',3,'http://streamcraft.net/uploads/idlist/30.png','3,',4,'',NULL),('Паутина',30,0,'',3,'http://streamcraft.net/uploads/idlist/30.png','5,',4,'',NULL),('Паутина',30,0,'',3,'http://streamcraft.net/uploads/idlist/30.png','6,',4,'',NULL),('Поршень',33,0,'',1,'http://streamcraft.net/uploads/idlist/33.png','1,',1,'',NULL),('Поршень',33,0,'',1,'http://streamcraft.net/uploads/idlist/33.png','2,',1,'',NULL),('Поршень',33,0,'',1,'http://streamcraft.net/uploads/idlist/33.png','3,',1,'',NULL),('Поршень',33,0,'',1,'http://streamcraft.net/uploads/idlist/33.png','5,',1,'',NULL),('Поршень',33,0,'',1,'http://streamcraft.net/uploads/idlist/33.png','6,',1,'',NULL),('Белая шерсть',35,0,'',0.5,'http://streamcraft.net/uploads/idlist/35.png','1,',1,'',NULL),('Белая шерсть',35,0,'',0.5,'http://streamcraft.net/uploads/idlist/35.png','2,',1,'',NULL),('Белая шерсть',35,0,'',0.5,'http://streamcraft.net/uploads/idlist/35.png','3,',1,'',NULL),('Белая шерсть',35,0,'',0.5,'http://streamcraft.net/uploads/idlist/35.png','5,',1,'',NULL),('Белая шерсть',35,0,'',0.5,'http://streamcraft.net/uploads/idlist/35.png','6,',1,'',NULL),('Оранжевая шерсть',35,1,'',0.5,'http://streamcraft.net/uploads/idlist/35.1.png','1,',1,'',NULL),('Оранжевая шерсть',35,1,'',0.5,'http://streamcraft.net/uploads/idlist/35.1.png','2,',1,'',NULL),('Оранжевая шерсть',35,1,'',0.5,'http://streamcraft.net/uploads/idlist/35.1.png','3,',1,'',NULL),('Оранжевая шерсть',35,1,'',0.5,'http://streamcraft.net/uploads/idlist/35.1.png','5,',1,'',NULL),('Оранжевая шерсть',35,1,'',0.5,'http://streamcraft.net/uploads/idlist/35.1.png','6,',1,'',NULL),('Сиреневая шерсть',35,2,'',0.5,'http://streamcraft.net/uploads/idlist/35.2.png','1,',1,'',NULL),('Сиреневая шерсть',35,2,'',0.5,'http://streamcraft.net/uploads/idlist/35.2.png','2,',1,'',NULL),('Сиреневая шерсть',35,2,'',0.5,'http://streamcraft.net/uploads/idlist/35.2.png','3,',1,'',NULL),('Сиреневая шерсть',35,2,'',0.5,'http://streamcraft.net/uploads/idlist/35.2.png','5,',1,'',NULL),('Сиреневая шерсть',35,2,'',0.5,'http://streamcraft.net/uploads/idlist/35.2.png','6,',1,'',NULL),('Светло-синяя шерсть',35,3,'',0.5,'http://streamcraft.net/uploads/idlist/35.3.png','1,',1,'',NULL),('Светло-синяя шерсть',35,3,'',0.5,'http://streamcraft.net/uploads/idlist/35.3.png','2,',1,'',NULL),('Светло-синяя шерсть',35,3,'',0.5,'http://streamcraft.net/uploads/idlist/35.3.png','3,',1,'',NULL),('Светло-синяя шерсть',35,3,'',0.5,'http://streamcraft.net/uploads/idlist/35.3.png','5,',1,'',NULL),('Светло-синяя шерсть',35,3,'',0.5,'http://streamcraft.net/uploads/idlist/35.3.png','6,',1,'',NULL),('Жёлтая шерсть',35,4,'',0.5,'http://streamcraft.net/uploads/idlist/35.4.png','1,',1,'',NULL),('Жёлтая шерсть',35,4,'',0.5,'http://streamcraft.net/uploads/idlist/35.4.png','2,',1,'',NULL),('Жёлтая шерсть',35,4,'',0.5,'http://streamcraft.net/uploads/idlist/35.4.png','3,',1,'',NULL),('Жёлтая шерсть',35,4,'',0.5,'http://streamcraft.net/uploads/idlist/35.4.png','5,',1,'',NULL),('Жёлтая шерсть',35,4,'',0.5,'http://streamcraft.net/uploads/idlist/35.4.png','6,',1,'',NULL),('Лаймовая шерсть',35,5,'',0.5,'http://streamcraft.net/uploads/idlist/35.5.png','1,',1,'',NULL),('Лаймовая шерсть',35,5,'',0.5,'http://streamcraft.net/uploads/idlist/35.5.png','2,',1,'',NULL),('Лаймовая шерсть',35,5,'',0.5,'http://streamcraft.net/uploads/idlist/35.5.png','3,',1,'',NULL),('Лаймовая шерсть',35,5,'',0.5,'http://streamcraft.net/uploads/idlist/35.5.png','5,',1,'',NULL),('Лаймовая шерсть',35,5,'',0.5,'http://streamcraft.net/uploads/idlist/35.5.png','6,',1,'',NULL),('Розовая шерсть',35,6,'',0.5,'http://streamcraft.net/uploads/idlist/35.6.png','1,',1,'',NULL),('Розовая шерсть',35,6,'',0.5,'http://streamcraft.net/uploads/idlist/35.6.png','2,',1,'',NULL),('Розовая шерсть',35,6,'',0.5,'http://streamcraft.net/uploads/idlist/35.6.png','3,',1,'',NULL),('Розовая шерсть',35,6,'',0.5,'http://streamcraft.net/uploads/idlist/35.6.png','5,',1,'',NULL),('Розовая шерсть',35,6,'',0.5,'http://streamcraft.net/uploads/idlist/35.6.png','6,',1,'',NULL),('Серая шерсть',35,7,'',0.5,'http://streamcraft.net/uploads/idlist/35.7.png','1,',1,'',NULL),('Серая шерсть',35,7,'',0.5,'http://streamcraft.net/uploads/idlist/35.7.png','2,',1,'',NULL),('Серая шерсть',35,7,'',0.5,'http://streamcraft.net/uploads/idlist/35.7.png','3,',1,'',NULL),('Серая шерсть',35,7,'',0.5,'http://streamcraft.net/uploads/idlist/35.7.png','5,',1,'',NULL),('Серая шерсть',35,7,'',0.5,'http://streamcraft.net/uploads/idlist/35.7.png','6,',1,'',NULL),('Светло-серая шерсть',35,8,'',0.5,'http://streamcraft.net/uploads/idlist/35.8.png','1,',1,'',NULL),('Светло-серая шерсть',35,8,'',0.5,'http://streamcraft.net/uploads/idlist/35.8.png','2,',1,'',NULL),('Светло-серая шерсть',35,8,'',0.5,'http://streamcraft.net/uploads/idlist/35.8.png','3,',1,'',NULL),('Светло-серая шерсть',35,8,'',0.5,'http://streamcraft.net/uploads/idlist/35.8.png','5,',1,'',NULL),('Светло-серая шерсть',35,8,'',0.5,'http://streamcraft.net/uploads/idlist/35.8.png','6,',1,'',NULL),('Бирюзовая шерсть',35,9,'',0.5,'http://streamcraft.net/uploads/idlist/35.9.png','1,',1,'',NULL),('Бирюзовая шерсть',35,9,'',0.5,'http://streamcraft.net/uploads/idlist/35.9.png','2,',1,'',NULL),('Бирюзовая шерсть',35,9,'',0.5,'http://streamcraft.net/uploads/idlist/35.9.png','3,',1,'',NULL),('Бирюзовая шерсть',35,9,'',0.5,'http://streamcraft.net/uploads/idlist/35.9.png','5,',1,'',NULL),('Бирюзовая шерсть',35,9,'',0.5,'http://streamcraft.net/uploads/idlist/35.9.png','6,',1,'',NULL),('Фиолетовая шерсть',35,10,'',0.5,'http://streamcraft.net/uploads/idlist/35.10.png','1,',1,'',NULL),('Фиолетовая шерсть',35,10,'',0.5,'http://streamcraft.net/uploads/idlist/35.10.png','2,',1,'',NULL),('Фиолетовая шерсть',35,10,'',0.5,'http://streamcraft.net/uploads/idlist/35.10.png','3,',1,'',NULL),('Фиолетовая шерсть',35,10,'',0.5,'http://streamcraft.net/uploads/idlist/35.10.png','5,',1,'',NULL),('Фиолетовая шерсть',35,10,'',0.5,'http://streamcraft.net/uploads/idlist/35.10.png','6,',1,'',NULL),('Синяя шерсть',35,11,'',0.5,'http://streamcraft.net/uploads/idlist/35.11.png','1,',1,'',NULL),('Синяя шерсть',35,11,'',0.5,'http://streamcraft.net/uploads/idlist/35.11.png','2,',1,'',NULL),('Синяя шерсть',35,11,'',0.5,'http://streamcraft.net/uploads/idlist/35.11.png','3,',1,'',NULL),('Синяя шерсть',35,11,'',0.5,'http://streamcraft.net/uploads/idlist/35.11.png','5,',1,'',NULL),('Синяя шерсть',35,11,'',0.5,'http://streamcraft.net/uploads/idlist/35.11.png','6,',1,'',NULL),('Коричневая шерсть',35,12,'',0.5,'http://streamcraft.net/uploads/idlist/35.12.png','1,',1,'',NULL),('Коричневая шерсть',35,12,'',0.5,'http://streamcraft.net/uploads/idlist/35.12.png','2,',1,'',NULL),('Коричневая шерсть',35,12,'',0.5,'http://streamcraft.net/uploads/idlist/35.12.png','3,',1,'',NULL),('Коричневая шерсть',35,12,'',0.5,'http://streamcraft.net/uploads/idlist/35.12.png','5,',1,'',NULL),('Коричневая шерсть',35,12,'',0.5,'http://streamcraft.net/uploads/idlist/35.12.png','6,',1,'',NULL),('Зелёная шерсть',35,13,'',0.5,'http://streamcraft.net/uploads/idlist/35.13.png','1,',1,'',NULL),('Зелёная шерсть',35,13,'',0.5,'http://streamcraft.net/uploads/idlist/35.13.png','2,',1,'',NULL),('Зелёная шерсть',35,13,'',0.5,'http://streamcraft.net/uploads/idlist/35.13.png','3,',1,'',NULL),('Зелёная шерсть',35,13,'',0.5,'http://streamcraft.net/uploads/idlist/35.13.png','5,',1,'',NULL),('Зелёная шерсть',35,13,'',0.5,'http://streamcraft.net/uploads/idlist/35.13.png','6,',1,'',NULL),('Красная шерсть',35,14,'',0.5,'http://streamcraft.net/uploads/idlist/35.14.png','1,',1,'',NULL),('Красная шерсть',35,14,'',0.5,'http://streamcraft.net/uploads/idlist/35.14.png','2,',1,'',NULL),('Красная шерсть',35,14,'',0.5,'http://streamcraft.net/uploads/idlist/35.14.png','3,',1,'',NULL),('Красная шерсть',35,14,'',0.5,'http://streamcraft.net/uploads/idlist/35.14.png','5,',1,'',NULL),('Красная шерсть',35,14,'',0.5,'http://streamcraft.net/uploads/idlist/35.14.png','6,',1,'',NULL),('Чёрная шерсть',35,15,'',0.5,'http://streamcraft.net/uploads/idlist/35.15.png','1,',1,'',NULL),('Чёрная шерсть',35,15,'',0.5,'http://streamcraft.net/uploads/idlist/35.15.png','2,',1,'',NULL),('Чёрная шерсть',35,15,'',0.5,'http://streamcraft.net/uploads/idlist/35.15.png','3,',1,'',NULL),('Чёрная шерсть',35,15,'',0.5,'http://streamcraft.net/uploads/idlist/35.15.png','5,',1,'',NULL),('Чёрная шерсть',35,15,'',0.5,'http://streamcraft.net/uploads/idlist/35.15.png','6,',1,'',NULL),('Желтый цветок',37,0,'',0.5,'http://streamcraft.net/uploads/idlist/37.png','1,',4,'',NULL),('Желтый цветок',37,0,'',0.5,'http://streamcraft.net/uploads/idlist/37.png','2,',4,'',NULL),('Желтый цветок',37,0,'',0.5,'http://streamcraft.net/uploads/idlist/37.png','3,',4,'',NULL),('Желтый цветок',37,0,'',0.5,'http://streamcraft.net/uploads/idlist/37.png','5,',4,'',NULL),('Желтый цветок',37,0,'',0.5,'http://streamcraft.net/uploads/idlist/37.png','6,',4,'',NULL),('Красный цветок',38,0,'',0.5,'http://streamcraft.net/uploads/idlist/38.png','1,',4,'',NULL),('Красный цветок',38,0,'',0.5,'http://streamcraft.net/uploads/idlist/38.png','2,',4,'',NULL),('Красный цветок',38,0,'',0.5,'http://streamcraft.net/uploads/idlist/38.png','3,',4,'',NULL),('Красный цветок',38,0,'',0.5,'http://streamcraft.net/uploads/idlist/38.png','5,',4,'',NULL),('Красный цветок',38,0,'',0.5,'http://streamcraft.net/uploads/idlist/38.png','6,',4,'',NULL),('Коричневый гриб',39,0,'',0.6,'http://streamcraft.net/uploads/idlist/39.png','1,',4,'',NULL),('Коричневый гриб',39,0,'',0.6,'http://streamcraft.net/uploads/idlist/39.png','2,',4,'',NULL),('Коричневый гриб',39,0,'',0.6,'http://streamcraft.net/uploads/idlist/39.png','3,',4,'',NULL),('Коричневый гриб',39,0,'',0.6,'http://streamcraft.net/uploads/idlist/39.png','5,',4,'',NULL),('Коричневый гриб',39,0,'',0.6,'http://streamcraft.net/uploads/idlist/39.png','6,',4,'',NULL),('Красный гриб',40,0,'',0.6,'http://streamcraft.net/uploads/idlist/40.png','1,',4,'',NULL),('Красный гриб',40,0,'',0.6,'http://streamcraft.net/uploads/idlist/40.png','2,',4,'',NULL),('Красный гриб',40,0,'',0.6,'http://streamcraft.net/uploads/idlist/40.png','3,',4,'',NULL),('Красный гриб',40,0,'',0.6,'http://streamcraft.net/uploads/idlist/40.png','5,',4,'',NULL),('Красный гриб',40,0,'',0.6,'http://streamcraft.net/uploads/idlist/40.png','6,',4,'',NULL),('Золотой блок',41,0,'',18,'http://streamcraft.net/uploads/idlist/41.png','1,',1,'',NULL),('Золотой блок',41,0,'',18,'http://streamcraft.net/uploads/idlist/41.png','2,',1,'',NULL),('Золотой блок',41,0,'',18,'http://streamcraft.net/uploads/idlist/41.png','3,',1,'',NULL),('Золотой блок',41,0,'',18,'http://streamcraft.net/uploads/idlist/41.png','5,',1,'',NULL),('Золотой блок',41,0,'',18,'http://streamcraft.net/uploads/idlist/41.png','6,',1,'',NULL),('Железный блок',42,0,'',9,'http://streamcraft.net/uploads/idlist/42.png','1,',1,'',NULL),('Железный блок',42,0,'',9,'http://streamcraft.net/uploads/idlist/42.png','2,',1,'',NULL),('Железный блок',42,0,'',9,'http://streamcraft.net/uploads/idlist/42.png','3,',1,'',NULL),('Железный блок',42,0,'',9,'http://streamcraft.net/uploads/idlist/42.png','5,',1,'',NULL),('Железный блок',42,0,'',9,'http://streamcraft.net/uploads/idlist/42.png','6,',1,'',NULL),('Кирпич',45,0,'',0.8,'http://streamcraft.net/uploads/idlist/45.png','1,',1,'',NULL),('Кирпич',45,0,'',0.8,'http://streamcraft.net/uploads/idlist/45.png','2,',1,'',NULL),('Кирпич',45,0,'',0.8,'http://streamcraft.net/uploads/idlist/45.png','3,',1,'',NULL),('Кирпич',45,0,'',0.8,'http://streamcraft.net/uploads/idlist/45.png','5,',1,'',NULL),('Кирпич',45,0,'',0.8,'http://streamcraft.net/uploads/idlist/45.png','6,',1,'',NULL),('Динамит',46,0,'',0.5,'http://streamcraft.net/uploads/idlist/46.png','1,',1,'',NULL),('Динамит',46,0,'',0.5,'http://streamcraft.net/uploads/idlist/46.png','2,',1,'',NULL),('Динамит',46,0,'',0.5,'http://streamcraft.net/uploads/idlist/46.png','3,',1,'',NULL),('Динамит',46,0,'',0.5,'http://streamcraft.net/uploads/idlist/46.png','5,',1,'',NULL),('Динамит',46,0,'',0.5,'http://streamcraft.net/uploads/idlist/46.png','6,',1,'',NULL),('Книжные полки',47,0,'',1,'http://streamcraft.net/uploads/idlist/47.png','1,',1,'',NULL),('Книжные полки',47,0,'',1,'http://streamcraft.net/uploads/idlist/47.png','2,',1,'',NULL),('Книжные полки',47,0,'',1,'http://streamcraft.net/uploads/idlist/47.png','3,',1,'',NULL),('Книжные полки',47,0,'',1,'http://streamcraft.net/uploads/idlist/47.png','5,',1,'',NULL),('Книжные полки',47,0,'',1,'http://streamcraft.net/uploads/idlist/47.png','6,',1,'',NULL),('Замшелый камень',48,0,'',0.9,'http://streamcraft.net/uploads/idlist/48.png','1,',1,'',NULL),('Замшелый камень',48,0,'',0.9,'http://streamcraft.net/uploads/idlist/48.png','2,',1,'',NULL),('Замшелый камень',48,0,'',0.9,'http://streamcraft.net/uploads/idlist/48.png','3,',1,'',NULL),('Замшелый камень',48,0,'',0.9,'http://streamcraft.net/uploads/idlist/48.png','5,',1,'',NULL),('Замшелый камень',48,0,'',0.9,'http://streamcraft.net/uploads/idlist/48.png','6,',1,'',NULL),('Обсидиан',49,0,'',2,'http://streamcraft.net/uploads/idlist/49.png','1,',1,'',NULL),('Обсидиан',49,0,'',2,'http://streamcraft.net/uploads/idlist/49.png','2,',1,'',NULL),('Обсидиан',49,0,'',2,'http://streamcraft.net/uploads/idlist/49.png','3,',1,'',NULL),('Обсидиан',49,0,'',2,'http://streamcraft.net/uploads/idlist/49.png','5,',1,'',NULL),('Обсидиан',49,0,'',2,'http://streamcraft.net/uploads/idlist/49.png','6,',1,'',NULL),('Факел',50,0,'',0.3,'http://streamcraft.net/uploads/idlist/50.png','1,',4,'',NULL),('Факел',50,0,'',0.3,'http://streamcraft.net/uploads/idlist/50.png','2,',4,'',NULL),('Факел',50,0,'',0.3,'http://streamcraft.net/uploads/idlist/50.png','3,',4,'',NULL),('Факел',50,0,'',0.3,'http://streamcraft.net/uploads/idlist/50.png','5,',4,'',NULL),('Факел',50,0,'',0.3,'http://streamcraft.net/uploads/idlist/50.png','6,',4,'',NULL),('Сундук',54,0,'',0.5,'http://streamcraft.net/uploads/idlist/54.png','1,',4,'',NULL),('Сундук',54,0,'',0.5,'http://streamcraft.net/uploads/idlist/54.png','2,',4,'',NULL),('Сундук',54,0,'',0.5,'http://streamcraft.net/uploads/idlist/54.png','3,',4,'',NULL),('Сундук',54,0,'',0.5,'http://streamcraft.net/uploads/idlist/54.png','5,',4,'',NULL),('Сундук',54,0,'',0.5,'http://streamcraft.net/uploads/idlist/54.png','6,',4,'',NULL),('Алмазная руда',56,0,'',3,'http://streamcraft.net/uploads/idlist/56.png','1,',4,'',NULL),('Алмазная руда',56,0,'',3,'http://streamcraft.net/uploads/idlist/56.png','2,',4,'',NULL),('Алмазная руда',56,0,'',3,'http://streamcraft.net/uploads/idlist/56.png','3,',4,'',NULL),('Алмазная руда',56,0,'',3,'http://streamcraft.net/uploads/idlist/56.png','5,',4,'',NULL),('Алмазная руда',56,0,'',3,'http://streamcraft.net/uploads/idlist/56.png','6,',4,'',NULL),('Алмазный блок',57,0,'',27,'http://streamcraft.net/uploads/idlist/57.png','1,',1,'',NULL),('Алмазный блок',57,0,'',27,'http://streamcraft.net/uploads/idlist/57.png','2,',1,'',NULL),('Алмазный блок',57,0,'',27,'http://streamcraft.net/uploads/idlist/57.png','3,',1,'',NULL),('Алмазный блок',57,0,'',27,'http://streamcraft.net/uploads/idlist/57.png','5,',1,'',NULL),('Алмазный блок',57,0,'',27,'http://streamcraft.net/uploads/idlist/57.png','6,',1,'',NULL),('Верстак',58,0,'',0.1,'http://streamcraft.net/uploads/idlist/58.png','1,',4,'',NULL),('Верстак',58,0,'',0.1,'http://streamcraft.net/uploads/idlist/58.png','2,',4,'',NULL),('Верстак',58,0,'',0.1,'http://streamcraft.net/uploads/idlist/58.png','3,',4,'',NULL),('Верстак',58,0,'',0.1,'http://streamcraft.net/uploads/idlist/58.png','5,',4,'',NULL),('Верстак',58,0,'',0.1,'http://streamcraft.net/uploads/idlist/58.png','6,',4,'',NULL),('Печка',61,0,'',0.4,'http://streamcraft.net/uploads/idlist/61.png','1,',4,'',NULL),('Печка',61,0,'',0.4,'http://streamcraft.net/uploads/idlist/61.png','2,',4,'',NULL),('Печка',61,0,'',0.4,'http://streamcraft.net/uploads/idlist/61.png','3,',4,'',NULL),('Печка',61,0,'',0.4,'http://streamcraft.net/uploads/idlist/61.png','5,',4,'',NULL),('Печка',61,0,'',0.4,'http://streamcraft.net/uploads/idlist/61.png','6,',4,'',NULL),('Лестница',65,0,'',0.3,'http://streamcraft.net/uploads/idlist/65.png','1,',4,'',NULL),('Лестница',65,0,'',0.3,'http://streamcraft.net/uploads/idlist/65.png','2,',4,'',NULL),('Лестница',65,0,'',0.3,'http://streamcraft.net/uploads/idlist/65.png','3,',4,'',NULL),('Лестница',65,0,'',0.3,'http://streamcraft.net/uploads/idlist/65.png','5,',4,'',NULL),('Лестница',65,0,'',0.3,'http://streamcraft.net/uploads/idlist/65.png','6,',4,'',NULL),('Рельсы',66,0,'',0.8,'http://streamcraft.net/uploads/idlist/66.png','1,',4,'',NULL),('Рельсы',66,0,'',0.8,'http://streamcraft.net/uploads/idlist/66.png','2,',4,'',NULL),('Рельсы',66,0,'',0.8,'http://streamcraft.net/uploads/idlist/66.png','3,',4,'',NULL),('Рельсы',66,0,'',0.8,'http://streamcraft.net/uploads/idlist/66.png','5,',4,'',NULL),('Рельсы',66,0,'',0.8,'http://streamcraft.net/uploads/idlist/66.png','6,',4,'',NULL),('Рычаг',69,0,'',0.7,'http://streamcraft.net/uploads/idlist/69.png','1,',4,'',NULL),('Рычаг',69,0,'',0.7,'http://streamcraft.net/uploads/idlist/69.png','2,',4,'',NULL),('Рычаг',69,0,'',0.7,'http://streamcraft.net/uploads/idlist/69.png','3,',4,'',NULL),('Рычаг',69,0,'',0.7,'http://streamcraft.net/uploads/idlist/69.png','5,',4,'',NULL),('Рычаг',69,0,'',0.7,'http://streamcraft.net/uploads/idlist/69.png','6,',4,'',NULL),('Каменная пластина',70,0,'',0.5,'http://streamcraft.net/uploads/idlist/70.png','1,',4,'',NULL),('Каменная пластина',70,0,'',0.5,'http://streamcraft.net/uploads/idlist/70.png','2,',4,'',NULL),('Каменная пластина',70,0,'',0.5,'http://streamcraft.net/uploads/idlist/70.png','3,',4,'',NULL),('Каменная пластина',70,0,'',0.5,'http://streamcraft.net/uploads/idlist/70.png','5,',4,'',NULL),('Каменная пластина',70,0,'',0.5,'http://streamcraft.net/uploads/idlist/70.png','6,',4,'',NULL),('Деревянная пластина',72,0,'',0.2,'http://streamcraft.net/uploads/idlist/72.png','1,',4,'',NULL),('Деревянная пластина',72,0,'',0.2,'http://streamcraft.net/uploads/idlist/72.png','2,',4,'',NULL),('Деревянная пластина',72,0,'',0.2,'http://streamcraft.net/uploads/idlist/72.png','3,',4,'',NULL),('Деревянная пластина',72,0,'',0.2,'http://streamcraft.net/uploads/idlist/72.png','5,',4,'',NULL),('Деревянная пластина',72,0,'',0.2,'http://streamcraft.net/uploads/idlist/72.png','6,',4,'',NULL),('Редстоун факел',76,0,'',0.6,'http://streamcraft.net/uploads/idlist/76.png','1,',4,'',NULL),('Редстоун факел',76,0,'',0.6,'http://streamcraft.net/uploads/idlist/76.png','2,',4,'',NULL),('Редстоун факел',76,0,'',0.6,'http://streamcraft.net/uploads/idlist/76.png','3,',4,'',NULL),('Редстоун факел',76,0,'',0.6,'http://streamcraft.net/uploads/idlist/76.png','5,',4,'',NULL),('Редстоун факел',76,0,'',0.6,'http://streamcraft.net/uploads/idlist/76.png','6,',4,'',NULL),('Кнопка',77,0,'',0.3,'http://streamcraft.net/uploads/idlist/77.png','1,',4,'',NULL),('Кнопка',77,0,'',0.3,'http://streamcraft.net/uploads/idlist/77.png','2,',4,'',NULL),('Кнопка',77,0,'',0.3,'http://streamcraft.net/uploads/idlist/77.png','3,',4,'',NULL),('Кнопка',77,0,'',0.3,'http://streamcraft.net/uploads/idlist/77.png','5,',4,'',NULL),('Кнопка',77,0,'',0.3,'http://streamcraft.net/uploads/idlist/77.png','6,',4,'',NULL),('Лёд',79,0,'',4,'http://streamcraft.net/uploads/idlist/79.png','1,',1,'',NULL),('Лёд',79,0,'',4,'http://streamcraft.net/uploads/idlist/79.png','2,',1,'',NULL),('Лёд',79,0,'',4,'http://streamcraft.net/uploads/idlist/79.png','3,',1,'',NULL),('Лёд',79,0,'',4,'http://streamcraft.net/uploads/idlist/79.png','5,',1,'',NULL),('Лёд',79,0,'',4,'http://streamcraft.net/uploads/idlist/79.png','6,',1,'',NULL),('Снежный блок',80,0,'',0.9,'http://streamcraft.net/uploads/idlist/80.png','1,',1,'',NULL),('Снежный блок',80,0,'',0.9,'http://streamcraft.net/uploads/idlist/80.png','2,',1,'',NULL),('Снежный блок',80,0,'',0.9,'http://streamcraft.net/uploads/idlist/80.png','3,',1,'',NULL),('Снежный блок',80,0,'',0.9,'http://streamcraft.net/uploads/idlist/80.png','5,',1,'',NULL),('Снежный блок',80,0,'',0.9,'http://streamcraft.net/uploads/idlist/80.png','6,',1,'',NULL),('Кактус',81,0,'',0.5,'http://streamcraft.net/uploads/idlist/81.png','1,',1,'',NULL),('Кактус',81,0,'',0.5,'http://streamcraft.net/uploads/idlist/81.png','2,',1,'',NULL),('Кактус',81,0,'',0.5,'http://streamcraft.net/uploads/idlist/81.png','3,',1,'',NULL),('Кактус',81,0,'',0.5,'http://streamcraft.net/uploads/idlist/81.png','5,',1,'',NULL),('Кактус',81,0,'',0.5,'http://streamcraft.net/uploads/idlist/81.png','6,',1,'',NULL),('Глиняный блок',82,0,'',0.7,'http://streamcraft.net/uploads/idlist/82.png','1,',1,'',NULL),('Глиняный блок',82,0,'',0.7,'http://streamcraft.net/uploads/idlist/82.png','2,',1,'',NULL),('Глиняный блок',82,0,'',0.7,'http://streamcraft.net/uploads/idlist/82.png','3,',1,'',NULL),('Глиняный блок',82,0,'',0.7,'http://streamcraft.net/uploads/idlist/82.png','5,',1,'',NULL),('Глиняный блок',82,0,'',0.7,'http://streamcraft.net/uploads/idlist/82.png','6,',1,'',NULL),('Проигрыватель',84,0,'',0.9,'http://streamcraft.net/uploads/idlist/84.png','1,',1,'',NULL),('Проигрыватель',84,0,'',0.9,'http://streamcraft.net/uploads/idlist/84.png','2,',1,'',NULL),('Проигрыватель',84,0,'',0.9,'http://streamcraft.net/uploads/idlist/84.png','3,',1,'',NULL),('Проигрыватель',84,0,'',0.9,'http://streamcraft.net/uploads/idlist/84.png','5,',1,'',NULL),('Проигрыватель',84,0,'',0.9,'http://streamcraft.net/uploads/idlist/84.png','6,',1,'',NULL),('Тыква',86,0,'',0.9,'http://streamcraft.net/uploads/idlist/86.png','1,',1,'',NULL),('Тыква',86,0,'',0.9,'http://streamcraft.net/uploads/idlist/86.png','2,',1,'',NULL),('Тыква',86,0,'',0.9,'http://streamcraft.net/uploads/idlist/86.png','3,',1,'',NULL),('Тыква',86,0,'',0.9,'http://streamcraft.net/uploads/idlist/86.png','5,',1,'',NULL),('Тыква',86,0,'',0.9,'http://streamcraft.net/uploads/idlist/86.png','6,',1,'',NULL),('Адский камень',87,0,'',0.6,'http://streamcraft.net/uploads/idlist/87.png','1,',1,'',NULL),('Адский камень',87,0,'',0.6,'http://streamcraft.net/uploads/idlist/87.png','2,',1,'',NULL),('Адский камень',87,0,'',0.6,'http://streamcraft.net/uploads/idlist/87.png','3,',1,'',NULL),('Адский камень',87,0,'',0.6,'http://streamcraft.net/uploads/idlist/87.png','5,',1,'',NULL),('Адский камень',87,0,'',0.6,'http://streamcraft.net/uploads/idlist/87.png','6,',1,'',NULL),('Песок душ',88,0,'',0.8,'http://streamcraft.net/uploads/idlist/88.png','1,',1,'',NULL),('Песок душ',88,0,'',0.8,'http://streamcraft.net/uploads/idlist/88.png','2,',1,'',NULL),('Песок душ',88,0,'',0.8,'http://streamcraft.net/uploads/idlist/88.png','3,',1,'',NULL),('Песок душ',88,0,'',0.8,'http://streamcraft.net/uploads/idlist/88.png','5,',1,'',NULL),('Песок душ',88,0,'',0.8,'http://streamcraft.net/uploads/idlist/88.png','6,',1,'',NULL),('Светящийся камень',89,0,'',0.9,'http://streamcraft.net/uploads/idlist/89.png','1,',1,'',NULL),('Светящийся камень',89,0,'',0.9,'http://streamcraft.net/uploads/idlist/89.png','2,',1,'',NULL),('Светящийся камень',89,0,'',0.9,'http://streamcraft.net/uploads/idlist/89.png','3,',1,'',NULL),('Светящийся камень',89,0,'',0.9,'http://streamcraft.net/uploads/idlist/89.png','5,',1,'',NULL),('Светящийся камень',89,0,'',0.9,'http://streamcraft.net/uploads/idlist/89.png','6,',1,'',NULL),('Каменный кирпич',98,0,'',0.9,'http://streamcraft.net/uploads/idlist/98.png','1,',1,'',NULL),('Каменный кирпич',98,0,'',0.9,'http://streamcraft.net/uploads/idlist/98.png','2,',1,'',NULL),('Каменный кирпич',98,0,'',0.9,'http://streamcraft.net/uploads/idlist/98.png','3,',1,'',NULL),('Каменный кирпич',98,0,'',0.9,'http://streamcraft.net/uploads/idlist/98.png','5,',1,'',NULL),('Каменный кирпич',98,0,'',0.9,'http://streamcraft.net/uploads/idlist/98.png','6,',1,'',NULL),('Замшелый кирпич',98,1,'',0.9,'http://streamcraft.net/uploads/idlist/98.1.png','1,',1,'',NULL),('Замшелый кирпич',98,1,'',0.9,'http://streamcraft.net/uploads/idlist/98.1.png','2,',1,'',NULL),('Замшелый кирпич',98,1,'',0.9,'http://streamcraft.net/uploads/idlist/98.1.png','3,',1,'',NULL),('Замшелый кирпич',98,1,'',0.9,'http://streamcraft.net/uploads/idlist/98.1.png','5,',1,'',NULL),('Замшелый кирпич',98,1,'',0.9,'http://streamcraft.net/uploads/idlist/98.1.png','6,',1,'',NULL),('Треснувший кирпич',98,2,'',0.9,'http://streamcraft.net/uploads/idlist/98.2.png','1,',1,'',NULL),('Треснувший кирпич',98,2,'',0.9,'http://streamcraft.net/uploads/idlist/98.2.png','2,',1,'',NULL),('Треснувший кирпич',98,2,'',0.9,'http://streamcraft.net/uploads/idlist/98.2.png','3,',1,'',NULL),('Треснувший кирпич',98,2,'',0.9,'http://streamcraft.net/uploads/idlist/98.2.png','5,',1,'',NULL),('Треснувший кирпич',98,2,'',0.9,'http://streamcraft.net/uploads/idlist/98.2.png','6,',1,'',NULL),('Декоративный кирпич',98,3,'',1.2,'http://streamcraft.net/uploads/idlist/98.3.png','1,',1,'',NULL),('Декоративный кирпич',98,3,'',1.2,'http://streamcraft.net/uploads/idlist/98.3.png','2,',1,'',NULL),('Декоративный кирпич',98,3,'',1.2,'http://streamcraft.net/uploads/idlist/98.3.png','3,',1,'',NULL),('Декоративный кирпич',98,3,'',1.2,'http://streamcraft.net/uploads/idlist/98.3.png','5,',1,'',NULL),('Декоративный кирпич',98,3,'',1.2,'http://streamcraft.net/uploads/idlist/98.3.png','6,',1,'',NULL),('Арбуз',103,0,'',1.5,'http://streamcraft.net/uploads/idlist/103.png','1,',1,'',NULL),('Арбуз',103,0,'',1.5,'http://streamcraft.net/uploads/idlist/103.png','2,',1,'',NULL),('Арбуз',103,0,'',1.5,'http://streamcraft.net/uploads/idlist/103.png','3,',1,'',NULL),('Арбуз',103,0,'',1.5,'http://streamcraft.net/uploads/idlist/103.png','5,',1,'',NULL),('Арбуз',103,0,'',1.5,'http://streamcraft.net/uploads/idlist/103.png','6,',1,'',NULL),('Мицелий',110,0,'',0.8,'http://streamcraft.net/uploads/idlist/110.png','1,',1,'',NULL),('Мицелий',110,0,'',0.8,'http://streamcraft.net/uploads/idlist/110.png','2,',1,'',NULL),('Мицелий',110,0,'',0.8,'http://streamcraft.net/uploads/idlist/110.png','3,',1,'',NULL),('Мицелий',110,0,'',0.8,'http://streamcraft.net/uploads/idlist/110.png','5,',1,'',NULL),('Мицелий',110,0,'',0.8,'http://streamcraft.net/uploads/idlist/110.png','6,',1,'',NULL),('Адский кирпич',112,0,'',1.2,'http://streamcraft.net/uploads/idlist/112.png','1,',1,'',NULL),('Адский кирпич',112,0,'',1.2,'http://streamcraft.net/uploads/idlist/112.png','2,',1,'',NULL),('Адский кирпич',112,0,'',1.2,'http://streamcraft.net/uploads/idlist/112.png','3,',1,'',NULL),('Адский кирпич',112,0,'',1.2,'http://streamcraft.net/uploads/idlist/112.png','5,',1,'',NULL),('Адский кирпич',112,0,'',1.2,'http://streamcraft.net/uploads/idlist/112.png','6,',1,'',NULL),('Стол зачарований',116,0,'',25,'http://streamcraft.net/uploads/idlist/116.png','1,',4,'',NULL),('Стол зачарований',116,0,'',25,'http://streamcraft.net/uploads/idlist/116.png','2,',4,'',NULL),('Стол зачарований',116,0,'',25,'http://streamcraft.net/uploads/idlist/116.png','3,',4,'',NULL),('Стол зачарований',116,0,'',25,'http://streamcraft.net/uploads/idlist/116.png','5,',4,'',NULL),('Стол зачарований',116,0,'',25,'http://streamcraft.net/uploads/idlist/116.png','6,',4,'',NULL),('Камень края',121,0,'',1.1,'http://streamcraft.net/uploads/idlist/121.png','1,',1,'',NULL),('Камень края',121,0,'',1.1,'http://streamcraft.net/uploads/idlist/121.png','2,',1,'',NULL),('Камень края',121,0,'',1.1,'http://streamcraft.net/uploads/idlist/121.png','3,',1,'',NULL),('Камень края',121,0,'',1.1,'http://streamcraft.net/uploads/idlist/121.png','5,',1,'',NULL),('Камень края',121,0,'',1.1,'http://streamcraft.net/uploads/idlist/121.png','6,',1,'',NULL),('Яйцо дракона',122,0,'',50,'http://streamcraft.net/uploads/idlist/122.png','1,',4,'',NULL),('Яйцо дракона',122,0,'',50,'http://streamcraft.net/uploads/idlist/122.png','2,',4,'',NULL),('Яйцо дракона',122,0,'',50,'http://streamcraft.net/uploads/idlist/122.png','3,',4,'',NULL),('Яйцо дракона',122,0,'',50,'http://streamcraft.net/uploads/idlist/122.png','5,',4,'',NULL),('Яйцо дракона',122,0,'',50,'http://streamcraft.net/uploads/idlist/122.png','6,',4,'',NULL),('Лампа',124,0,'',1.5,'http://streamcraft.net/uploads/idlist/124.png','1,',1,'',NULL),('Лампа',124,0,'',1.5,'http://streamcraft.net/uploads/idlist/124.png','2,',1,'',NULL),('Лампа',124,0,'',1.5,'http://streamcraft.net/uploads/idlist/124.png','3,',1,'',NULL),('Лампа',124,0,'',1.5,'http://streamcraft.net/uploads/idlist/124.png','5,',1,'',NULL),('Лампа',124,0,'',1.5,'http://streamcraft.net/uploads/idlist/124.png','6,',1,'',NULL),('Изумрудная руда',129,0,'',4,'http://streamcraft.net/uploads/idlist/129.png','1,',1,'',NULL),('Изумрудная руда',129,0,'',4,'http://streamcraft.net/uploads/idlist/129.png','2,',1,'',NULL),('Изумрудная руда',129,0,'',4,'http://streamcraft.net/uploads/idlist/129.png','3,',1,'',NULL),('Изумрудная руда',129,0,'',4,'http://streamcraft.net/uploads/idlist/129.png','5,',1,'',NULL),('Изумрудная руда',129,0,'',4,'http://streamcraft.net/uploads/idlist/129.png','6,',1,'',NULL),('Энедр сундук',130,0,'',30,'http://streamcraft.net/uploads/idlist/130.png','1,',4,'',NULL),('Энедр сундук',130,0,'',30,'http://streamcraft.net/uploads/idlist/130.png','2,',4,'',NULL),('Энедр сундук',130,0,'',30,'http://streamcraft.net/uploads/idlist/130.png','3,',4,'',NULL),('Энедр сундук',130,0,'',30,'http://streamcraft.net/uploads/idlist/130.png','5,',4,'',NULL),('Энедр сундук',130,0,'',30,'http://streamcraft.net/uploads/idlist/130.png','6,',4,'',NULL),('Изумрудный блок',133,0,'',36,'http://streamcraft.net/uploads/idlist/133.png','1,',1,'',NULL),('Изумрудный блок',133,0,'',36,'http://streamcraft.net/uploads/idlist/133.png','2,',1,'',NULL),('Изумрудный блок',133,0,'',36,'http://streamcraft.net/uploads/idlist/133.png','3,',1,'',NULL),('Изумрудный блок',133,0,'',36,'http://streamcraft.net/uploads/idlist/133.png','5,',1,'',NULL),('Изумрудный блок',133,0,'',36,'http://streamcraft.net/uploads/idlist/133.png','6,',1,'',NULL),('Маяк',138,0,'',50,'http://streamcraft.net/uploads/idlist/138.png','1,',4,'',NULL),('Маяк',138,0,'',50,'http://streamcraft.net/uploads/idlist/138.png','2,',4,'',NULL),('Маяк',138,0,'',50,'http://streamcraft.net/uploads/idlist/138.png','3,',4,'',NULL),('Маяк',138,0,'',50,'http://streamcraft.net/uploads/idlist/138.png','5,',4,'',NULL),('Маяк',138,0,'',50,'http://streamcraft.net/uploads/idlist/138.png','6,',4,'',NULL),('Наковальня',145,0,'',10,'http://streamcraft.net/uploads/idlist/145.png','1,',4,'',NULL),('Наковальня',145,0,'',10,'http://streamcraft.net/uploads/idlist/145.png','2,',4,'',NULL),('Наковальня',145,0,'',10,'http://streamcraft.net/uploads/idlist/145.png','3,',4,'',NULL),('Наковальня',145,0,'',10,'http://streamcraft.net/uploads/idlist/145.png','5,',4,'',NULL),('Наковальня',145,0,'',10,'http://streamcraft.net/uploads/idlist/145.png','6,',4,'',NULL),('Железная лопата',256,0,'',1,'http://streamcraft.net/uploads/idlist/256.png','1,',3,'',NULL),('Железная лопата',256,0,'',1,'http://streamcraft.net/uploads/idlist/256.png','2,',3,'',NULL),('Железная лопата',256,0,'',1,'http://streamcraft.net/uploads/idlist/256.png','3,',3,'',NULL),('Железная лопата',256,0,'',1,'http://streamcraft.net/uploads/idlist/256.png','5,',3,'',NULL),('Железная лопата',256,0,'',1,'http://streamcraft.net/uploads/idlist/256.png','6,',3,'',NULL),('Железная кирка',257,0,'',1.2,'http://streamcraft.net/uploads/idlist/257.png','1,',3,'',NULL),('Железная кирка',257,0,'',1.2,'http://streamcraft.net/uploads/idlist/257.png','2,',3,'',NULL),('Железная кирка',257,0,'',1.2,'http://streamcraft.net/uploads/idlist/257.png','3,',3,'',NULL),('Железная кирка',257,0,'',1.2,'http://streamcraft.net/uploads/idlist/257.png','5,',3,'',NULL),('Железная кирка',257,0,'',1.2,'http://streamcraft.net/uploads/idlist/257.png','6,',3,'',NULL),('Железный топор',258,0,'',0.9,'http://streamcraft.net/uploads/idlist/258.png','1,',3,'',NULL),('Железный топор',258,0,'',0.9,'http://streamcraft.net/uploads/idlist/258.png','2,',3,'',NULL),('Железный топор',258,0,'',0.9,'http://streamcraft.net/uploads/idlist/258.png','3,',3,'',NULL),('Железный топор',258,0,'',0.9,'http://streamcraft.net/uploads/idlist/258.png','5,',3,'',NULL),('Железный топор',258,0,'',0.9,'http://streamcraft.net/uploads/idlist/258.png','6,',3,'',NULL),('Огнево',259,0,'',1,'http://streamcraft.net/uploads/idlist/259.png','1,',3,'',NULL),('Огнево',259,0,'',1,'http://streamcraft.net/uploads/idlist/259.png','2,',3,'',NULL),('Огнево',259,0,'',1,'http://streamcraft.net/uploads/idlist/259.png','3,',3,'',NULL),('Огнево',259,0,'',1,'http://streamcraft.net/uploads/idlist/259.png','5,',3,'',NULL),('Огнево',259,0,'',1,'http://streamcraft.net/uploads/idlist/259.png','6,',3,'',NULL),('Яблоко',260,0,'',0.2,'http://streamcraft.net/uploads/idlist/260.png','1,',4,'',NULL),('Яблоко',260,0,'',0.2,'http://streamcraft.net/uploads/idlist/260.png','2,',4,'',NULL),('Яблоко',260,0,'',0.2,'http://streamcraft.net/uploads/idlist/260.png','3,',4,'',NULL),('Яблоко',260,0,'',0.2,'http://streamcraft.net/uploads/idlist/260.png','5,',4,'',NULL),('Яблоко',260,0,'',0.2,'http://streamcraft.net/uploads/idlist/260.png','6,',4,'',NULL),('Лук',261,0,'',1.3,'http://streamcraft.net/uploads/idlist/261.png','1,',3,'',NULL),('Лук',261,0,'',1.3,'http://streamcraft.net/uploads/idlist/261.png','2,',3,'',NULL),('Лук',261,0,'',1.3,'http://streamcraft.net/uploads/idlist/261.png','3,',3,'',NULL),('Лук',261,0,'',1.3,'http://streamcraft.net/uploads/idlist/261.png','5,',3,'',NULL),('Лук',261,0,'',1.3,'http://streamcraft.net/uploads/idlist/261.png','6,',3,'',NULL),('Стрелы',262,0,'',0.3,'http://streamcraft.net/uploads/idlist/262.png','1,',3,'',NULL),('Стрелы',262,0,'',0.3,'http://streamcraft.net/uploads/idlist/262.png','2,',3,'',NULL),('Стрелы',262,0,'',0.3,'http://streamcraft.net/uploads/idlist/262.png','3,',3,'',NULL),('Стрелы',262,0,'',0.3,'http://streamcraft.net/uploads/idlist/262.png','5,',3,'',NULL),('Стрелы',262,0,'',0.3,'http://streamcraft.net/uploads/idlist/262.png','6,',3,'',NULL),('Уголь',263,0,'',0.5,'http://streamcraft.net/uploads/idlist/263.png','1,',4,'',NULL),('Уголь',263,0,'',0.5,'http://streamcraft.net/uploads/idlist/263.png','2,',4,'',NULL),('Уголь',263,0,'',0.5,'http://streamcraft.net/uploads/idlist/263.png','3,',4,'',NULL),('Уголь',263,0,'',0.5,'http://streamcraft.net/uploads/idlist/263.png','5,',4,'',NULL),('Уголь',263,0,'',0.5,'http://streamcraft.net/uploads/idlist/263.png','6,',4,'',NULL),('Железо',265,0,'',1,'http://streamcraft.net/uploads/idlist/265.png','1,',4,'',NULL),('Железо',265,0,'',1,'http://streamcraft.net/uploads/idlist/265.png','2,',4,'',NULL),('Железо',265,0,'',1,'http://streamcraft.net/uploads/idlist/265.png','3,',4,'',NULL),('Железо',265,0,'',1,'http://streamcraft.net/uploads/idlist/265.png','5,',4,'',NULL),('Железо',265,0,'',1,'http://streamcraft.net/uploads/idlist/265.png','6,',4,'',NULL),('Алмаз',264,0,'',3,'http://streamcraft.net/uploads/idlist/264.png','1,',4,'',NULL),('Алмаз',264,0,'',3,'http://streamcraft.net/uploads/idlist/264.png','2,',4,'',NULL),('Алмаз',264,0,'',3,'http://streamcraft.net/uploads/idlist/264.png','3,',4,'',NULL),('Алмаз',264,0,'',3,'http://streamcraft.net/uploads/idlist/264.png','5,',4,'',NULL),('Алмаз',264,0,'',3,'http://streamcraft.net/uploads/idlist/264.png','6,',4,'',NULL),('Золото',266,0,'',2,'http://streamcraft.net/uploads/idlist/266.png','1,',4,'',NULL),('Золото',266,0,'',2,'http://streamcraft.net/uploads/idlist/266.png','2,',4,'',NULL),('Золото',266,0,'',2,'http://streamcraft.net/uploads/idlist/266.png','3,',4,'',NULL),('Золото',266,0,'',2,'http://streamcraft.net/uploads/idlist/266.png','5,',4,'',NULL),('Золото',266,0,'',2,'http://streamcraft.net/uploads/idlist/266.png','6,',4,'',NULL),('Железный меч',267,0,'',0.8,'http://streamcraft.net/uploads/idlist/267.png','1,',3,'',NULL),('Железный меч',267,0,'',0.8,'http://streamcraft.net/uploads/idlist/267.png','2,',3,'',NULL),('Железный меч',267,0,'',0.8,'http://streamcraft.net/uploads/idlist/267.png','3,',3,'',NULL),('Железный меч',267,0,'',0.8,'http://streamcraft.net/uploads/idlist/267.png','5,',3,'',NULL),('Железный меч',267,0,'',0.8,'http://streamcraft.net/uploads/idlist/267.png','6,',3,'',NULL),('Алмазный меч',276,0,'',8,'http://streamcraft.net/uploads/idlist/276.png','1,',3,'',NULL),('Алмазный меч',276,0,'',8,'http://streamcraft.net/uploads/idlist/276.png','2,',3,'',NULL),('Алмазный меч',276,0,'',8,'http://streamcraft.net/uploads/idlist/276.png','3,',3,'',NULL),('Алмазный меч',276,0,'',8,'http://streamcraft.net/uploads/idlist/276.png','5,',3,'',NULL),('Алмазный меч',276,0,'',8,'http://streamcraft.net/uploads/idlist/276.png','6,',3,'',NULL),('Алмазная лопата',277,0,'',5,'http://streamcraft.net/uploads/idlist/277.png','1,',3,'',NULL),('Алмазная лопата',277,0,'',5,'http://streamcraft.net/uploads/idlist/277.png','2,',3,'',NULL),('Алмазная лопата',277,0,'',5,'http://streamcraft.net/uploads/idlist/277.png','3,',3,'',NULL),('Алмазная лопата',277,0,'',5,'http://streamcraft.net/uploads/idlist/277.png','5,',3,'',NULL),('Алмазная лопата',277,0,'',5,'http://streamcraft.net/uploads/idlist/277.png','6,',3,'',NULL),('Алмазная кирка',278,0,'',10,'http://streamcraft.net/uploads/idlist/278.png','1,',3,'',NULL),('Алмазная кирка',278,0,'',10,'http://streamcraft.net/uploads/idlist/278.png','2,',3,'',NULL),('Алмазная кирка',278,0,'',10,'http://streamcraft.net/uploads/idlist/278.png','3,',3,'',NULL),('Алмазная кирка',278,0,'',10,'http://streamcraft.net/uploads/idlist/278.png','5,',3,'',NULL),('Алмазная кирка',278,0,'',10,'http://streamcraft.net/uploads/idlist/278.png','6,',3,'',NULL),('Алмазный топор',279,0,'',7,'http://streamcraft.net/uploads/idlist/279.png','1,',3,'',NULL),('Алмазный топор',279,0,'',7,'http://streamcraft.net/uploads/idlist/279.png','2,',3,'',NULL),('Алмазный топор',279,0,'',7,'http://streamcraft.net/uploads/idlist/279.png','3,',3,'',NULL),('Алмазный топор',279,0,'',7,'http://streamcraft.net/uploads/idlist/279.png','5,',3,'',NULL),('Алмазный топор',279,0,'',7,'http://streamcraft.net/uploads/idlist/279.png','6,',3,'',NULL),('Палочка',280,0,'',0.3,'http://streamcraft.net/uploads/idlist/280.png','1,',4,'',NULL),('Палочка',280,0,'',0.3,'http://streamcraft.net/uploads/idlist/280.png','2,',4,'',NULL),('Палочка',280,0,'',0.3,'http://streamcraft.net/uploads/idlist/280.png','5,',4,'',NULL),('Палочка',280,0,'',0.3,'http://streamcraft.net/uploads/idlist/280.png','6,',4,'',NULL),('Грибной суп',282,0,'',0.6,'http://streamcraft.net/uploads/idlist/282.png','1,',4,'',NULL),('Грибной суп',282,0,'',0.6,'http://streamcraft.net/uploads/idlist/282.png','2,',4,'',NULL),('Грибной суп',282,0,'',0.6,'http://streamcraft.net/uploads/idlist/282.png','5,',4,'',NULL),('Грибной суп',282,0,'',0.6,'http://streamcraft.net/uploads/idlist/282.png','6,',4,'',NULL),('Золотой меч',283,0,'',1.3,'http://streamcraft.net/uploads/idlist/283.png','1,',3,'',NULL),('Золотой меч',283,0,'',1.3,'http://streamcraft.net/uploads/idlist/283.png','2,',3,'',NULL),('Золотой меч',283,0,'',1.3,'http://streamcraft.net/uploads/idlist/283.png','5,',3,'',NULL),('Золотой меч',283,0,'',1.3,'http://streamcraft.net/uploads/idlist/283.png','6,',3,'',NULL),('Золотая лопата',284,0,'',1,'http://streamcraft.net/uploads/idlist/284.png','1,',3,'',NULL),('Золотая лопата',284,0,'',1,'http://streamcraft.net/uploads/idlist/284.png','2,',3,'',NULL),('Золотая лопата',284,0,'',1,'http://streamcraft.net/uploads/idlist/284.png','5,',3,'',NULL),('Золотая лопата',284,0,'',1,'http://streamcraft.net/uploads/idlist/284.png','6,',3,'',NULL),('Золотая кирка',285,0,'',1.5,'http://streamcraft.net/uploads/idlist/285.png','1,',3,'',NULL),('Золотая кирка',285,0,'',1.5,'http://streamcraft.net/uploads/idlist/285.png','2,',3,'',NULL),('Золотая кирка',285,0,'',1.5,'http://streamcraft.net/uploads/idlist/285.png','5,',3,'',NULL),('Золотая кирка',285,0,'',1.5,'http://streamcraft.net/uploads/idlist/285.png','6,',3,'',NULL),('Золотой топор',286,0,'',1.2,'http://streamcraft.net/uploads/idlist/286.png','1,',3,'',NULL),('Золотой топор',286,0,'',1.2,'http://streamcraft.net/uploads/idlist/286.png','2,',3,'',NULL),('Золотой топор',286,0,'',1.2,'http://streamcraft.net/uploads/idlist/286.png','5,',3,'',NULL),('Золотой топор',286,0,'',1.2,'http://streamcraft.net/uploads/idlist/286.png','6,',3,'',NULL),('Нить',287,0,'',0.5,'http://streamcraft.net/uploads/idlist/287.png','1,',4,'',NULL),('Нить',287,0,'',0.5,'http://streamcraft.net/uploads/idlist/287.png','2,',4,'',NULL),('Нить',287,0,'',0.5,'http://streamcraft.net/uploads/idlist/287.png','5,',4,'',NULL),('Нить',287,0,'',0.5,'http://streamcraft.net/uploads/idlist/287.png','6,',4,'',NULL),('Перо',288,0,'',0.4,'http://streamcraft.net/uploads/idlist/288.png','1,',4,'',NULL),('Перо',288,0,'',0.4,'http://streamcraft.net/uploads/idlist/288.png','2,',4,'',NULL),('Перо',288,0,'',0.4,'http://streamcraft.net/uploads/idlist/288.png','5,',4,'',NULL),('Перо',288,0,'',0.4,'http://streamcraft.net/uploads/idlist/288.png','6,',4,'',NULL),('Порох',289,0,'',0.8,'http://streamcraft.net/uploads/idlist/289.png','1,',4,'',NULL),('Порох',289,0,'',0.8,'http://streamcraft.net/uploads/idlist/289.png','2,',4,'',NULL),('Порох',289,0,'',0.8,'http://streamcraft.net/uploads/idlist/289.png','5,',4,'',NULL),('Порох',289,0,'',0.8,'http://streamcraft.net/uploads/idlist/289.png','6,',4,'',NULL),('Семена пшеницы',295,0,'',0.4,'http://streamcraft.net/uploads/idlist/295.png','1,',4,'',NULL),('Семена пшеницы',295,0,'',0.4,'http://streamcraft.net/uploads/idlist/295.png','2,',4,'',NULL),('Семена пшеницы',295,0,'',0.4,'http://streamcraft.net/uploads/idlist/295.png','5,',4,'',NULL),('Семена пшеницы',295,0,'',0.4,'http://streamcraft.net/uploads/idlist/295.png','6,',4,'',NULL),('Хлеб',297,0,'',0.2,'http://streamcraft.net/uploads/idlist/297.png','1,',4,'',NULL),('Хлеб',297,0,'',0.2,'http://streamcraft.net/uploads/idlist/297.png','2,',4,'',NULL),('Хлеб',297,0,'',0.2,'http://streamcraft.net/uploads/idlist/297.png','5,',4,'',NULL),('Хлеб',297,0,'',0.2,'http://streamcraft.net/uploads/idlist/297.png','6,',4,'',NULL),('Кольчужная голова',302,0,'',15,'http://streamcraft.net/uploads/idlist/302.png','1,',2,'',NULL),('Кольчужная голова',302,0,'',15,'http://streamcraft.net/uploads/idlist/302.png','2,',2,'',NULL),('Кольчужная голова',302,0,'',15,'http://streamcraft.net/uploads/idlist/302.png','5,',2,'',NULL),('Кольчужная голова',302,0,'',15,'http://streamcraft.net/uploads/idlist/302.png','6,',2,'',NULL),('Кольчужная кираса',303,0,'',25,'http://streamcraft.net/uploads/idlist/303.png','1,',2,'',NULL),('Кольчужная кираса',303,0,'',25,'http://streamcraft.net/uploads/idlist/303.png','2,',2,'',NULL),('Кольчужная кираса',303,0,'',25,'http://streamcraft.net/uploads/idlist/303.png','5,',2,'',NULL),('Кольчужная кираса',303,0,'',25,'http://streamcraft.net/uploads/idlist/303.png','6,',2,'',NULL),('Кольчужные поножи',304,0,'',20,'http://streamcraft.net/uploads/idlist/304.png','1,',2,'',NULL),('Кольчужные поножи',304,0,'',20,'http://streamcraft.net/uploads/idlist/304.png','2,',2,'',NULL),('Кольчужные поножи',304,0,'',20,'http://streamcraft.net/uploads/idlist/304.png','5,',2,'',NULL),('Кольчужные поножи',304,0,'',20,'http://streamcraft.net/uploads/idlist/304.png','6,',2,'',NULL),('Кольчужные ботинки',305,0,'',13,'http://streamcraft.net/uploads/idlist/305.png','1,',2,'',NULL),('Кольчужные ботинки',305,0,'',13,'http://streamcraft.net/uploads/idlist/305.png','2,',2,'',NULL),('Кольчужные ботинки',305,0,'',13,'http://streamcraft.net/uploads/idlist/305.png','5,',2,'',NULL),('Кольчужные ботинки',305,0,'',13,'http://streamcraft.net/uploads/idlist/305.png','6,',2,'',NULL),('Алмазный шлем',310,0,'',14,'http://streamcraft.net/uploads/idlist/310.png','1,',2,'',NULL),('Алмазный шлем',310,0,'',14,'http://streamcraft.net/uploads/idlist/310.png','2,',2,'',NULL),('Алмазный шлем',310,0,'',14,'http://streamcraft.net/uploads/idlist/310.png','5,',2,'',NULL),('Алмазный шлем',310,0,'',14,'http://streamcraft.net/uploads/idlist/310.png','6,',2,'',NULL),('Алмазная кираса',311,0,'',23,'http://streamcraft.net/uploads/idlist/311.png','1,',2,'',NULL),('Алмазная кираса',311,0,'',23,'http://streamcraft.net/uploads/idlist/311.png','2,',2,'',NULL),('Алмазная кираса',311,0,'',23,'http://streamcraft.net/uploads/idlist/311.png','5,',2,'',NULL),('Алмазная кираса',311,0,'',23,'http://streamcraft.net/uploads/idlist/311.png','6,',2,'',NULL),('Алмазные поножи',312,0,'',20,'http://streamcraft.net/uploads/idlist/312.png','1,',2,'',NULL),('Алмазные поножи',312,0,'',20,'http://streamcraft.net/uploads/idlist/312.png','2,',2,'',NULL),('Алмазные поножи',312,0,'',20,'http://streamcraft.net/uploads/idlist/312.png','5,',2,'',NULL),('Алмазные поножи',312,0,'',20,'http://streamcraft.net/uploads/idlist/312.png','6,',2,'',NULL),('Алмазные ботинки',313,0,'',11,'http://streamcraft.net/uploads/idlist/313.png','1,',2,'',NULL),('Алмазные ботинки',313,0,'',11,'http://streamcraft.net/uploads/idlist/313.png','2,',2,'',NULL),('Алмазные ботинки',313,0,'',11,'http://streamcraft.net/uploads/idlist/313.png','5,',2,'',NULL),('Алмазные ботинки',313,0,'',11,'http://streamcraft.net/uploads/idlist/313.png','6,',2,'',NULL),('Золотой шлем',314,0,'',10,'http://streamcraft.net/uploads/idlist/314.png','1,',2,'',NULL),('Золотой шлем',314,0,'',10,'http://streamcraft.net/uploads/idlist/314.png','2,',2,'',NULL),('Золотой шлем',314,0,'',10,'http://streamcraft.net/uploads/idlist/314.png','5,',2,'',NULL),('Золотой шлем',314,0,'',10,'http://streamcraft.net/uploads/idlist/314.png','6,',2,'',NULL),('Золотая кираса',315,0,'',15,'http://streamcraft.net/uploads/idlist/315.png','1,',2,'',NULL),('Золотая кираса',315,0,'',15,'http://streamcraft.net/uploads/idlist/315.png','2,',2,'',NULL),('Золотая кираса',315,0,'',15,'http://streamcraft.net/uploads/idlist/315.png','5,',2,'',NULL),('Золотая кираса',315,0,'',15,'http://streamcraft.net/uploads/idlist/315.png','6,',2,'',NULL),('Золотые поножи',316,0,'',13,'http://streamcraft.net/uploads/idlist/316.png','1,',2,'',NULL),('Золотые поножи',316,0,'',13,'http://streamcraft.net/uploads/idlist/316.png','2,',2,'',NULL),('Золотые поножи',316,0,'',13,'http://streamcraft.net/uploads/idlist/316.png','5,',2,'',NULL),('Золотые поножи',316,0,'',13,'http://streamcraft.net/uploads/idlist/316.png','6,',2,'',NULL),('Золотые ботинки',317,0,'',7,'http://streamcraft.net/uploads/idlist/317.png','1,',2,'',NULL),('Золотые ботинки',317,0,'',7,'http://streamcraft.net/uploads/idlist/317.png','2,',2,'',NULL),('Золотые ботинки',317,0,'',7,'http://streamcraft.net/uploads/idlist/317.png','5,',2,'',NULL),('Золотые ботинки',317,0,'',7,'http://streamcraft.net/uploads/idlist/317.png','6,',2,'',NULL),('Кремний',318,0,'',0.8,'http://streamcraft.net/uploads/idlist/318.png','1,',4,'',NULL),('Кремний',318,0,'',0.8,'http://streamcraft.net/uploads/idlist/318.png','2,',4,'',NULL),('Кремний',318,0,'',0.8,'http://streamcraft.net/uploads/idlist/318.png','5,',4,'',NULL),('Кремний',318,0,'',0.8,'http://streamcraft.net/uploads/idlist/318.png','6,',4,'',NULL),('Жаренная свинина',320,0,'',0.5,'http://streamcraft.net/uploads/idlist/320.png','1,',4,'',NULL),('Жаренная свинина',320,0,'',0.5,'http://streamcraft.net/uploads/idlist/320.png','2,',4,'',NULL),('Жаренная свинина',320,0,'',0.5,'http://streamcraft.net/uploads/idlist/320.png','5,',4,'',NULL),('Жаренная свинина',320,0,'',0.5,'http://streamcraft.net/uploads/idlist/320.png','6,',4,'',NULL),('Картина',321,0,'',0.8,'http://streamcraft.net/uploads/idlist/321.png','1,',4,'',NULL),('Картина',321,0,'',0.8,'http://streamcraft.net/uploads/idlist/321.png','2,',4,'',NULL),('Картина',321,0,'',0.8,'http://streamcraft.net/uploads/idlist/321.png','5,',4,'',NULL),('Картина',321,0,'',0.8,'http://streamcraft.net/uploads/idlist/321.png','6,',4,'',NULL),('Золотое яблоко',322,0,'',3,'http://streamcraft.net/uploads/idlist/322.png','1,',4,'',NULL),('Золотое яблоко',322,0,'',3,'http://streamcraft.net/uploads/idlist/322.png','2,',4,'',NULL),('Золотое яблоко',322,0,'',3,'http://streamcraft.net/uploads/idlist/322.png','5,',4,'',NULL),('Золотое яблоко',322,0,'',3,'http://streamcraft.net/uploads/idlist/322.png','6,',4,'',NULL),('Табличка',323,0,'',0.1,'http://streamcraft.net/uploads/idlist/323.png','1,',4,'',NULL),('Табличка',323,0,'',0.1,'http://streamcraft.net/uploads/idlist/323.png','2,',4,'',NULL),('Табличка',323,0,'',0.1,'http://streamcraft.net/uploads/idlist/323.png','5,',4,'',NULL),('Табличка',323,0,'',0.1,'http://streamcraft.net/uploads/idlist/323.png','6,',4,'',NULL),('Деревянная дверь',324,0,'',0.7,'http://streamcraft.net/uploads/idlist/324.png','1,',4,'',NULL),('Деревянная дверь',324,0,'',0.7,'http://streamcraft.net/uploads/idlist/324.png','2,',4,'',NULL),('Деревянная дверь',324,0,'',0.7,'http://streamcraft.net/uploads/idlist/324.png','5,',4,'',NULL),('Деревянная дверь',324,0,'',0.7,'http://streamcraft.net/uploads/idlist/324.png','6,',4,'',NULL),('Ведро',325,0,'',0.7,'http://streamcraft.net/uploads/idlist/325.png','1,',4,'',NULL),('Ведро',325,0,'',0.7,'http://streamcraft.net/uploads/idlist/325.png','2,',4,'',NULL),('Ведро',325,0,'',0.7,'http://streamcraft.net/uploads/idlist/325.png','5,',4,'',NULL),('Ведро',325,0,'',0.7,'http://streamcraft.net/uploads/idlist/325.png','6,',4,'',NULL),('Ведро с водой',326,0,'',1,'http://streamcraft.net/uploads/idlist/326.PNG','1,',4,'',NULL),('Ведро с водой',326,0,'',1,'http://streamcraft.net/uploads/idlist/326.PNG','2,',4,'',NULL),('Ведро с водой',326,0,'',1,'http://streamcraft.net/uploads/idlist/326.PNG','5,',4,'',NULL),('Ведро с водой',326,0,'',1,'http://streamcraft.net/uploads/idlist/326.PNG','6,',4,'',NULL),('Ведро с лавой',327,0,'',1.2,'http://streamcraft.net/uploads/idlist/327.PNG','1,',4,'',NULL),('Ведро с лавой',327,0,'',1.2,'http://streamcraft.net/uploads/idlist/327.PNG','2,',4,'',NULL),('Ведро с лавой',327,0,'',1.2,'http://streamcraft.net/uploads/idlist/327.PNG','5,',4,'',NULL),('Ведро с лавой',327,0,'',1.2,'http://streamcraft.net/uploads/idlist/327.PNG','6,',4,'',NULL),('Вагонетка',328,0,'',1,'http://streamcraft.net/uploads/idlist/328.png','1,',4,'',NULL),('Вагонетка',328,0,'',1,'http://streamcraft.net/uploads/idlist/328.png','2,',4,'',NULL),('Вагонетка',328,0,'',1,'http://streamcraft.net/uploads/idlist/328.png','5,',4,'',NULL),('Вагонетка',328,0,'',1,'http://streamcraft.net/uploads/idlist/328.png','6,',4,'',NULL),('Седло',329,0,'',5,'http://streamcraft.net/uploads/idlist/329.png','1,',4,'',NULL),('Седло',329,0,'',5,'http://streamcraft.net/uploads/idlist/329.png','2,',4,'',NULL),('Седло',329,0,'',5,'http://streamcraft.net/uploads/idlist/329.png','5,',4,'',NULL),('Седло',329,0,'',5,'http://streamcraft.net/uploads/idlist/329.png','6,',4,'',NULL),('Железная дверь',330,0,'',1,'http://streamcraft.net/uploads/idlist/330.png','1,',4,'',NULL),('Железная дверь',330,0,'',1,'http://streamcraft.net/uploads/idlist/330.png','2,',4,'',NULL),('Железная дверь',330,0,'',1,'http://streamcraft.net/uploads/idlist/330.png','5,',4,'',NULL),('Железная дверь',330,0,'',1,'http://streamcraft.net/uploads/idlist/330.png','6,',4,'',NULL),('Красная пыль',331,0,'',0.5,'http://streamcraft.net/uploads/idlist/331.png','1,',4,'',NULL),('Красная пыль',331,0,'',0.5,'http://streamcraft.net/uploads/idlist/331.png','2,',4,'',NULL),('Красная пыль',331,0,'',0.5,'http://streamcraft.net/uploads/idlist/331.png','5,',4,'',NULL),('Красная пыль',331,0,'',0.5,'http://streamcraft.net/uploads/idlist/331.png','6,',4,'',NULL),('Лодка',333,0,'',0.7,'http://streamcraft.net/uploads/idlist/333.png','1,',4,'',NULL),('Лодка',333,0,'',0.7,'http://streamcraft.net/uploads/idlist/333.png','2,',4,'',NULL),('Лодка',333,0,'',0.7,'http://streamcraft.net/uploads/idlist/333.png','5,',4,'',NULL),('Лодка',333,0,'',0.7,'http://streamcraft.net/uploads/idlist/333.png','6,',4,'',NULL),('Кожа',334,0,'',0.5,'http://streamcraft.net/uploads/idlist/334.PNG','1,',4,'',NULL),('Кожа',334,0,'',0.5,'http://streamcraft.net/uploads/idlist/334.PNG','2,',4,'',NULL),('Кожа',334,0,'',0.5,'http://streamcraft.net/uploads/idlist/334.PNG','5,',4,'',NULL),('Кожа',334,0,'',0.5,'http://streamcraft.net/uploads/idlist/334.PNG','6,',4,'',NULL),('Молоко',335,0,'',1,'http://streamcraft.net/uploads/idlist/335.png','1,',4,'',NULL),('Молоко',335,0,'',1,'http://streamcraft.net/uploads/idlist/335.png','2,',4,'',NULL),('Молоко',335,0,'',1,'http://streamcraft.net/uploads/idlist/335.png','5,',4,'',NULL),('Молоко',335,0,'',1,'http://streamcraft.net/uploads/idlist/335.png','6,',4,'',NULL),('Тростник',338,0,'',0.8,'http://streamcraft.net/uploads/idlist/338.png','1,',4,'',NULL),('Тростник',338,0,'',0.8,'http://streamcraft.net/uploads/idlist/338.png','2,',4,'',NULL),('Тростник',338,0,'',0.8,'http://streamcraft.net/uploads/idlist/338.png','5,',4,'',NULL),('Тростник',338,0,'',0.8,'http://streamcraft.net/uploads/idlist/338.png','6,',4,'',NULL),('Листок',339,0,'',0.6,'http://streamcraft.net/uploads/idlist/339.png','1,',4,'',NULL),('Листок',339,0,'',0.6,'http://streamcraft.net/uploads/idlist/339.png','2,',4,'',NULL),('Листок',339,0,'',0.6,'http://streamcraft.net/uploads/idlist/339.png','5,',4,'',NULL),('Листок',339,0,'',0.6,'http://streamcraft.net/uploads/idlist/339.png','6,',4,'',NULL),('Книга',340,0,'',0.7,'http://streamcraft.net/uploads/idlist/340.PNG','1,',4,'',NULL),('Книга',340,0,'',0.7,'http://streamcraft.net/uploads/idlist/340.PNG','2,',4,'',NULL),('Книга',340,0,'',0.7,'http://streamcraft.net/uploads/idlist/340.PNG','5,',4,'',NULL),('Книга',340,0,'',0.7,'http://streamcraft.net/uploads/idlist/340.PNG','6,',4,'',NULL),('Слизь',341,0,'',2.5,'http://streamcraft.net/uploads/idlist/341.png','1,',4,'',NULL),('Слизь',341,0,'',2.5,'http://streamcraft.net/uploads/idlist/341.png','2,',4,'',NULL),('Слизь',341,0,'',2.5,'http://streamcraft.net/uploads/idlist/341.png','5,',4,'',NULL),('Слизь',341,0,'',2.5,'http://streamcraft.net/uploads/idlist/341.png','6,',4,'',NULL),('Яйцо',344,0,'',0.9,'http://streamcraft.net/uploads/idlist/344.png','1,',4,'',NULL),('Яйцо',344,0,'',0.9,'http://streamcraft.net/uploads/idlist/344.png','2,',4,'',NULL),('Яйцо',344,0,'',0.9,'http://streamcraft.net/uploads/idlist/344.png','5,',4,'',NULL),('Яйцо',344,0,'',0.9,'http://streamcraft.net/uploads/idlist/344.png','6,',4,'',NULL),('Компас',345,0,'',3,'http://streamcraft.net/uploads/idlist/345.png','1,',4,'',NULL),('Компас',345,0,'',3,'http://streamcraft.net/uploads/idlist/345.png','2,',4,'',NULL),('Компас',345,0,'',3,'http://streamcraft.net/uploads/idlist/345.png','5,',4,'',NULL),('Компас',345,0,'',3,'http://streamcraft.net/uploads/idlist/345.png','6,',4,'',NULL),('Удочка',346,0,'',0.9,'http://streamcraft.net/uploads/idlist/346.png','1,',4,'',NULL),('Удочка',346,0,'',0.9,'http://streamcraft.net/uploads/idlist/346.png','2,',4,'',NULL),('Удочка',346,0,'',0.9,'http://streamcraft.net/uploads/idlist/346.png','5,',4,'',NULL),('Удочка',346,0,'',0.9,'http://streamcraft.net/uploads/idlist/346.png','6,',4,'',NULL),('Часы',347,0,'',4,'http://streamcraft.net/uploads/idlist/347.png','1,',4,'',NULL),('Часы',347,0,'',4,'http://streamcraft.net/uploads/idlist/347.png','2,',4,'',NULL),('Часы',347,0,'',4,'http://streamcraft.net/uploads/idlist/347.png','5,',4,'',NULL),('Часы',347,0,'',4,'http://streamcraft.net/uploads/idlist/347.png','6,',4,'',NULL),('Сырая рыба',349,0,'',0.7,'http://streamcraft.net/uploads/idlist/349.png','1,',4,'',NULL),('Сырая рыба',349,0,'',0.7,'http://streamcraft.net/uploads/idlist/349.png','2,',4,'',NULL),('Сырая рыба',349,0,'',0.7,'http://streamcraft.net/uploads/idlist/349.png','5,',4,'',NULL),('Сырая рыба',349,0,'',0.7,'http://streamcraft.net/uploads/idlist/349.png','6,',4,'',NULL),('Жаренная рыба',350,0,'',0.8,'http://streamcraft.net/uploads/idlist/350.png','1,',4,'',NULL),('Жаренная рыба',350,0,'',0.8,'http://streamcraft.net/uploads/idlist/350.png','2,',4,'',NULL),('Жаренная рыба',350,0,'',0.8,'http://streamcraft.net/uploads/idlist/350.png','5,',4,'',NULL),('Жаренная рыба',350,0,'',0.8,'http://streamcraft.net/uploads/idlist/350.png','6,',4,'',NULL),('Кость',352,0,'',0.7,'http://streamcraft.net/uploads/idlist/352.png','1,',4,'',NULL),('Кость',352,0,'',0.7,'http://streamcraft.net/uploads/idlist/352.png','2,',4,'',NULL),('Кость',352,0,'',0.7,'http://streamcraft.net/uploads/idlist/352.png','5,',4,'',NULL),('Кость',352,0,'',0.7,'http://streamcraft.net/uploads/idlist/352.png','6,',4,'',NULL),('Сахар',353,0,'',0.9,'http://streamcraft.net/uploads/idlist/353.png','1,',4,'',NULL),('Сахар',353,0,'',0.9,'http://streamcraft.net/uploads/idlist/353.png','2,',4,'',NULL),('Сахар',353,0,'',0.9,'http://streamcraft.net/uploads/idlist/353.png','5,',4,'',NULL),('Сахар',353,0,'',0.9,'http://streamcraft.net/uploads/idlist/353.png','6,',4,'',NULL),('Торт',354,0,'',4,'http://streamcraft.net/uploads/idlist/354.png','1,',4,'',NULL),('Торт',354,0,'',4,'http://streamcraft.net/uploads/idlist/354.png','2,',4,'',NULL),('Торт',354,0,'',4,'http://streamcraft.net/uploads/idlist/354.png','5,',4,'',NULL),('Торт',354,0,'',4,'http://streamcraft.net/uploads/idlist/354.png','6,',4,'',NULL),('Кровать',355,0,'',5,'http://streamcraft.net/uploads/idlist/355.png','1,',4,'',NULL),('Кровать',355,0,'',5,'http://streamcraft.net/uploads/idlist/355.png','2,',4,'',NULL),('Кровать',355,0,'',5,'http://streamcraft.net/uploads/idlist/355.png','5,',4,'',NULL),('Кровать',355,0,'',5,'http://streamcraft.net/uploads/idlist/355.png','6,',4,'',NULL),('Повторитель',356,0,'',1.7,'http://streamcraft.net/uploads/idlist/356.png','1,',4,'',NULL),('Повторитель',356,0,'',1.7,'http://streamcraft.net/uploads/idlist/356.png','2,',4,'',NULL),('Повторитель',356,0,'',1.7,'http://streamcraft.net/uploads/idlist/356.png','5,',4,'',NULL),('Повторитель',356,0,'',1.7,'http://streamcraft.net/uploads/idlist/356.png','6,',4,'',NULL),('Печенька',357,0,'',1,'http://streamcraft.net/uploads/idlist/357.png','1,',4,'',NULL),('Печенька',357,0,'',1,'http://streamcraft.net/uploads/idlist/357.png','2,',4,'',NULL),('Печенька',357,0,'',1,'http://streamcraft.net/uploads/idlist/357.png','5,',4,'',NULL),('Печенька',357,0,'',1,'http://streamcraft.net/uploads/idlist/357.png','6,',4,'',NULL),('Карта',358,0,'',0.8,'http://streamcraft.net/uploads/idlist/358.png','1,',4,'',NULL),('Карта',358,0,'',0.8,'http://streamcraft.net/uploads/idlist/358.png','2,',4,'',NULL),('Карта',358,0,'',0.8,'http://streamcraft.net/uploads/idlist/358.png','5,',4,'',NULL),('Карта',358,0,'',0.8,'http://streamcraft.net/uploads/idlist/358.png','6,',4,'',NULL),('Ножницы',359,0,'',0.5,'http://streamcraft.net/uploads/idlist/359.png','1,',4,'',NULL),('Ножницы',359,0,'',0.5,'http://streamcraft.net/uploads/idlist/359.png','2,',4,'',NULL),('Ножницы',359,0,'',0.5,'http://streamcraft.net/uploads/idlist/359.png','5,',4,'',NULL),('Ножницы',359,0,'',0.5,'http://streamcraft.net/uploads/idlist/359.png','6,',4,'',NULL),('Семена тыквы',361,0,'',1.5,'http://streamcraft.net/uploads/idlist/361.png','1,',4,'',NULL),('Семена тыквы',361,0,'',1.5,'http://streamcraft.net/uploads/idlist/361.png','2,',4,'',NULL),('Семена тыквы',361,0,'',1.5,'http://streamcraft.net/uploads/idlist/361.png','5,',4,'',NULL),('Семена тыквы',361,0,'',1.5,'http://streamcraft.net/uploads/idlist/361.png','6,',4,'',NULL),('Семена арбуза',362,0,'',1.3,'http://streamcraft.net/uploads/idlist/362.png','1,',4,'',NULL),('Семена арбуза',362,0,'',1.3,'http://streamcraft.net/uploads/idlist/362.png','2,',4,'',NULL),('Семена арбуза',362,0,'',1.3,'http://streamcraft.net/uploads/idlist/362.png','5,',4,'',NULL),('Семена арбуза',362,0,'',1.3,'http://streamcraft.net/uploads/idlist/362.png','6,',4,'',NULL),('Жаренная говядина',364,0,'',0.7,'http://streamcraft.net/uploads/idlist/364.png','1,',4,'',NULL),('Жаренная говядина',364,0,'',0.7,'http://streamcraft.net/uploads/idlist/364.png','2,',4,'',NULL),('Жаренная говядина',364,0,'',0.7,'http://streamcraft.net/uploads/idlist/364.png','5,',4,'',NULL),('Жаренная говядина',364,0,'',0.7,'http://streamcraft.net/uploads/idlist/364.png','6,',4,'',NULL),('Жемчуг Края',368,0,'',3,'http://streamcraft.net/uploads/idlist/368.png','1,',4,'',NULL),('Жемчуг Края',368,0,'',3,'http://streamcraft.net/uploads/idlist/368.png','2,',4,'',NULL),('Жемчуг Края',368,0,'',3,'http://streamcraft.net/uploads/idlist/368.png','5,',4,'',NULL),('Жемчуг Края',368,0,'',3,'http://streamcraft.net/uploads/idlist/368.png','6,',4,'',NULL),('Ифритовый стержень',369,0,'',4,'http://streamcraft.net/uploads/idlist/369.png','1,',4,'',NULL),('Ифритовый стержень',369,0,'',4,'http://streamcraft.net/uploads/idlist/369.png','2,',4,'',NULL),('Ифритовый стержень',369,0,'',4,'http://streamcraft.net/uploads/idlist/369.png','5,',4,'',NULL),('Ифритовый стержень',369,0,'',4,'http://streamcraft.net/uploads/idlist/369.png','6,',4,'',NULL),('Слеза гаста',370,0,'',2,'http://streamcraft.net/uploads/idlist/370.png','1,',4,'',NULL),('Слеза гаста',370,0,'',2,'http://streamcraft.net/uploads/idlist/370.png','2,',4,'',NULL),('Слеза гаста',370,0,'',2,'http://streamcraft.net/uploads/idlist/370.png','5,',4,'',NULL),('Слеза гаста',370,0,'',2,'http://streamcraft.net/uploads/idlist/370.png','6,',4,'',NULL),('Адские бородавки',372,0,'',2,'http://streamcraft.net/uploads/idlist/372.png','1,',4,'',NULL),('Адские бородавки',372,0,'',2,'http://streamcraft.net/uploads/idlist/372.png','2,',4,'',NULL),('Адские бородавки',372,0,'',2,'http://streamcraft.net/uploads/idlist/372.png','5,',4,'',NULL),('Адские бородавки',372,0,'',2,'http://streamcraft.net/uploads/idlist/372.png','6,',4,'',NULL),('Алхимическая стойка',379,0,'',15,'http://streamcraft.net/uploads/idlist/379.png','1,',4,'',NULL),('Алхимическая стойка',379,0,'',15,'http://streamcraft.net/uploads/idlist/379.png','2,',4,'',NULL),('Алхимическая стойка',379,0,'',15,'http://streamcraft.net/uploads/idlist/379.png','5,',4,'',NULL),('Алхимическая стойка',379,0,'',15,'http://streamcraft.net/uploads/idlist/379.png','6,',4,'',NULL),('Котёл',380,0,'',10,'http://streamcraft.net/uploads/idlist/380.png','1,',4,'',NULL),('Котёл',380,0,'',10,'http://streamcraft.net/uploads/idlist/380.png','2,',4,'',NULL),('Котёл',380,0,'',10,'http://streamcraft.net/uploads/idlist/380.png','5,',4,'',NULL),('Котёл',380,0,'',10,'http://streamcraft.net/uploads/idlist/380.png','6,',4,'',NULL),('Око края',381,0,'',5,'http://streamcraft.net/uploads/idlist/381.png','1,',4,'',NULL),('Око края',381,0,'',5,'http://streamcraft.net/uploads/idlist/381.png','2,',4,'',NULL),('Око края',381,0,'',5,'http://streamcraft.net/uploads/idlist/381.png','5,',4,'',NULL),('Око края',381,0,'',5,'http://streamcraft.net/uploads/idlist/381.png','6,',4,'',NULL),('Крипер',383,50,'',5,'http://streamcraft.net/uploads/idlist/383.50.png','1,',4,'',NULL),('Крипер',383,50,'',5,'http://streamcraft.net/uploads/idlist/383.50.png','2,',4,'',NULL),('Крипер',383,50,'',5,'http://streamcraft.net/uploads/idlist/383.50.png','5,',4,'',NULL),('Крипер',383,50,'',5,'http://streamcraft.net/uploads/idlist/383.50.png','6,',4,'',NULL),('Скилет',383,51,'',5,'http://streamcraft.net/uploads/idlist/383.51.png','1,',4,'',NULL),('Скилет',383,51,'',5,'http://streamcraft.net/uploads/idlist/383.51.png','2,',4,'',NULL),('Скилет',383,51,'',5,'http://streamcraft.net/uploads/idlist/383.51.png','5,',4,'',NULL),('Скилет',383,51,'',5,'http://streamcraft.net/uploads/idlist/383.51.png','6,',4,'',NULL),('Паук',383,52,'',5,'http://streamcraft.net/uploads/idlist/383.52.png','1,',4,'',NULL),('Паук',383,52,'',5,'http://streamcraft.net/uploads/idlist/383.52.png','2,',4,'',NULL),('Паук',383,52,'',5,'http://streamcraft.net/uploads/idlist/383.52.png','5,',4,'',NULL),('Паук',383,52,'',5,'http://streamcraft.net/uploads/idlist/383.52.png','6,',4,'',NULL),('Зомби',383,54,'',5,'http://streamcraft.net/uploads/idlist/383.54.png','1,',4,'',NULL),('Зомби',383,54,'',5,'http://streamcraft.net/uploads/idlist/383.54.png','2,',4,'',NULL),('Зомби',383,54,'',5,'http://streamcraft.net/uploads/idlist/383.54.png','5,',4,'',NULL),('Зомби',383,54,'',5,'http://streamcraft.net/uploads/idlist/383.54.png','6,',4,'',NULL),('Слизень',383,55,'',5,'http://streamcraft.net/uploads/idlist/383.55.png','1,',4,'',NULL),('Слизень',383,55,'',5,'http://streamcraft.net/uploads/idlist/383.55.png','2,',4,'',NULL),('Слизень',383,55,'',5,'http://streamcraft.net/uploads/idlist/383.55.png','5,',4,'',NULL),('Слизень',383,55,'',5,'http://streamcraft.net/uploads/idlist/383.55.png','6,',4,'',NULL),('Гаст',383,56,'',7,'http://streamcraft.net/uploads/idlist/383.56.png','1,',4,'',NULL),('Гаст',383,56,'',7,'http://streamcraft.net/uploads/idlist/383.56.png','2,',4,'',NULL),('Гаст',383,56,'',7,'http://streamcraft.net/uploads/idlist/383.56.png','5,',4,'',NULL),('Гаст',383,56,'',7,'http://streamcraft.net/uploads/idlist/383.56.png','6,',4,'',NULL),('Свиночел',383,57,'',7,'http://streamcraft.net/uploads/idlist/383.57.png','1,',4,'',NULL),('Свиночел',383,57,'',7,'http://streamcraft.net/uploads/idlist/383.57.png','2,',4,'',NULL),('Свиночел',383,57,'',7,'http://streamcraft.net/uploads/idlist/383.57.png','5,',4,'',NULL),('Свиночел',383,57,'',7,'http://streamcraft.net/uploads/idlist/383.57.png','6,',4,'',NULL),('Эндермен',383,0,'',6,'http://streamcraft.net/uploads/idlist/383.58.png','1,',4,'',NULL),('Эндермен',383,0,'',6,'http://streamcraft.net/uploads/idlist/383.58.png','2,',4,'',NULL),('Эндермен',383,0,'',6,'http://streamcraft.net/uploads/idlist/383.58.png','5,',4,'',NULL),('Эндермен',383,0,'',6,'http://streamcraft.net/uploads/idlist/383.58.png','6,',4,'',NULL),('Пещерный паук',383,59,'',5,'http://streamcraft.net/uploads/idlist/383.59.png','1,',4,'',NULL),('Пещерный паук',383,59,'',5,'http://streamcraft.net/uploads/idlist/383.59.png','2,',4,'',NULL),('Пещерный паук',383,59,'',5,'http://streamcraft.net/uploads/idlist/383.59.png','5,',4,'',NULL),('Пещерный паук',383,59,'',5,'http://streamcraft.net/uploads/idlist/383.59.png','6,',4,'',NULL),('Чешуйница',383,60,'',8,'http://streamcraft.net/uploads/idlist/383.60.png','1,',4,'',NULL),('Чешуйница',383,60,'',8,'http://streamcraft.net/uploads/idlist/383.60.png','2,',4,'',NULL),('Чешуйница',383,60,'',8,'http://streamcraft.net/uploads/idlist/383.60.png','5,',4,'',NULL),('Чешуйница',383,60,'',8,'http://streamcraft.net/uploads/idlist/383.60.png','6,',4,'',NULL),('Ифрит',383,61,'',8,'http://streamcraft.net/uploads/idlist/383.61.png','1,',4,'',NULL),('Ифрит',383,61,'',8,'http://streamcraft.net/uploads/idlist/383.61.png','2,',4,'',NULL),('Ифрит',383,61,'',8,'http://streamcraft.net/uploads/idlist/383.61.png','5,',4,'',NULL),('Ифрит',383,61,'',8,'http://streamcraft.net/uploads/idlist/383.61.png','6,',4,'',NULL),('Адский слизень',383,62,'',6,'http://streamcraft.net/uploads/idlist/383.62.png','1,',4,'',NULL),('Адский слизень',383,62,'',6,'http://streamcraft.net/uploads/idlist/383.62.png','2,',4,'',NULL),('Адский слизень',383,62,'',6,'http://streamcraft.net/uploads/idlist/383.62.png','5,',4,'',NULL),('Адский слизень',383,62,'',6,'http://streamcraft.net/uploads/idlist/383.62.png','6,',4,'',NULL),('Овца',383,91,'',5,'http://streamcraft.net/uploads/idlist/383.91.png','1,',4,'',NULL),('Овца',383,91,'',5,'http://streamcraft.net/uploads/idlist/383.91.png','2,',4,'',NULL),('Овца',383,91,'',5,'http://streamcraft.net/uploads/idlist/383.91.png','5,',4,'',NULL),('Овца',383,91,'',5,'http://streamcraft.net/uploads/idlist/383.91.png','6,',4,'',NULL),('Корова',383,92,'',5,'http://streamcraft.net/uploads/idlist/383.92.png','1,',4,'',NULL),('Корова',383,92,'',5,'http://streamcraft.net/uploads/idlist/383.92.png','2,',4,'',NULL),('Корова',383,92,'',5,'http://streamcraft.net/uploads/idlist/383.92.png','5,',4,'',NULL),('Корова',383,92,'',5,'http://streamcraft.net/uploads/idlist/383.92.png','6,',4,'',NULL),('Кура',383,93,'',5,'http://streamcraft.net/uploads/idlist/383.93.png','1,',4,'',NULL),('Кура',383,93,'',5,'http://streamcraft.net/uploads/idlist/383.93.png','2,',4,'',NULL),('Кура',383,93,'',5,'http://streamcraft.net/uploads/idlist/383.93.png','5,',4,'',NULL),('Кура',383,93,'',5,'http://streamcraft.net/uploads/idlist/383.93.png','6,',4,'',NULL),('Волк',383,0,'',7,'http://streamcraft.net/uploads/idlist/383.95.png','1,',4,'',NULL),('Волк',383,0,'',7,'http://streamcraft.net/uploads/idlist/383.95.png','2,',4,'',NULL),('Волк',383,0,'',7,'http://streamcraft.net/uploads/idlist/383.95.png','5,',4,'',NULL),('Волк',383,0,'',7,'http://streamcraft.net/uploads/idlist/383.95.png','6,',4,'',NULL),('Грибная корвоа',383,96,'',7,'http://streamcraft.net/uploads/idlist/383.96.png','1,',4,'',NULL),('Грибная корвоа',383,96,'',7,'http://streamcraft.net/uploads/idlist/383.96.png','2,',4,'',NULL),('Грибная корвоа',383,96,'',7,'http://streamcraft.net/uploads/idlist/383.96.png','5,',4,'',NULL),('Грибная корвоа',383,96,'',7,'http://streamcraft.net/uploads/idlist/383.96.png','6,',4,'',NULL),('Оцелот',383,98,'',7,'http://streamcraft.net/uploads/idlist/383.98.png','1,',4,'',NULL),('Оцелот',383,98,'',7,'http://streamcraft.net/uploads/idlist/383.98.png','2,',4,'',NULL),('Оцелот',383,98,'',7,'http://streamcraft.net/uploads/idlist/383.98.png','5,',4,'',NULL),('Оцелот',383,98,'',7,'http://streamcraft.net/uploads/idlist/383.98.png','6,',4,'',NULL),('Житель',383,120,'',10,'http://streamcraft.net/uploads/idlist/383.120.png','1,',4,'',NULL),('Житель',383,120,'',10,'http://streamcraft.net/uploads/idlist/383.120.png','2,',4,'',NULL),('Житель',383,120,'',10,'http://streamcraft.net/uploads/idlist/383.120.png','5,',4,'',NULL),('Житель',383,120,'',10,'http://streamcraft.net/uploads/idlist/383.120.png','6,',4,'',NULL),('Зелье опыта',384,0,'',3,'http://streamcraft.net/uploads/idlist/384.png','1,',4,'',NULL),('Зелье опыта',384,0,'',3,'http://streamcraft.net/uploads/idlist/384.png','2,',4,'',NULL),('Зелье опыта',384,0,'',3,'http://streamcraft.net/uploads/idlist/384.png','5,',4,'',NULL),('Зелье опыта',384,0,'',3,'http://streamcraft.net/uploads/idlist/384.png','6,',4,'',NULL),('13',2256,0,'',10,'http://streamcraft.net/uploads/idlist/2256.png','1,',4,'',NULL),('13',2256,0,'',10,'http://streamcraft.net/uploads/idlist/2256.png','2,',4,'',NULL),('13',2256,0,'',10,'http://streamcraft.net/uploads/idlist/2256.png','5,',4,'',NULL),('13',2256,0,'',10,'http://streamcraft.net/uploads/idlist/2256.png','6,',4,'',NULL),('Cat',2257,0,'',10,'http://streamcraft.net/uploads/idlist/2257.png','1,',4,'',NULL),('Cat',2257,0,'',10,'http://streamcraft.net/uploads/idlist/2257.png','2,',4,'',NULL),('Cat',2257,0,'',10,'http://streamcraft.net/uploads/idlist/2257.png','5,',4,'',NULL),('Cat',2257,0,'',10,'http://streamcraft.net/uploads/idlist/2257.png','6,',4,'',NULL),('blocks',2258,0,'',10,'http://streamcraft.net/uploads/idlist/2258.png','1,',4,'',NULL),('blocks',2258,0,'',10,'http://streamcraft.net/uploads/idlist/2258.png','2,',4,'',NULL),('blocks',2258,0,'',10,'http://streamcraft.net/uploads/idlist/2258.png','5,',4,'',NULL),('blocks',2258,0,'',10,'http://streamcraft.net/uploads/idlist/2258.png','6,',4,'',NULL),('chirp',2259,0,'',10,'http://streamcraft.net/uploads/idlist/2259.png','1,',4,'',NULL),('chirp',2259,0,'',10,'http://streamcraft.net/uploads/idlist/2259.png','2,',4,'',NULL),('chirp',2259,0,'',10,'http://streamcraft.net/uploads/idlist/2259.png','5,',4,'',NULL),('chirp',2259,0,'',10,'http://streamcraft.net/uploads/idlist/2259.png','6,',4,'',NULL),('far',2260,0,'',10,'http://streamcraft.net/uploads/idlist/2260.png','1,',4,'',NULL),('far',2260,0,'',10,'http://streamcraft.net/uploads/idlist/2260.png','2,',4,'',NULL),('far',2260,0,'',10,'http://streamcraft.net/uploads/idlist/2260.png','5,',4,'',NULL),('far',2260,0,'',10,'http://streamcraft.net/uploads/idlist/2260.png','6,',4,'',NULL),('mall',2261,0,'',10,'http://streamcraft.net/uploads/idlist/2261.png','1,',4,'',NULL),('mall',2261,0,'',10,'http://streamcraft.net/uploads/idlist/2261.png','2,',4,'',NULL),('mall',2261,0,'',10,'http://streamcraft.net/uploads/idlist/2261.png','5,',4,'',NULL),('mall',2261,0,'',10,'http://streamcraft.net/uploads/idlist/2261.png','6,',4,'',NULL),('mellohi',2262,0,'',10,'http://streamcraft.net/uploads/idlist/2262.png','1,',4,'',NULL),('mellohi',2262,0,'',10,'http://streamcraft.net/uploads/idlist/2262.png','2,',4,'',NULL),('mellohi',2262,0,'',10,'http://streamcraft.net/uploads/idlist/2262.png','5,',4,'',NULL),('mellohi',2262,0,'',10,'http://streamcraft.net/uploads/idlist/2262.png','6,',4,'',NULL),('stal',2263,0,'',10,'http://streamcraft.net/uploads/idlist/2263.png','1,',4,'',NULL),('stal',2263,0,'',10,'http://streamcraft.net/uploads/idlist/2263.png','2,',4,'',NULL),('stal',2263,0,'',10,'http://streamcraft.net/uploads/idlist/2263.png','5,',4,'',NULL),('stal',2263,0,'',10,'http://streamcraft.net/uploads/idlist/2263.png','6,',4,'',NULL),('strad',2264,0,'',10,'http://streamcraft.net/uploads/idlist/2264.png','1,',4,'',NULL),('strad',2264,0,'',10,'http://streamcraft.net/uploads/idlist/2264.png','2,',4,'',NULL),('strad',2264,0,'',10,'http://streamcraft.net/uploads/idlist/2264.png','5,',4,'',NULL),('strad',2264,0,'',10,'http://streamcraft.net/uploads/idlist/2264.png','6,',4,'',NULL),('ward',2265,0,'',10,'http://streamcraft.net/uploads/idlist/2265.png','1,',4,'',NULL),('ward',2265,0,'',10,'http://streamcraft.net/uploads/idlist/2265.png','2,',4,'',NULL),('ward',2265,0,'',10,'http://streamcraft.net/uploads/idlist/2265.png','5,',4,'',NULL),('ward',2265,0,'',10,'http://streamcraft.net/uploads/idlist/2265.png','6,',4,'',NULL),('11',2266,0,'',10,'http://streamcraft.net/uploads/idlist/2266.png','1,',4,'',NULL),('11',2266,0,'',10,'http://streamcraft.net/uploads/idlist/2266.png','2,',4,'',NULL),('11',2266,0,'',10,'http://streamcraft.net/uploads/idlist/2266.png','5,',4,'',NULL),('11',2266,0,'',10,'http://streamcraft.net/uploads/idlist/2266.png','6,',4,'',NULL),('wait',2267,0,'',10,'http://streamcraft.net/uploads/idlist/2267.png','1,',4,'',NULL),('wait',2267,0,'',10,'http://streamcraft.net/uploads/idlist/2267.png','2,',4,'',NULL),('wait',2267,0,'',10,'http://streamcraft.net/uploads/idlist/2267.png','5,',4,'',NULL),('wait',2267,0,'',10,'http://streamcraft.net/uploads/idlist/2267.png','6,',4,'',NULL),('Медный сундук',975,3,'',5,'http://streamcraft.net/uploads/idlist/975.3.png','1,',4,'',NULL),('Медный сундук',975,3,'',5,'http://streamcraft.net/uploads/idlist/975.3.png','2,',4,'',NULL),('Медный сундук',975,3,'',5,'http://streamcraft.net/uploads/idlist/975.3.png','5,',4,'',NULL),('Железный сундук',975,0,'',6,'http://streamcraft.net/uploads/idlist/975.png','1,',4,'',NULL),('Железный сундук',975,0,'',6,'http://streamcraft.net/uploads/idlist/975.png','2,',4,'',NULL),('Железный сундук',975,0,'',6,'http://streamcraft.net/uploads/idlist/975.png','5,',4,'',NULL),('Серебряный сундук',975,4,'',7,'http://streamcraft.net/uploads/idlist/975.4.png','1,',4,'',NULL),('Серебряный сундук',975,4,'',7,'http://streamcraft.net/uploads/idlist/975.4.png','2,',4,'',NULL),('Серебряный сундук',975,4,'',7,'http://streamcraft.net/uploads/idlist/975.4.png','5,',4,'',NULL),('Золотой сундук',975,1,'',8,'http://streamcraft.net/uploads/idlist/975.1.png','1,',4,'',NULL),('Золотой сундук',975,1,'',8,'http://streamcraft.net/uploads/idlist/975.1.png','2,',4,'',NULL),('Золотой сундук',975,1,'',8,'http://streamcraft.net/uploads/idlist/975.1.png','5,',4,'',NULL),('Алмазный сундук',975,2,'',9,'http://streamcraft.net/uploads/idlist/975.2.png','1,',4,'',NULL),('Алмазный сундук',975,2,'',9,'http://streamcraft.net/uploads/idlist/975.2.png','2,',4,'',NULL),('Алмазный сундук',975,2,'',9,'http://streamcraft.net/uploads/idlist/975.2.png','5,',4,'',NULL),('Прозрачный сундук',975,5,'',10,'http://streamcraft.net/uploads/idlist/975.5.png','1,',4,'',NULL),('Прозрачный сундук',975,5,'',10,'http://streamcraft.net/uploads/idlist/975.5.png','2,',4,'',NULL),('Прозрачный сундук',975,5,'',10,'http://streamcraft.net/uploads/idlist/975.5.png','5,',4,'',NULL),('Обсидиановый сундук',975,6,'',12,'http://streamcraft.net/uploads/idlist/975.6.png','1,',4,'',NULL),('Обсидиановый сундук',975,6,'',12,'http://streamcraft.net/uploads/idlist/975.6.png','2,',4,'',NULL),('Обсидиановый сундук',975,6,'',12,'http://streamcraft.net/uploads/idlist/975.6.png','5,',4,'',NULL),('Латекс',30217,0,'',0.5,'http://streamcraft.net/uploads/idlist/IC2/30217.png','2,',5,'',NULL),('Резина',30216,0,'',0.5,'http://streamcraft.net/uploads/idlist/IC2/30216.png','2,',5,'',NULL),('Закалённое железо',30249,0,'',2.5,'http://streamcraft.net/uploads/idlist/IC2/30249.png','2,',5,'',NULL),('Медный слиток',30248,0,'',0.8,'http://streamcraft.net/uploads/idlist/IC2/30248.png','2,',5,'',NULL),('Бронзовый слиток',30246,0,'',1.5,'http://streamcraft.net/uploads/idlist/IC2/30246.png','2,',5,'',NULL),('Оловянный слиток',30247,0,'',0.8,'http://streamcraft.net/uploads/idlist/IC2/30247.png','2,',5,'',NULL),('Композитный слиток',30245,0,'',2,'http://streamcraft.net/uploads/idlist/IC2/30245.png','2,',5,'',NULL),('Бат-Бокс',227,0,'',4,'http://streamcraft.net/uploads/idlist/IC2/227.png','2,',5,'',NULL),('МФЭ',227,1,'',8,'http://streamcraft.net/uploads/idlist/IC2/227.1.png','2,',5,'',NULL),('ЭХО',227,2,'',15,'http://streamcraft.net/uploads/idlist/IC2/227.2.png','2,',5,'',NULL),('Батарейка',30238,0,'',1.2,'http://streamcraft.net/uploads/idlist/IC2/30238.png','2,',5,'',NULL),('Аккамулятор',30239,0,'',1,'http://streamcraft.net/uploads/idlist/IC2/30239.png','2,',5,'',NULL),('Энергетический кристалл',30241,1,'',1.5,'http://streamcraft.net/uploads/idlist/IC2/30241.1.png','2,',5,'',NULL),('Мультикристалл',30240,1,'',5,'http://streamcraft.net/uploads/idlist/IC2/30240.1.png','2,',5,'',NULL),('Оптоволокно',30184,9,'',0.6,'http://streamcraft.net/uploads/idlist/IC2/30184.9.png','2,',5,'',NULL),('Механизм',250,0,'',5,'http://streamcraft.net/uploads/idlist/IC2/250.png','2,',5,'',NULL),('Улучшенный механизм',250,12,'',10,'http://streamcraft.net/uploads/idlist/IC2/250.12.png','2,',5,'',NULL),('Электросхема',30191,0,'',2,'http://streamcraft.net/uploads/idlist/IC2/30191.png','2,',5,'',NULL),('Продвинутая электросхема',30190,0,'',6,'http://streamcraft.net/uploads/idlist/IC2/30190.png','2,',5,'',NULL),('Генератор',246,0,'',6,'http://streamcraft.net/uploads/idlist/IC2/246.png','2,',5,'',NULL),('Геотермальный генератор',246,1,'',9,'http://streamcraft.net/uploads/idlist/IC2/246.1.png','2,',5,'',NULL),('Ядерный реактор',246,5,'',20,'http://streamcraft.net/uploads/idlist/IC2/246.5.png','2,',5,'',NULL),('Блок реактора',233,0,'',10,'http://streamcraft.net/uploads/idlist/IC2/233.png','2,',5,'',NULL),('Обогащённый уран',30244,0,'',4,'http://streamcraft.net/uploads/idlist/IC2/30244.png','2,',5,'',NULL),('Электрическая печь',250,2,'',6,'http://streamcraft.net/uploads/idlist/IC2/250.2.png','2,',5,'',NULL),('Дробитель',250,3,'',8,'http://streamcraft.net/uploads/idlist/IC2/250.3.png','2,',5,'',NULL),('Экстрактор',250,4,'',8,'http://streamcraft.net/uploads/idlist/IC2/250.4.png','2,',5,'',NULL),('Компрессор',250,5,'',8,'http://streamcraft.net/uploads/idlist/IC2/250.5.png','2,',5,'',NULL),('Утилизатор',250,11,'',10,'http://streamcraft.net/uploads/idlist/IC2/250.11.png','2,',5,'',NULL),('Наполнитель',250,6,'',6,'http://streamcraft.net/uploads/idlist/IC2/250.6.png','2,',5,'',NULL),('Индукционная печь',250,13,'',10,'http://streamcraft.net/uploads/idlist/IC2/250.13.png','2,',5,'',NULL),('Генератор материи',250,14,'',25,'http://streamcraft.net/uploads/idlist/IC2/250.14.png','2,',5,'',NULL),('Катушка Теслы',223,1,'',5,'http://streamcraft.net/uploads/idlist/IC2/223.1.png','2,',5,'',NULL),('Телепорт',223,0,'',10,'http://streamcraft.net/uploads/idlist/IC2/223.png','2,',5,'',NULL),('Ускоритель',30125,0,'',3,'http://streamcraft.net/uploads/idlist/IC2/30125.png','2,',5,'',NULL),('Трансформатор',30125,1,'',5,'http://streamcraft.net/uploads/idlist/IC2/30125.1.png','2,',5,'',NULL),('Энергохранитель',30125,2,'',3,'http://streamcraft.net/uploads/idlist/IC2/30125.2.png','2,',5,'',NULL),('Композит',30187,0,'',2,'http://streamcraft.net/uploads/idlist/IC2/30187.png','2,',5,'',NULL),('Углепластик',30150,0,'',1.5,'http://streamcraft.net/uploads/idlist/IC2/30150.png','2,',5,'',NULL),('Иридиевый композит',30147,0,'',20,'http://streamcraft.net/uploads/idlist/IC2/30147.png','2,',5,'',NULL),('Материя',30188,0,'',1,'http://streamcraft.net/uploads/idlist/IC2/30188.png','2,',5,'',NULL),('Нано-шлем',30178,1,'',10,'http://streamcraft.net/uploads/idlist/IC2/30178.1.png','2,',2,'',NULL),('Нано-кираса',30177,1,'',20,'http://streamcraft.net/uploads/idlist/IC2/30177.1.png','2,',2,'',NULL),('Нано-поножи',30176,1,'',15,'http://streamcraft.net/uploads/idlist/IC2/30176.1.png','2,',2,'',NULL),('Нано-сапоги',30175,1,'',10,'http://streamcraft.net/uploads/idlist/IC2/30175.1.png','2,',2,'',NULL),('Квантовый шлем',30174,1,'',50,'http://streamcraft.net/uploads/idlist/IC2/30174.1.png','2,',2,'',NULL),('Квантовая кираса',30173,1,'',80,'http://streamcraft.net/uploads/idlist/IC2/30173.1.png','2,',2,'',NULL),('Квантовые поножи',30172,1,'',60,'http://streamcraft.net/uploads/idlist/IC2/30172.1.png','2,',2,'',NULL),('Квантовые сапоги',30171,1,'',50,'http://streamcraft.net/uploads/idlist/IC2/30171.1.png','2,',2,'',NULL),('Электрический реактивный ранец',30209,1,'',20,'http://streamcraft.net/uploads/idlist/IC2/30209.1.png','2,',5,'',NULL),('Реактивный ранец',30210,1,'',25,'http://streamcraft.net/uploads/idlist/IC2/30210.1.png','2,',5,'',NULL),('Нано-сабля',30148,1,'FIRE_ASPECT-30,',20,'http://streamcraft.net/uploads/idlist/IC2/30148.1.png','2,',2,'',NULL),('Алмазная труба',19421,0,'',0.8,'http://streamcraft.net/uploads/idlist/BC3/19421.png','2,',6,'',NULL),('Обсидиановая труба',19422,0,'',0.5,'http://streamcraft.net/uploads/idlist/BC3/19422.png','2,',6,'',NULL),('Изумрудная труба',19423,0,'',1,'http://streamcraft.net/uploads/idlist/BC3/19423.png','2,',6,'',NULL),('Изумрудная водонепроницаемая труба',19443,0,'',1,'http://streamcraft.net/uploads/idlist/BC3/19443.png','2,',6,'',NULL),('Алмазная шестерня',19360,0,'',10,'http://streamcraft.net/uploads/idlist/BC3/19360.png','2,',6,'',NULL),('Карьер',1503,0,'',35,'http://streamcraft.net/uploads/idlist/BC3/1503.png','2,',6,'premium',NULL),('Загрузочная воронка',1519,0,'',3,'http://streamcraft.net/uploads/idlist/BC3/1519.png','2,',6,'',NULL),('Механический двигатель',1510,0,'',3,'http://streamcraft.net/uploads/idlist/BC3/1510.png','2,',6,'',NULL),('Паровой двигатель',1510,1,'',5,'http://streamcraft.net/uploads/idlist/BC3/1510.1.png','2,',6,'',NULL),('ДВС',1510,2,'',10,'http://streamcraft.net/uploads/idlist/BC3/1510.2.png','2,',6,'',NULL),('Серебряный слиток',9258,3,'',0.6,'http://streamcraft.net/uploads/idlist/RP2/9258.3.png','2,',7,'',NULL),('Слиток синего сплава',9259,1,'',1,'http://streamcraft.net/uploads/idlist/RP2/9259.1.png','2,',7,'',NULL),('Латунный слиток',9259,2,'',1,'http://streamcraft.net/uploads/idlist/RP2/9259.2.png','2,',7,'',NULL),('Кремниевый монокристал',9259,3,'',3,'http://streamcraft.net/uploads/idlist/RP2/9259.3.png','2,',7,'',NULL),('Синяя плата',9259,5,'',0.5,'http://streamcraft.net/uploads/idlist/RP2/9259.5.png','2,',7,'',NULL),('Красная плата',9259,6,'',0.5,'http://streamcraft.net/uploads/idlist/RP2/9259.6.png','2,',7,'',NULL),('Качественная железная проволока',9259,9,'',2,'http://streamcraft.net/uploads/idlist/RP2/9259.9.png','2,',7,'',NULL),('Качественная медная проволока',9259,8,'',2,'http://streamcraft.net/uploads/idlist/RP2/9259.8.png','2,',7,'',NULL),('Медная катушка',9259,10,'',5,'http://streamcraft.net/uploads/idlist/RP2/9259.10.png','2,',7,'',NULL),('Блутрический мотор',9259,11,'',8,'http://streamcraft.net/uploads/idlist/RP2/9259.11.png','2,',7,'',NULL),('Транспортёр',763,2,'',5,'http://streamcraft.net/uploads/idlist/RP2/763.2.png','2,',7,'',NULL),('Фильтр',763,3,'',5,'http://streamcraft.net/uploads/idlist/RP2/763.3.png','2,',7,'',NULL),('Детектор предметов',763,4,'',4,'http://streamcraft.net/uploads/idlist/RP2/763.4.png','2,',7,'',NULL),('Разрушитель блоков',763,1,'',5,'http://streamcraft.net/uploads/idlist/RP2/763.1.png','2,',7,'',NULL),('Воспламенитель',763,12,'',6,'http://streamcraft.net/uploads/idlist/RP2/763.12.png','2,',7,'',NULL),('Регулятор',763,10,'',10,'http://streamcraft.net/uploads/idlist/RP2/763.10.png','2,',7,'',NULL),('Сборщик',763,12,'',8,'http://streamcraft.net/uploads/idlist/RP2/763.12.png','2,',7,'',NULL),('Жектор',763,14,'',8,'http://streamcraft.net/uploads/idlist/RP2/763.14.png','2,',7,'',NULL),('Реле',763,15,'',8,'http://streamcraft.net/uploads/idlist/RP2/763.15.png','2,',7,'',NULL),('Солнечная панель [RP2]',764,0,'',4,'http://streamcraft.net/uploads/idlist/RP2/764.png','2,',7,'',NULL),('Термоэлемент',763,11,'',2,'http://streamcraft.net/uploads/idlist/RP2/763.11.png','2,',7,'',NULL),('Кинетический генератор',763,9,'',10,'http://streamcraft.net/uploads/idlist/RP2/763.9.png','2,',7,'',NULL),('Аккумулятор',763,6,'',4,'http://streamcraft.net/uploads/idlist/RP2/763.6.png','2,',7,'',NULL),('Блутрический двигатель',767,0,'',12,'http://streamcraft.net/uploads/idlist/RP2/767.png','2,',7,'',NULL),('Блутрическая печь',751,1,'',2,'http://streamcraft.net/uploads/idlist/RP2/751.1.png','2,',7,'',NULL),('Сортировочная машина',763,5,'',6,'http://streamcraft.net/uploads/idlist/RP2/763.5.png','2,',7,'',NULL),('Менеджер',766,1,'',10,'http://streamcraft.net/uploads/idlist/RP2/766.1.png','2,',7,'',NULL),('Блутрическая плавильная печь',751,4,'',2,'http://streamcraft.net/uploads/idlist/RP2/751.4.png','2,',7,'',NULL),('Поисковик',763,8,'',8,'http://streamcraft.net/uploads/idlist/RP2/763.8.png','2,',7,'',NULL),('Насос',764,1,'',8,'http://streamcraft.net/uploads/idlist/RP2/764.1.png','2,',7,'',NULL),('Вертикальная турбина',9340,0,'',1,'http://streamcraft.net/uploads/idlist/RP2/9340.png','2,',7,'',NULL),('Трансформатор',764,4,'',5,'http://streamcraft.net/uploads/idlist/RP2/764.4.png','2,',7,'',NULL),('Центральный процессор',761,1,'',30,'http://streamcraft.net/uploads/idlist/RP2/761.1.png','2,',7,'',NULL),('Монитор',761,0,'',3,'http://streamcraft.net/uploads/idlist/RP2/761.png','2,',7,'',NULL),('Дисковод',761,2,'',8,'http://streamcraft.net/uploads/idlist/RP2/761.2.png','2,',7,'',NULL),('Звуковая отвертка',9336,0,'',1.5,'http://streamcraft.net/uploads/idlist/RP2/9336.png','2,',7,'',NULL),('Алмазная ножовка',9262,0,'',5,'http://streamcraft.net/uploads/idlist/RP2/9262.png','2,',7,'',NULL),('Алмазный серп',9276,0,'',6,'http://streamcraft.net/uploads/idlist/RP2/9276.png','2,',7,'',NULL),('Медная руда',1398,1,'',1,'http://streamcraft.net/uploads/idlist/FR/1398.1.png','2,',8,'',NULL),('Оловянная руда',1398,2,'',1,'http://streamcraft.net/uploads/idlist/FR/1398.2.png','2,',8,'',NULL),('Апатитовая руда',1398,0,'',1,'http://streamcraft.net/uploads/idlist/FR/1398.png','2,',8,'',NULL),('Гумус',1397,0,'',0.6,'http://streamcraft.net/uploads/idlist/FR/1397.png','2,',8,'',NULL),('Болотная земля',1397,1,'',1,'http://streamcraft.net/uploads/idlist/FR/1397.1.png','2,',8,'',NULL),('Апатит',5258,0,'',0.3,'http://streamcraft.net/uploads/idlist/FR/5258.png','2,',8,'',NULL),('Смолистый торф',13297,0,'',2.5,'http://streamcraft.net/uploads/idlist/FR/13297.png','2,',8,'',NULL),('Гаечный ключ',5263,0,'',1.5,'http://streamcraft.net/uploads/idlist/FR/5263.png','2,',8,'',NULL),('Паяльник',13369,0,'',1,'http://streamcraft.net/uploads/idlist/FR/13369.png','2,',8,'',NULL),('Пропитанный корпус',13380,0,'',2,'http://streamcraft.net/uploads/idlist/FR/13380.png','2,',8,'',NULL),('Прочная машина',5266,0,'',3,'http://streamcraft.net/uploads/idlist/FR/5266.png','2,',8,'',NULL),('Закалённая машина',5281,0,'',10,'http://streamcraft.net/uploads/idlist/FR/5281.png','2,',8,'',NULL),('Алмазная электронная лампа',13370,5,'',4,'http://streamcraft.net/uploads/idlist/FR/13370.5.png','2,',8,'',NULL),('Огненная электронная лампа',13370,7,'',5,'http://streamcraft.net/uploads/idlist/FR/13370.7.png','2,',8,'',NULL),('Изумрудная электронная лампа',13370,9,'',4,'http://streamcraft.net/uploads/idlist/FR/13370.9.png','2,',8,'',NULL),('Биотопливный двигатель',1404,0,'',5,'http://streamcraft.net/uploads/idlist/FR/1404.png','2,',8,'',NULL),('Торфяной двигатель',1404,1,'',7,'http://streamcraft.net/uploads/idlist/FR/1404.1.png','2,',8,'',NULL),('Электрический двигатель',1404,2,'',10,'http://streamcraft.net/uploads/idlist/FR/1404.2.png','2,',8,'',NULL),('Биогенератор',1405,4,'',6,'http://streamcraft.net/uploads/idlist/FR/1405.4.png','2,',8,'',NULL),('Плотник',1405,5,'',5,'http://streamcraft.net/uploads/idlist/FR/1405.5.png','2,',8,'',NULL),('Увлажнитель',1405,6,'',10,'http://streamcraft.net/uploads/idlist/FR/1405.6.png','2,',8,'',NULL),('Электроламповый завод',1405,11,'',10,'http://streamcraft.net/uploads/idlist/FR/1405.11.png','2,',8,'',NULL),('Соковыжималка',1405,9,'',7,'http://streamcraft.net/uploads/idlist/FR/1405.9.png','2,',8,'',NULL),('Бродильный аппарат',1405,0,'',10,'http://streamcraft.net/uploads/idlist/FR/1405.png','2,',8,'',NULL),('Дистиллятор',1405,1,'',5,'http://streamcraft.net/uploads/idlist/FR/1405.1.png','2,',8,'',NULL),('Разливочная машина',1405,2,'',6,'http://streamcraft.net/uploads/idlist/FR/1405.2.png','2,',8,'',NULL),('Сборщик дождя',1405,3,'',6,'http://streamcraft.net/uploads/idlist/FR/1405.3.png','2,',8,'',NULL),('Пшеничная ферма',1401,1,'',12,'http://streamcraft.net/uploads/idlist/FR/1401.1.png','2,',8,'',NULL),('Дендрарий',1401,0,'',12,'http://streamcraft.net/uploads/idlist/FR/1401.png','2,',8,'',NULL),('Адская ферма',1401,6,'',15,'http://streamcraft.net/uploads/idlist/FR/1401.6.png','2,',8,'',NULL),('Ферма Бахчевых',1401,3,'',15,'http://streamcraft.net/uploads/idlist/FR/1401.3.png','2,',8,'',NULL),('Торфяник',1401,4,'',12,'http://streamcraft.net/uploads/idlist/FR/1401.4.png','2,',8,'',NULL),('Грибная ферма',1401,5,'',5,'http://streamcraft.net/uploads/idlist/FR/1401.5.png','2,',8,'',NULL),('Комбайн',1403,1,'',12,'http://streamcraft.net/uploads/idlist/FR/1403.1.png','2,',8,'',NULL),('Лесоруб',1403,0,'',15,'http://streamcraft.net/uploads/idlist/FR/1403.png','2,',8,'',NULL),('Адский комбайн',1403,8,'',15,'http://streamcraft.net/uploads/idlist/FR/1403.8.png','2,',8,'',NULL),('Сборщик тыкв и арбузов',1403,3,'',18,'http://streamcraft.net/uploads/idlist/FR/1403.3.png','2,',8,'',NULL),('Сборщик торфа',1403,4,'',12,'http://streamcraft.net/uploads/idlist/FR/1403.4.png','2,',8,'',NULL),('Грибник',1403,6,'',18,'http://streamcraft.net/uploads/idlist/FR/1403.6.png','2,',8,'',NULL),('Сборщик кактусов',1403,5,'',18,'http://streamcraft.net/uploads/idlist/FR/1403.5.png','2,',8,'',NULL),('Сборщик тростника',1403,7,'',18,'http://streamcraft.net/uploads/idlist/FR/1403.7.png','2,',8,'',NULL),('Лесник',1406,0,'',20,'http://streamcraft.net/uploads/idlist/FR/1406.png','2,',8,'',NULL),('Извлекатель смолы',1406,2,'',12,'http://streamcraft.net/uploads/idlist/FR/1406.2.png','2,',8,'',NULL),('Защитная маска пчеловода',13356,0,'',5,'http://streamcraft.net/uploads/idlist/FR/13356.png','2,',2,'',NULL),('Халат пчеловода',13357,0,'',5,'http://streamcraft.net/uploads/idlist/FR/13357.png','2,',2,'',NULL),('Штаны пчеловода',13358,0,'',5,'http://streamcraft.net/uploads/idlist/FR/13358.png','2,',2,'',NULL),('Обувь пчеловода',13359,0,'',5,'http://streamcraft.net/uploads/idlist/FR/13359.png','2,',2,'',NULL),('Анализатор пчёл',13342,0,'',5,'http://streamcraft.net/uploads/idlist/FR/13342.png','2,',8,'',NULL),('Модификатор генома',13366,0,'',300,'http://streamcraft.net/uploads/idlist/FR/13366.png','2,',8,'',NULL),('Лесной улей',1399,1,'',25,'http://streamcraft.net/uploads/idlist/FR/1399.1.png','2,',8,'',NULL),('Луговой улей',1399,2,'',25,'http://streamcraft.net/uploads/idlist/FR/1399.2.png','2,',8,'',NULL),('Пустынный улей',1399,3,'',25,'http://streamcraft.net/uploads/idlist/FR/1399.3.png','2,',8,'',NULL),('Снежный улей',1399,6,'',25,'http://streamcraft.net/uploads/idlist/FR/1399.6.png','2,',8,'',NULL),('Тропический улей',1399,4,'',30,'http://streamcraft.net/uploads/idlist/FR/1399.4.png','2,',8,'',NULL),('Болотный улей',1399,7,'',30,'http://streamcraft.net/uploads/idlist/FR/1399.7.png','2,',8,'',NULL),('Улей Края',1399,5,'',60,'http://streamcraft.net/uploads/idlist/FR/1399.5.png','2,',8,'',NULL),('Пасека',1405,7,'',5,'http://streamcraft.net/uploads/idlist/FR/1405.7.png','2,',8,'',NULL),('Центрифуга',1405,8,'',10,'http://streamcraft.net/uploads/idlist/FR/1405.8.png','2,',8,'',NULL),('Анализатор',1406,4,'',20,'http://streamcraft.net/uploads/idlist/FR/1406.4.png','2,',8,'',NULL),('Труба пчеловода',14256,0,'',1,'http://streamcraft.net/uploads/idlist/FR/14256.png','2,',8,'',NULL),('Медовые соты',13360,0,'',2,'http://streamcraft.net/uploads/idlist/FR/13360.png','2,',8,'',NULL),('Капающие соты',13360,5,'',5,'http://streamcraft.net/uploads/idlist/FR/13360.5.png','2,',8,'',NULL),('Вязкие соты',13360,3,'',3,'http://streamcraft.net/uploads/idlist/FR/13360.3.png','2,',8,'',NULL),('Кипящие соты',13360,2,'',10,'http://streamcraft.net/uploads/idlist/FR/13360.2.png','2,',8,'',NULL),('Пересохшие соты',13360,7,'',5,'http://streamcraft.net/uploads/idlist/FR/13360.7.png','2,',8,'',NULL),('Морозные соты',13360,4,'',3,'http://streamcraft.net/uploads/idlist/FR/13360.4.png','2,',8,'',NULL),('Замшелые соты',13360,15,'',3,'http://streamcraft.net/uploads/idlist/FR/13360.15.png','2,',8,'',NULL),('Шелковистые соты',13360,6,'',8,'http://streamcraft.net/uploads/idlist/FR/13360.6.png','2,',8,'',NULL),('Какао соты',13360,1,'',8,'http://streamcraft.net/uploads/idlist/FR/13360.1.png','2,',8,'',NULL),('Пшеничные соты',13360,14,'',5,'http://streamcraft.net/uploads/idlist/FR/13360.14.png','2,',8,'',NULL),('Таинственные соты',13360,8,'',15,'http://streamcraft.net/uploads/idlist/FR/13360.8.png','2,',8,'',NULL),('Потемневшие соты',13360,12,'',15,'http://streamcraft.net/uploads/idlist/FR/13360.12.png','2,',8,'',NULL),('Покрасневшие соты',13360,11,'',15,'http://streamcraft.net/uploads/idlist/FR/13360.11.png','2,',8,'',NULL),('Омега-соты',13360,13,'',18,'http://streamcraft.net/uploads/idlist/FR/13360.13.png','2,',8,'',NULL),('Облучённые соты',13360,9,'',15,'http://streamcraft.net/uploads/idlist/FR/13360.9.png','2,',8,'',NULL),('Рыхлые соты',13360,10,'',12,'http://streamcraft.net/uploads/idlist/FR/13360.10.png','2,',8,'',NULL),('Прополис',13287,0,'',0.5,'http://streamcraft.net/uploads/idlist/FR/13287.png','2,',8,'',NULL),('Шелковистый прополис',13287,3,'',0.6,'http://streamcraft.net/uploads/idlist/FR/13287.3.png','2,',8,'',NULL),('Пульсирующий прополис',13287,2,'',0.7,'http://streamcraft.net/uploads/idlist/FR/13287.2.png','2,',8,'',NULL),('Бутерброд с мёдом',13291,0,'',4,'http://streamcraft.net/uploads/idlist/FR/13291.png','2,',8,'',NULL),('Амброзия',13293,0,'',8,'http://streamcraft.net/uploads/idlist/FR/13293.png','2,',8,'',NULL),('Целебный мёд',13292,1,'',10,'http://streamcraft.net/uploads/idlist/FR/13292.1.png','2,',8,'',NULL),('Ферма резины',1401,2,'',15,'http://streamcraft.net/uploads/idlist/FR/1401.2.png','2,',8,'',NULL),('Сборщик гевеи',1403,2,'',15,'http://streamcraft.net/uploads/idlist/FR/1403.2.png','2,',8,'',NULL),('Гравитационный нагрудник',30473,1,'',500,'http://streamcraft.net/uploads/idlist/GS/30473.1.png','2,',2,'',NULL),('Улучшенный нано-нагрудник',30483,1,'',250,'http://streamcraft.net/uploads/idlist/GS/30483.1.png','2,',2,'',NULL),('Совершенный мультиранец',30474,1,'',80,'http://streamcraft.net/uploads/idlist/GS/30474.1.png','2,',5,'',NULL),('Улучшенный реактивный ранец',30481,1,'',160,'http://streamcraft.net/uploads/idlist/GS/30481.1.png','2,',5,'',NULL),('Улучшенный алмазный бур',30478,1,'',40,'http://streamcraft.net/uploads/idlist/GS/30478.1.png','2,',3,'',NULL),('Улучшенная электропила',30479,1,'',35,'http://streamcraft.net/uploads/idlist/GS/30479.1.png','2,',3,'',NULL),('Ваджра',30477,1,'',250,'http://streamcraft.net/uploads/idlist/GS/30477.1.png','2,',2,'',NULL),('Настраиваемый электрический двигатель',695,3,'',50,'http://streamcraft.net/uploads/idlist/TS/695.3.png','2,',5,'',NULL),('Низковольтный генератор',696,0,'',15,'http://streamcraft.net/uploads/idlist/TS/696.png','2,',5,'',NULL),('Средневольтный генератор',696,1,'',25,'http://streamcraft.net/uploads/idlist/TS/696.1.png','2,',5,'',NULL),('Высоковольтный генератор',696,2,'',47,'http://streamcraft.net/uploads/idlist/TS/696.2.png','2,',5,'',NULL),('Ультравысоковольтный генератор',696,3,'',60,'http://streamcraft.net/uploads/idlist/TS/696.3.png','2,',5,'',NULL),('Продвинутая солнечная панель',650,0,'',40,'http://streamcraft.net/uploads/idlist/AD/194.png','2,',5,'',NULL),('Гибридная солнечная панель',650,1,'',100,'http://streamcraft.net/uploads/idlist/AD/194.1.png','2,',5,'',NULL),('Супер солнечная панель',650,2,'',200,'http://streamcraft.net/uploads/idlist/AD/194.2.png','2,',5,'',NULL),('Супер-СП шлем',19809,1,'',500,'http://streamcraft.net/uploads/idlist/AD/30834.1.png','2,',2,'',NULL),('Halite Blade',5489,0,'DAMAGE_ALL-50,',400,'http://streamcraft.net/uploads/idlist/DI/5489.png','5,',10,'',NULL),('Меч богов',276,1,'DAMAGE_ALL-70,DAMAGE_ARTHROPODS-70,DAMAGE_UNDEAD-70,FIRE_ASPECT-70,KNOCKBACK-70,LOOT_BONUS_MOBS-15,',300,'http://streamcraft.net/uploads/idlist/276.png','1,',2,'',NULL),('Меч богов',276,1,'DAMAGE_ALL-70,DAMAGE_ARTHROPODS-70,DAMAGE_UNDEAD-70,FIRE_ASPECT-70,KNOCKBACK-70,LOOT_BONUS_MOBS-15,',300,'http://streamcraft.net/uploads/idlist/276.png','2,',2,'',NULL),('Меч богов',276,1,'DAMAGE_ALL-70,DAMAGE_ARTHROPODS-70,DAMAGE_UNDEAD-70,FIRE_ASPECT-70,KNOCKBACK-70,LOOT_BONUS_MOBS-15,',300,'http://streamcraft.net/uploads/idlist/276.png','5,',2,'',NULL),('Halite Blade',5489,1,'DAMAGE_ALL-100,DAMAGE_ARTHROPODS-100,DAMAGE_UNDEAD-100,FIRE_ASPECT-100,KNOCKBACK-100,LOOT_BONUS_MOBS-15,',1000,'http://streamcraft.net/uploads/idlist/DI/5489.png','5,',10,'',NULL),('Ртутная руда',2402,0,'',1,'http://streamcraft.net/uploads/idlist/TC/2402.png','5,',9,'',NULL),('Air Infused Stone',2402,1,'',1.5,'http://streamcraft.net/uploads/idlist/TC/2402.1.png','5,',9,'',NULL),('Огненный заряженный камень',2402,2,'',1.5,'http://streamcraft.net/uploads/idlist/TC/2402.2.png','5,',9,'',NULL),('Водный заряженный камень',2402,3,'',1.5,'http://streamcraft.net/uploads/idlist/TC/2402.3.png','5,',9,'',NULL),('Земной заряженный камень',2402,4,'',1.5,'http://streamcraft.net/uploads/idlist/TC/2402.4.png','5,',9,'',NULL),('Магический заряженный камень',2402,5,'',1.5,'http://streamcraft.net/uploads/idlist/TC/2402.5.png','5,',9,'',NULL),('Порченый заряженный камень',2402,6,'',3,'http://streamcraft.net/uploads/idlist/TC/2402.6.png','5,',9,'',NULL),('Янтарная руда',2402,7,'',1,'http://streamcraft.net/uploads/idlist/TC/2402.7.png','5,',9,'',NULL),('Саженец Великого Дерева',2403,0,'',3,'http://streamcraft.net/uploads/idlist/TC/2403.png','5,',9,'',NULL),('Саженец Серебряного Дерева',2403,1,'',15,'http://streamcraft.net/uploads/idlist/TC/2403.1.png','5,',9,'',NULL),('Мерцающий лист',2403,2,'',15,'http://streamcraft.net/uploads/idlist/TC/2403.2.png','5,',9,'',NULL),('Огненный жемчуг',2403,3,'',1,'http://streamcraft.net/uploads/idlist/TC/2403.3.png','5,',9,'',NULL),('Великое Дерево',2404,0,'',1,'http://streamcraft.net/uploads/idlist/TC/2404.png','5,',9,'',NULL),('Серебряное Дерево',2404,1,'',1.5,'http://streamcraft.net/uploads/idlist/TC/2404.1.png','5,',9,'',NULL),('Листва Великого дерева',2405,0,'',0.5,'http://streamcraft.net/uploads/idlist/TC/2405.png','5,',9,'',NULL),('Листва Серебряного дерева',2405,1,'',1,'http://streamcraft.net/uploads/idlist/TC/2405.1.png','5,',9,'',NULL),('Тигель',2407,0,'',5,'http://streamcraft.net/uploads/idlist/TC/2407.png','5,',9,'',NULL),('Перегонный куб',2407,1,'',130,'http://streamcraft.net/uploads/idlist/TC/2407.1.png','5,',9,'',NULL),('Белый Маркер',2408,0,'',6,'http://streamcraft.net/uploads/idlist/TC/2408.png','5,',9,'',NULL),('Оранжевый Маркер',2408,1,'',6,'http://streamcraft.net/uploads/idlist/TC/2408.1.png','5,',9,'',NULL),('Пурпурный Маркер',2408,2,'',6,'http://streamcraft.net/uploads/idlist/TC/2408.2.png','5,',9,'',NULL),('Светло-Синий Маркер',2408,3,'',6,'http://streamcraft.net/uploads/idlist/TC/2408.3.png','5,',9,'',NULL),('Жёлтый Маркер',2408,4,'',6,'http://streamcraft.net/uploads/idlist/TC/2408.4.png','5,',9,'',NULL),('Светло-Зелёный Маркер',2408,5,'',6,'http://streamcraft.net/uploads/idlist/TC/2408.5.png','5,',9,'',NULL),('Розовый Маркер',2408,6,'',6,'http://streamcraft.net/uploads/idlist/TC/2408.6.png','5,',9,'',NULL),('Серый Маркер',2408,7,'',6,'http://streamcraft.net/uploads/idlist/TC/2408.7.png','5,',9,'',NULL),('Светло-Серый Маркер',2408,8,'',6,'http://streamcraft.net/uploads/idlist/TC/2408.8.png','5,',9,'',NULL),('Голубой Маркер',2408,9,'',6,'http://streamcraft.net/uploads/idlist/TC/2408.9.png','5,',9,'',NULL),('Фиолетовый Маркер',2408,10,'',6,'http://streamcraft.net/uploads/idlist/TC/2408.10.png','5,',9,'',NULL),('Синий Маркер',2408,11,'',6,'http://streamcraft.net/uploads/idlist/TC/2408.11.png','5,',9,'',NULL),('Коричневый Маркер',2408,12,'',6,'http://streamcraft.net/uploads/idlist/TC/2408.12.png','5,',9,'',NULL),('Зелёный Маркер',2408,13,'',6,'http://streamcraft.net/uploads/idlist/TC/2408.13.png','5,',9,'',NULL),('Красный Маркер',2408,14,'',6,'http://streamcraft.net/uploads/idlist/TC/2408.14.png','5,',9,'',NULL),('Чёрный Маркер',2408,15,'',6,'http://streamcraft.net/uploads/idlist/TC/2408.15.png','5,',9,'',NULL),('Стол',2409,0,'',1,'http://streamcraft.net/uploads/idlist/TC/2409.png','5,',9,'',NULL),('Волшебный Верстак',2409,15,'',40,'http://streamcraft.net/uploads/idlist/TC/2409.15.png','5,',9,'',NULL),('Волшебный сундук',2410,0,'',40,'http://streamcraft.net/uploads/idlist/TC/2410.png','5,',9,'',NULL),('Сальная свеча',2411,0,'',10,'http://streamcraft.net/uploads/idlist/TC/2411.png','5,',9,'',NULL),('Оранжевая сальная свеча',2411,1,'',10,'http://streamcraft.net/uploads/idlist/TC/2411.1.png','5,',9,'',NULL),('Пурпурная сальная свеча',2411,2,'',10,'http://streamcraft.net/uploads/idlist/TC/2411.2.png','5,',9,'',NULL),('Светло-синяя сальная свеча',2411,3,'',10,'http://streamcraft.net/uploads/idlist/TC/2411.3.png','5,',9,'',NULL),('Жёлтая сальная свеча',2411,4,'',10,'http://streamcraft.net/uploads/idlist/TC/2411.4.png','5,',9,'',NULL),('Светло-зелёная сальная свеча',2411,5,'',10,'http://streamcraft.net/uploads/idlist/TC/2411.5.png','5,',9,'',NULL),('Розовая сальная свеча',2411,6,'',10,'http://streamcraft.net/uploads/idlist/TC/2411.6.png','5,',9,'',NULL),('Серая сальная свеча',2411,7,'',10,'http://streamcraft.net/uploads/idlist/TC/2411.7.png','5,',9,'',NULL),('Светло-серая сальная свеча',2411,8,'',10,'http://streamcraft.net/uploads/idlist/TC/2411.8.png','5,',9,'',NULL),('Голубая сальная свеча',2411,9,'',10,'http://streamcraft.net/uploads/idlist/TC/2411.9.png','5,',9,'',NULL),('Фиолетовая сальная свеча',2411,10,'',10,'http://streamcraft.net/uploads/idlist/TC/2411.10.png','5,',9,'',NULL),('Синяя сальная свеча',2411,11,'',10,'http://streamcraft.net/uploads/idlist/TC/2411.11.png','5,',9,'',NULL),('Коричневая сальная свеча',2411,12,'',10,'http://streamcraft.net/uploads/idlist/TC/2411.12.png','5,',9,'',NULL),('Зелёная сальная свеча',2411,13,'',10,'http://streamcraft.net/uploads/idlist/TC/2411.13.png','5,',9,'',NULL),('Красная сальная свеча',2411,14,'',10,'http://streamcraft.net/uploads/idlist/TC/2411.14.png','5,',9,'',NULL),('Чёрная сальная свеча',2411,15,'',10,'http://streamcraft.net/uploads/idlist/TC/2411.15.png','5,',9,'',NULL),('Волшебный каменный блок',2412,0,'',50,'http://streamcraft.net/uploads/idlist/TC/2412.png','5,',9,'',NULL),('Волшебный деревянный блок',2413,0,'',30,'http://streamcraft.net/uploads/idlist/TC/2413.png','5,',9,'',NULL),('Банка',2414,0,'',20,'http://streamcraft.net/uploads/idlist/TC/2414.png','5,',9,'',NULL),('Мозги в банке',2414,1,'',30,'http://streamcraft.net/uploads/idlist/TC/2414.1.png','5,',9,'',NULL),('Волшебный каменный блок (чёрный)',2416,0,'',10,'http://streamcraft.net/uploads/idlist/TC/2416.png ','5,',9,'',NULL),('Волшебный каменный блок (красный)',2416,1,'',10,'http://streamcraft.net/uploads/idlist/TC/2416.1.png','5,',9,'',NULL),('Волшебный каменный блок (зелёный)',2416,2,'',10,'http://streamcraft.net/uploads/idlist/TC/2416.2.png','5,',9,'',NULL),('Волшебный каменный блок (коричневый)',2416,3,'',10,'http://streamcraft.net/uploads/idlist/TC/2416.3.png','5,',9,'',NULL),('Волшебный каменный блок (синий)',2416,4,'',10,'http://streamcraft.net/uploads/idlist/TC/2416.4.png','5,',9,'',NULL),('Волшебный каменный блок (фиолетовый)',2416,5,'',10,'http://streamcraft.net/uploads/idlist/TC/2416.5.png','5,',9,'',NULL),('Волшебный каменный блок (голубой)',2416,6,'',10,'http://streamcraft.net/uploads/idlist/TC/2416.6.png','5,',9,'',NULL),('Волшебный каменный блок (светло-серый)',2416,7,'',10,'http://streamcraft.net/uploads/idlist/TC/2416.7.png','5,',9,'',NULL),('Волшебный каменный блок (серый)',2416,8,'',10,'http://streamcraft.net/uploads/idlist/TC/2416.8.png','5,',9,'',NULL),('Волшебный каменный блок (розовый)',2416,9,'',10,'http://streamcraft.net/uploads/idlist/TC/2416.9.png','5,',9,'',NULL),('Волшебный каменный блок (светло-зелёный)',2416,10,'',10,'http://streamcraft.net/uploads/idlist/TC/2416.10.png','5,',9,'',NULL),('Волшебный каменный блок (жёлтый)',2416,11,'',10,'http://streamcraft.net/uploads/idlist/TC/2416.11.png','5,',9,'',NULL),('Волшебный каменный блок (светло-синий)',2416,12,'',10,'http://streamcraft.net/uploads/idlist/TC/2416.12.png','5,',9,'',NULL),('Волшебный каменный блок (пурпурный)',2416,13,'',10,'http://streamcraft.net/uploads/idlist/TC/2416.13.png','5,',9,'',NULL),('Волшебный каменный блок (оранжевый)',2416,14,'',10,'http://streamcraft.net/uploads/idlist/TC/2416.14.png','5,',9,'',NULL),('Волшебный каменный блок (белый)',2416,15,'',10,'http://streamcraft.net/uploads/idlist/TC/2416.15.png','5,',9,'',NULL),('Волшебные мехи',2417,0,'',30,'http://streamcraft.net/uploads/idlist/TC/2417.png','5,',9,'',NULL),('Волшебное ухо',2417,1,'',200,'http://streamcraft.net/uploads/idlist/TC/2417.1.png','5,',9,'',NULL),('Волшебная нажимная плита',2417,2,'',200,'http://streamcraft.net/uploads/idlist/TC/2417.2.png','5,',9,'',NULL),('Основа бура',2417,4,'',200,'http://streamcraft.net/uploads/idlist/TC/2417.4.png','5,',9,'',NULL),('Бур',2417,5,'',200,'http://streamcraft.net/uploads/idlist/TC/2417.5.png','5,',9,'',NULL),('Волшебный подъемник',2418,0,'',200,'http://streamcraft.net/uploads/idlist/TC/2418.png','5,',9,'',NULL),('Кристалл воздушного кластера',2420,0,'',50,'http://streamcraft.net/uploads/idlist/TC/2420.png','5,',9,'',NULL),('Кристалл огненного кластера',2420,1,'',50,'http://streamcraft.net/uploads/idlist/TC/2420.1.png','5,',9,'',NULL),('Кристалл водного кластера',2420,2,'',50,'http://streamcraft.net/uploads/idlist/TC/2420.2.png','5,',9,'',NULL),('Кристалл земного кластера',2420,3,'',50,'http://streamcraft.net/uploads/idlist/TC/2420.3.png','5,',9,'',NULL),('Кристалл магического кластера',2420,4,'',50,'http://streamcraft.net/uploads/idlist/TC/2420.4.png','5,',9,'',NULL),('Смешанный кластер',2420,5,'',100,'http://streamcraft.net/uploads/idlist/TC/2420.5.png','5,',9,'',NULL),('Кристаллическое ядро',2420,6,'',100,'http://streamcraft.net/uploads/idlist/TC/2420.6.png','5,',9,'',NULL),('Кристаллический конденсатор',2420,7,'',120,'http://streamcraft.net/uploads/idlist/TC/2420.7.png','5,',9,'',NULL),('Янтарный блок',2421,0,'',9,'http://streamcraft.net/uploads/idlist/TC/2421.png','5,',9,'',NULL),('Янтарный кирпич',2421,1,'',9,'http://streamcraft.net/uploads/idlist/TC/2421.1.png','5,',9,'',NULL),('Отражающее стекло',2421,2,'',40,'http://streamcraft.net/uploads/idlist/TC/2421.2.png','5,',9,'',NULL),('Обсидиановый тотем',2422,0,'',15,'http://streamcraft.net/uploads/idlist/TC/2422.png','5,',9,'',NULL),('Обсидиановая плитка',2422,1,'',15,'http://streamcraft.net/uploads/idlist/TC/2422.1.png','5,',9,'',NULL),('Магическое зеркало',2423,0,'',300,'http://streamcraft.net/uploads/idlist/TC/2423.png','5,',9,'',NULL),('Волшебная палочка ученика',25256,0,'',5,'http://streamcraft.net/uploads/idlist/TC/25256.png','5,',9,'',NULL),('Волшебная палочка адепта',25257,0,'',30,'http://streamcraft.net/uploads/idlist/TC/25257.png ','5,',9,'',NULL),('Волшебная палочка магистра',25258,0,'',150,'http://streamcraft.net/uploads/idlist/TC/25258.png','5,',9,'',NULL),('Посох огня',25259,0,'',100,'http://streamcraft.net/uploads/idlist/TC/25259.png','5,',9,'',NULL),('Посох молний',25260,0,'',100,'http://streamcraft.net/uploads/idlist/TC/25260.png','5,',9,'',NULL),('Колба',25261,0,'',0.5,'http://streamcraft.net/uploads/idlist/TC/25261.png','5,',9,'',NULL),('Эссенция Aura',25261,1,'',5,'http://streamcraft.net/uploads/idlist/TC/25261.1.png','5,',9,'',NULL),('Эссенция Motus',25261,2,'',5,'http://streamcraft.net/uploads/idlist/TC/25261.2.png','5,',9,'',NULL),('Эссенция Vacuos',25261,3,'',5,'http://streamcraft.net/uploads/idlist/TC/25261.3.png','5,',9,'',NULL),('Эссенция Visum',25261,4,'',5,'http://streamcraft.net/uploads/idlist/TC/25261.4.png','5,',9,'',NULL),('Эссенция Cognitio',25261,5,'',5,'http://streamcraft.net/uploads/idlist/TC/25261.5.png','5,',9,'',NULL),('Эссенция Volito',25261,6,'',5,'http://streamcraft.net/uploads/idlist/TC/25261.6.png','5,',9,'',NULL),('Эссенция Ignis',25261,7,'',5,'http://streamcraft.net/uploads/idlist/TC/25261.7.png','5,',9,'',NULL),('Эссенция Fractus',25261,8,'',5,'http://streamcraft.net/uploads/idlist/TC/25261.8.png','5,',9,'',NULL),('Эссенция Lux',25261,9,'',5,'http://streamcraft.net/uploads/idlist/TC/25261.9.png','5,',9,'',NULL),('Эссенция Potenia',25261,10,'',5,'http://streamcraft.net/uploads/idlist/TC/25261.10.png','5,',9,'',NULL),('Эссенция Machina',25261,11,'',5,'http://streamcraft.net/uploads/idlist/TC/25261.11.png','5,',9,'',NULL),('Эссенция Saxum',25261,12,'',5,'http://streamcraft.net/uploads/idlist/TC/25261.12.png','5,',9,'',NULL),('Эссенция Metallum',25261,13,'',5,'http://streamcraft.net/uploads/idlist/TC/25261.13.png','5,',9,'',NULL),('Эссенция Permutatio',25261,15,'',5,'http://streamcraft.net/uploads/idlist/TC/25261.15.png','5,',9,'',NULL),('Эссенция Pannus',25261,16,'',5,'http://streamcraft.net/uploads/idlist/TC/25261.16.png','5,',9,'',NULL),('Эссенция Solum',25261,17,'',5,'http://streamcraft.net/uploads/idlist/TC/25261.17.png','5,',9,'',NULL),('Эссенция Tutamen',25261,18,'',5,'http://streamcraft.net/uploads/idlist/TC/25261.18.png','5,',9,'',NULL),('Эссенция Telum',25261,19,'',5,'http://streamcraft.net/uploads/idlist/TC/25261.19.png','5,',9,'',NULL),('Эссенция Instrumentum',25261,20,'',5,'http://streamcraft.net/uploads/idlist/TC/25261.20.png','5,',9,'',NULL),('Эссенция Vitreus',25261,21,'',5,'http://streamcraft.net/uploads/idlist/TC/25261.21.png','5,',9,'',NULL),('Эссенция Aqua',25261,22,'',5,'http://streamcraft.net/uploads/idlist/TC/25261.22.png','5,',9,'',NULL),('Эссенция Aer',25261,23,'',5,'http://streamcraft.net/uploads/idlist/TC/25261.23.png','5,',9,'',NULL),('Эссенция Gelum',25261,24,'',5,'http://streamcraft.net/uploads/idlist/TC/25261.24.png','5,',9,'',NULL),('Эссенция Sonus',25261,25,'',5,'http://streamcraft.net/uploads/idlist/TC/25261.25.png','5,',9,'',NULL),('Эссенция Sano',25261,26,'',5,'http://streamcraft.net/uploads/idlist/TC/25261.26.png','5,',9,'',NULL),('Эссенция Victus',25261,27,'',5,'http://streamcraft.net/uploads/idlist/TC/25261.27.png','5,',9,'',NULL),('Эссенция Mortuus',25261,28,'',5,'http://streamcraft.net/uploads/idlist/TC/25261.28.png','5,',9,'',NULL),('Эссенция Vinculum',25261,29,'',5,'http://streamcraft.net/uploads/idlist/TC/25261.29.png','5,',9,'',NULL),('Эссенция Venenum',25261,30,'',5,'http://streamcraft.net/uploads/idlist/TC/25261.30.png','5,',9,'',NULL),('Эссенция Animus',25261,31,'',5,'http://streamcraft.net/uploads/idlist/TC/25261.31.png','5,',9,'',NULL),('Эссенция Carus',25261,32,'',5,'http://streamcraft.net/uploads/idlist/TC/25261.32.png','5,',9,'',NULL),('Эссенция Lignum',25261,33,'',5,'http://streamcraft.net/uploads/idlist/TC/25261.33.png','5,',9,'',NULL),('Эссенция Flos',25261,34,'',5,'http://streamcraft.net/uploads/idlist/TC/25261.34.png','5,',9,'',NULL),('Эссенция Fungus',25261,35,'',5,'http://streamcraft.net/uploads/idlist/TC/25261.35.png','5,',9,'',NULL),('Эссенция Messis',25261,36,'',5,'http://streamcraft.net/uploads/idlist/TC/25261.36.png','5,',9,'',NULL),('Эссенция Herba',25261,37,'',5,'http://streamcraft.net/uploads/idlist/TC/25261.37.png','5,',9,'',NULL),('Эссенция Purus',25261,38,'',5,'http://streamcraft.net/uploads/idlist/TC/25261.38.png','5,',9,'',NULL),('Эссенция Praencantatio',25261,41,'',5,'http://streamcraft.net/uploads/idlist/TC/25261.41.png','5,',9,'',NULL),('Эссенция Tempus',25261,42,'',5,'http://streamcraft.net/uploads/idlist/TC/25261.42.png','5,',9,'',NULL),('Эссенция Imperito',252561,49,'',5,'http://streamcraft.net/uploads/idlist/TC/25261.49.png','5,',9,'',NULL),('Эссенция Tenebris',25261,50,'',5,'http://streamcraft.net/uploads/idlist/TC/25261.50.png','5,',9,'',NULL),('Эссенция Fabrico',25261,51,'',5,'http://streamcraft.net/uploads/idlist/TC/25261.51.png','5,',9,'',NULL),('Эссенция Bestia',25261,54,'',5,'http://streamcraft.net/uploads/idlist/TC/25261.54.png','5,',9,'',NULL),('Эссенция Corpus',25261,55,'',5,'http://streamcraft.net/uploads/idlist/TC/25261.55.png','5,',9,'',NULL),('Эссенция Bestiola',25261,56,'',5,'http://streamcraft.net/uploads/idlist/TC/25261.56.png','5,',9,'',NULL),('Эссенция Malum',25261,57,'',5,'http://streamcraft.net/uploads/idlist/TC/25261.57.png','5,',9,'',NULL),('Эссенция Mutatio',25261,58,'',5,'http://streamcraft.net/uploads/idlist/TC/25261.58.png','5,',9,'',NULL),('Эссенция Alienis',25261,59,'',5,'http://streamcraft.net/uploads/idlist/TC/25261.59.png','5,',9,'',NULL),('Nitor',25263,1,'',20,'http://streamcraft.net/uploads/idlist/TC/25263.1.png','5,',9,'',NULL),('Волшебная руда',25263,2,'',10,'http://streamcraft.net/uploads/idlist/TC/25263.2.png','5,',9,'',NULL),('Ртуть',25263,3,'',1.5,'http://streamcraft.net/uploads/idlist/TC/25263.3.png','5,',9,'',NULL),('Магический жир',25263,4,'',5,'http://streamcraft.net/uploads/idlist/TC/25263.4.png','5,',9,'',NULL),('Мозг зомби',25263,5,'',5,'http://streamcraft.net/uploads/idlist/TC/25263.5.png','5,',9,'',NULL),('Янтарь',25263,6,'',2,'http://streamcraft.net/uploads/idlist/TC/25263.6.png','5,',9,'',NULL),('Зачарованная ткань',25263,7,'',10,'http://streamcraft.net/uploads/idlist/TC/25263.7.png','5,',9,'',NULL),('Фильтр порчи',25263,8,'',100,'http://streamcraft.net/uploads/idlist/TC/25263.8.png','5,',9,'',NULL),('Осколок знаний',25263,9,'',20,'http://streamcraft.net/uploads/idlist/TC/25263.9.png','5,',9,'',NULL),('Зеракльное стекло',25263,10,'',20,'http://streamcraft.net/uploads/idlist/TC/25263.10.png','5,',9,'',NULL),('Осколок воздуха',25264,0,'',1.5,'http://streamcraft.net/uploads/idlist/TC/25264.png','5,',9,'',NULL),('Осколок огня',25264,1,'',1.5,'http://streamcraft.net/uploads/idlist/TC/25264.1.png','5,',9,'',NULL),('Осколок воды',25264,2,'',1.5,'http://streamcraft.net/uploads/idlist/TC/25264.2.png','5,',9,'',NULL),('Осколок земли',25264,3,'',1.5,'http://streamcraft.net/uploads/idlist/TC/25264.3.png','5,',9,'',NULL),('Осколок магии',25264,4,'',1.5,'http://streamcraft.net/uploads/idlist/TC/25264.4.png','5,',9,'',NULL),('Осколок пустоты',25264,5,'',10,'http://streamcraft.net/uploads/idlist/TC/25264.5.png','5,',9,'',NULL),('Пишущие инструменты',25266,0,'',3,'http://streamcraft.net/uploads/idlist/TC/25266.png','5,',9,'',NULL),('Thaumonomicom',25267,0,'',15,'http://streamcraft.net/uploads/idlist/TC/25267.png','5,',9,'',NULL),('Portable Hole',25268,0,'',100,'http://streamcraft.net/uploads/idlist/TC/25268.png','5,',9,'',NULL),('Thaumometer',25269,0,'',40,'http://streamcraft.net/uploads/idlist/TC/25269.png','5,',9,'',NULL),('Деревянный голем',25271,0,'',100,'http://streamcraft.net/uploads/idlist/TC/25271.png','5,',9,'',NULL),('Деревянный голем (быстрый)',25271,1,'',100,'http://streamcraft.net/uploads/idlist/TC/25271.1.png','5,',9,'',NULL),('Деревянный голем (умный)',25271,2,'',100,'http://streamcraft.net/uploads/idlist/TC/25271.2.png','5,',9,'',NULL),('Деревянный голем (восприимчивый)',25271,3,'',100,'http://streamcraft.net/uploads/idlist/TC/25271.3.png','5,',9,'',NULL),('Деревянный голем (сильный)',25271,4,'',100,'http://streamcraft.net/uploads/idlist/TC/25271.4.png','5,',9,'',NULL),('Глиняный голем',25271,16,'',100,'http://streamcraft.net/uploads/idlist/TC/25271.16.png','5,',9,'',NULL),('Глиняный голем (быстрый)',25271,17,'',100,'http://streamcraft.net/uploads/idlist/TC/25271.17.png','5,',9,'',NULL),('Глиняный голем (умный)',25271,18,'',100,'http://streamcraft.net/uploads/idlist/TC/25271.18.png','5,',9,'',NULL),('Глиняный голем (восприимчивый)',25271,19,'',100,'http://streamcraft.net/uploads/idlist/TC/25271.19.png','5,',9,'',NULL),('Глиняный голем (сильный)',25271,20,'',100,'http://streamcraft.net/uploads/idlist/TC/25271.20.png','5,',9,'',NULL),('Каменный голем',25271,32,'',100,'http://streamcraft.net/uploads/idlist/TC/25271.32.png','5,',9,'',NULL),('Каменный голем (быстрый)',25271,33,'',100,'http://streamcraft.net/uploads/idlist/TC/25271.33.png','5,',9,'',NULL),('Каменный голем (умный)',25271,34,'',100,'http://streamcraft.net/uploads/idlist/TC/25271.34.png','5,',9,'',NULL),('Каменный голем (восприимчивый)',25271,35,'',100,'http://streamcraft.net/uploads/idlist/TC/25271.35.png','5,',9,'',NULL),('Каменный голем (сильный)',25271,36,'',100,'http://streamcraft.net/uploads/idlist/TC/25271.36.png','5,',9,'',NULL),('Голем из магического жира',25271,48,'',100,'http://streamcraft.net/uploads/idlist/TC/25271.48.png','5,',9,'',NULL),('Голем из магического жира (быстрый)',25271,49,'',100,'http://streamcraft.net/uploads/idlist/TC/25271.49.png','5,',9,'',NULL),('Голем из магического жира (восприимчивый)',25271,51,'',100,'http://streamcraft.net/uploads/idlist/TC/25271.51.png','5,',9,'',NULL),('Голем из магического жира (сильный)',25271,52,'',100,'http://streamcraft.net/uploads/idlist/TC/25271.52.png','5,',9,'',NULL),('Соломенный голем',25271,64,'',100,'http://streamcraft.net/uploads/idlist/TC/25271.64.png','5,',9,'',NULL),('Соломенный голем (быстрый)',25271,65,'',100,'http://streamcraft.net/uploads/idlist/TC/25271.65.png','5,',9,'',NULL),('Соломенный голем (умный)',25271,66,'',100,'http://streamcraft.net/uploads/idlist/TC/25271.66.png','5,',9,'',NULL),('Соломенный голем (восприимчивый)',25271,67,'',100,'http://streamcraft.net/uploads/idlist/TC/25271.67.png','5,',9,'',NULL),('Мозговитый глиняный голем',25271,80,'',100,'http://streamcraft.net/uploads/idlist/TC/25271.80.png','5,',9,'',NULL),('Мозговитый каменный голем',25271,96,'',100,'http://streamcraft.net/uploads/idlist/TC/25271.96.png','5,',9,'',NULL),('Железный голем защитник',25271,112,'',100,'http://streamcraft.net/uploads/idlist/TC/25271.112.png','5,',9,'',NULL),('Железный голем защитник (быстрый)',25271,113,'',100,'http://streamcraft.net/uploads/idlist/TC/25271.113.png','5,',9,'',NULL),('Железный голем защитник (умный)',25271,114,'',100,'http://streamcraft.net/uploads/idlist/TC/25271.114.png','5,',9,'',NULL),('Железный голем защитник (восприимчивый)',25271,115,'',100,'http://streamcraft.net/uploads/idlist/TC/25271.115.png','5,',9,'',NULL),('Железный голем защитник (сильный)',25271,116,'',100,'http://streamcraft.net/uploads/idlist/TC/25271.116.png','5,',9,'',NULL),('Очки откровения',25272,0,'',150,'http://streamcraft.net/uploads/idlist/TC/25272.png','5,',9,'',NULL),('Thaumium Helm',25273,0,'',50,'http://streamcraft.net/uploads/idlist/TC/25273.png','5,',9,'',NULL),('Thaumium Chestplate',25274,0,'',80,'http://streamcraft.net/uploads/idlist/TC/25274.png','5,',9,'',NULL),('Thaumium Leggings',25275,0,'',70,'http://streamcraft.net/uploads/idlist/TC/25275.png','5,',9,'',NULL),('Thaumium Boots',25276,0,'',40,'http://streamcraft.net/uploads/idlist/TC/25276.png','5,',9,'',NULL),('Thaumium Shovel',25277,0,'',10,'http://streamcraft.net/uploads/idlist/TC/25277.png','5,',9,'',NULL),('Thaumium Pickaxe',25278,0,'',30,'http://streamcraft.net/uploads/idlist/TC/25278.png','5,',9,'',NULL),('Thaumium Axe',25279,0,'',30,'http://streamcraft.net/uploads/idlist/TC/25279.png','5,',9,'',NULL),('Thaumium Sword',25280,0,'',20,'http://streamcraft.net/uploads/idlist/TC/25280.png','5,',9,'',NULL),('Thaumium Hoe',25281,0,'',20,'http://streamcraft.net/uploads/idlist/TC/25281.png','5,',9,'',NULL),('Сердце голема (стандарт)',25282,0,'',40,'http://streamcraft.net/uploads/idlist/TC/25282.png','5,',9,'',NULL),('Сердце голема (скорость)',25282,1,'',40,'http://streamcraft.net/uploads/idlist/TC/25282.1.png','5,',9,'',NULL),('Сердце голема (разум)',25282,2,'',40,'http://streamcraft.net/uploads/idlist/TC/25282.2.png','5,',9,'',NULL),('Сердце голема (восприятие)',25282,3,'',40,'http://streamcraft.net/uploads/idlist/TC/25282.3.png','5,',9,'',NULL),('Сердце голема (сила)',25282,4,'',40,'http://streamcraft.net/uploads/idlist/TC/25282.4.png','5,',9,'',NULL),('Посох равноценного обмена',25283,0,'',150,'http://streamcraft.net/uploads/idlist/TC/25283.png','5,',9,'',NULL),('Жезл земли',25284,0,'',150,'http://streamcraft.net/uploads/idlist/TC/25284.png','5,',9,'',NULL),('Волшебная дверь',25285,0,'',50,'http://streamcraft.net/uploads/idlist/TC/25285.png','5,',9,'',NULL),('Iron Nugget',25286,0,'',0.1,'http://streamcraft.net/uploads/idlist/TC/25286.png','5,',9,'',NULL),('Осколок ртути',25286,5,'',0.1,'http://streamcraft.net/uploads/idlist/TC/25286.5.png','5,',9,'',NULL),('Кластер железа',25286,16,'',50,'http://streamcraft.net/uploads/idlist/TC/25286.16.png','5,',9,'',NULL),('Кластер золота',25286,31,'',50,'http://streamcraft.net/uploads/idlist/TC/25286.31.png','5,',9,'',NULL),('Сапоги путешественника',25287,0,'',150,'http://streamcraft.net/uploads/idlist/TC/25287.png','5,',9,'',NULL),('Часть курицы',25288,0,'',0.5,'http://streamcraft.net/uploads/idlist/TC/25288.png','5,',9,'',NULL),('Часть говядины',25289,0,'',0.5,'http://streamcraft.net/uploads/idlist/TC/25289.png','5,',9,'',NULL),('Часть свинины',25290,0,'',0.5,'http://streamcraft.net/uploads/idlist/TC/25290.png','5,',9,'',NULL),('Аксессуар: Шляпа',25292,0,'',50,'http://streamcraft.net/uploads/idlist/TC/25292.png','5,',9,'',NULL),('Аксессуар: Очки',25292,1,'',50,'http://streamcraft.net/uploads/idlist/TC/25292.1.png','5,',9,'',NULL),('Аксессуар: Бабочка',25292,2,'',50,'http://streamcraft.net/uploads/idlist/TC/25292.2.png','5,',9,'',NULL),('Аксессуар: Феска',25292,3,'',50,'http://streamcraft.net/uploads/idlist/TC/25292.3.png','5,',9,'',NULL),('Аксессуар: Дротики',25292,4,'',50,'http://streamcraft.net/uploads/idlist/TC/25292.4.png','5,',9,'',NULL),('Аксессуар: Маска',25292,5,'',50,'http://streamcraft.net/uploads/idlist/TC/25292.5.png','5,',9,'',NULL),('Аксессуар: Железная защита',25292,6,'',50,'http://streamcraft.net/uploads/idlist/TC/25292.6.png','5,',9,'',NULL),('Желз девяти кругов ада',25293,0,'',150,'http://streamcraft.net/uploads/idlist/TC/25293.png','5,',9,'',NULL),('Жезл мороза',25294,0,'',30,'http://streamcraft.net/uploads/idlist/TC/25294.png','5,',9,'',NULL),('Тройной кусок мяса',25295,0,'',3,'http://streamcraft.net/uploads/idlist/TC/25295.png','5,',9,'',NULL),('Меч воздуха',25296,0,'',150,'http://streamcraft.net/uploads/idlist/TC/25296.png','5,',9,'',NULL),('Shovel of the Earthmover',25297,0,'',50,'http://streamcraft.net/uploads/idlist/TC/25297.png','5,',9,'',NULL),('Pickaxe of the Core',25298,0,'',50,'http://streamcraft.net/uploads/idlist/TC/25298.png','5,',9,'',NULL),('Топор потока',25299,0,'',50,'http://streamcraft.net/uploads/idlist/TC/25299.png','5,',9,'',NULL),('Мотыга роста',25300,0,'',100,'http://streamcraft.net/uploads/idlist/TC/25300.png','5,',9,'',NULL),('Thaumaturge\'s Robe',25301,0,'',80,'http://streamcraft.net/uploads/idlist/TC/25301.png','5,',9,'',NULL),('Thaumaturge\'s Leggings',25302,0,'',80,'http://streamcraft.net/uploads/idlist/TC/25302.png','5,',9,'',NULL),('Ботинки чудотворца',25303,0,'',80,'http://streamcraft.net/uploads/idlist/TC/25303.png','5,',9,'',NULL),('Железный волшебный ключ',25304,0,'',50,'http://streamcraft.net/uploads/idlist/TC/25304.png','5,',9,'',NULL),('Золотой волшебный ключ',25304,1,'',50,'http://streamcraft.net/uploads/idlist/TC/25304.1.png','5,',9,'',NULL),('Magic Hand Mirror',25305,0,'',150,'http://streamcraft.net/uploads/idlist/TC/25305.png','5,',9,'',NULL),('Inferno Sword',5322,0,'',10,'http://streamcraft.net/uploads/idlist/DG/Weapons/5322.png','5,',10,'',NULL),('Arlemite Stabber',5323,0,'',5,'http://streamcraft.net/uploads/idlist/DG/Weapons/5323.png','5,',10,'',NULL),('Rupee Rapier',5324,0,'',10,'http://streamcraft.net/uploads/idlist/DG/Weapons/5324.png','5,',10,'',NULL),('Slime Sword',5325,0,'',25,'http://streamcraft.net/uploads/idlist/DG/Weapons/5325.png','5,',10,'',NULL),('Fury Maul',5326,0,'',40,'http://streamcraft.net/uploads/idlist/DG/Weapons/5326.png','5,',10,'',NULL),('Bedrock Maul',5327,0,'',50,'http://streamcraft.net/uploads/idlist/DG/Weapons/5327.png','5,',10,'',NULL),('Realmite Sword',5333,0,'',5,'http://streamcraft.net/uploads/idlist/DG/Weapons/5333.png','5,',10,'',NULL),('Bedrock Sword',5337,0,'',30,'http://streamcraft.net/uploads/idlist/DG/Weapons/5337.png','5,',10,'',NULL),('Bluefire Sword',5342,0,'',40,'http://streamcraft.net/uploads/idlist/DG/Weapons/5342.png','5,',10,'',NULL),('Bloodgem Sword ',5344,0,'',15,'http://streamcraft.net/uploads/idlist/DG/Weapons/5344.png','5,',10,'',NULL),('Aquaton',5345,0,'',25,'http://streamcraft.net/uploads/idlist/DG/Weapons/5345.png','5,',10,'',NULL),('Aquatic Trident',5346,0,'',20,'http://streamcraft.net/uploads/idlist/DG/Weapons/5346.png','5,',10,'',NULL),('Aquatic Dagger',5347,0,'',10,'http://streamcraft.net/uploads/idlist/DG/Weapons/5347.png','5,',10,'',NULL),('Crabclaw Maul',5348,0,'',10,'http://streamcraft.net/uploads/idlist/DG/Weapons/5348.png','5,',10,'',NULL),('Ender Sword Yellow',5349,0,'',75,'http://streamcraft.net/uploads/idlist/DG/Weapons/5349.png','5,',10,'',NULL),('Ender Sword Red',5350,0,'',75,'http://streamcraft.net/uploads/idlist/DG/Weapons/5350.png','5,',10,'',NULL),('Ender Sword Green',5351,0,'',75,'http://streamcraft.net/uploads/idlist/DG/Weapons/5351.png','5,',10,'',NULL),('Ender Sword Black',5352,0,'',75,'http://streamcraft.net/uploads/idlist/DG/Weapons/5352.png','5,',10,'',NULL),('Ender Sword Blue',5353,0,'',75,'http://streamcraft.net/uploads/idlist/DG/Weapons/5353.png','5,',10,'',NULL),('Ender Sword',5354,0,'',60,'http://streamcraft.net/uploads/idlist/DG/Weapons/5354.png','5,',10,'',NULL),('Scorching Sword',5355,0,'',40,'http://streamcraft.net/uploads/idlist/DG/Weapons/5355.png','5,',10,'',NULL),('Palavence',5356,0,'',15,'http://streamcraft.net/uploads/idlist/DG/Weapons/5356.png','5,',10,'',NULL),('Massivence',5357,0,'',15,'http://streamcraft.net/uploads/idlist/DG/Weapons/5357.png','5,',10,'',NULL),('Aquatic Maul',5358,0,'',30,'http://streamcraft.net/uploads/idlist/DG/Weapons/5358.png','5,',10,'',NULL),('Poison Saber',5370,0,'',35,'http://streamcraft.net/uploads/idlist/DG/Weapons/5370.png','5,',10,'',NULL),('Donator Sword',5371,0,'',20,'http://streamcraft.net/uploads/idlist/DG/Weapons/5371.png','5,',10,'',NULL),('Divine Sword',5372,0,'',50,'http://streamcraft.net/uploads/idlist/DG/Weapons/5372.png','5,',10,'',NULL),('SandSlash',5393,0,'',60,'http://streamcraft.net/uploads/idlist/DG/Weapons/5393.png','5,',10,'',NULL),('Dravite Blade',5472,0,'',100,'http://streamcraft.net/uploads/idlist/DG/Weapons/5472.png','5,',10,'',NULL),('Azurite Blade',5476,0,'',130,'http://streamcraft.net/uploads/idlist/DG/Weapons/5476.png','5,',10,'',NULL),('Uvite Blade',5480,0,'',160,'http://streamcraft.net/uploads/idlist/DG/Weapons/5480.png','5,',10,'',NULL),('Mythril Blade',5484,0,'',190,'http://streamcraft.net/uploads/idlist/DG/Weapons/5484.png','5,',10,'',NULL),('Augite Blade',5488,0,'',220,'http://streamcraft.net/uploads/idlist/DG/Weapons/5488.png','5,',10,'',NULL),('Halite Blade',5489,0,'',250,'http://streamcraft.net/uploads/idlist/DG/Weapons/5489.png','5,',10,'',NULL),('Shark Sword',5564,0,'',15,'http://streamcraft.net/uploads/idlist/DG/Weapons/5564.png','5,',10,'',NULL),('Ocean Knife',5565,0,'',15,'http://streamcraft.net/uploads/idlist/DG/Weapons/5565.png','5,',10,'',NULL),('Dual Claw',5568,0,'',10,'http://streamcraft.net/uploads/idlist/DG/Weapons/5568.png','5,',10,'',NULL),('Corrupted Maul',5676,0,'',40,'http://streamcraft.net/uploads/idlist/DG/Weapons/5676.png','5,',10,'',NULL),('Death Bringer',5677,0,'',30,'http://streamcraft.net/uploads/idlist/DG/Weapons/5677.png','5,',10,'',NULL),('Molten Sword',5701,0,'',25,'http://streamcraft.net/uploads/idlist/DG/Weapons/5701.png','5,',10,'',NULL),('Frost Sword',5702,0,'',15,'http://streamcraft.net/uploads/idlist/DG/Weapons/5702.png','5,',10,'',NULL),('Arcanium Reflector',5706,0,'',30,'http://streamcraft.net/uploads/idlist/DG/Weapons/5706.png','5,',10,'',NULL),('Storm Sword',5707,0,'',100,'http://streamcraft.net/uploads/idlist/DG/Weapons/5707.png','5,',10,'',NULL),('Ghostbane',5709,0,'',90,'http://streamcraft.net/uploads/idlist/DG/Weapons/5709.png','5,',10,'',NULL),('Shadow Saber',5711,0,'',40,'http://streamcraft.net/uploads/idlist/DG/Weapons/5711.png','5,',10,'',NULL),('Ender Scepter',5712,0,'',150,'http://streamcraft.net/uploads/idlist/DG/Weapons/5712.png','5,',10,'',NULL),('Arcanium Saber',5716,0,'',70,'http://streamcraft.net/uploads/idlist/DG/Weapons/5716.png','5,',10,'',NULL),('Livicia Sword',5721,0,'',160,'http://streamcraft.net/uploads/idlist/DG/Weapons/5721.png','5,',10,'',NULL),('Icicle Bane',5739,0,'',25,'http://streamcraft.net/uploads/idlist/DG/Weapons/5739.png','5,',10,'',NULL),('Icine Sword',5741,0,'',130,'http://streamcraft.net/uploads/idlist/DG/Weapons/5741.png','5,',10,'',NULL),('Frossivence',5742,0,'',10,'http://streamcraft.net/uploads/idlist/DG/Weapons/5742.png','5,',10,'',NULL),('Enderice',5743,0,'',100,'http://streamcraft.net/uploads/idlist/DG/Weapons/5743.png','5,',10,'',NULL),('Snowslash',5744,0,'',130,'http://streamcraft.net/uploads/idlist/DG/Weapons/5744.png','5,',10,'',NULL),('Glacier Sword',5746,0,'',60,'http://streamcraft.net/uploads/idlist/DG/Weapons/5746.png','5,',10,'',NULL),('Frostking Sword',5747,0,'',40,'http://streamcraft.net/uploads/idlist/DG/Weapons/5747.png','5,',10,'',NULL),('Frozen Maul',5748,0,'',130,'http://streamcraft.net/uploads/idlist/DG/Weapons/5748.png','5,',10,'',NULL),('Flaming Fury',5769,0,'',140,'http://streamcraft.net/uploads/idlist/DG/Weapons/5769.png','5,',10,'',NULL),('Arksiane WrathHammer',5789,0,'',40,'http://streamcraft.net/uploads/idlist/DG/Weapons/5789.png','5,',10,'',NULL),('Arksiane Wrathsword',5798,0,'',40,'http://streamcraft.net/uploads/idlist/DG/Weapons/5798.png','5,',10,'',NULL),('Arkasiane WrathClaw',5807,0,'',50,'http://streamcraft.net/uploads/idlist/DG/Weapons/5807.png','5,',10,'',NULL),('Everlight',5907,0,'',60,'http://streamcraft.net/uploads/idlist/DG/Weapons/5907.png','5,',10,'',NULL),('Everbright',5908,0,'',60,'http://streamcraft.net/uploads/idlist/DG/Weapons/5908.png','5,',10,'',NULL),('Serenade Health',5328,0,'',12,'http://streamcraft.net/uploads/idlist/DG/Rangedweapons/5328.png','5,',10,'',NULL),('Serenade Striker',5329,0,'',20,'http://streamcraft.net/uploads/idlist/DG/Rangedweapons/5329.png','5,',10,'',NULL),('Shuriken',5373,0,'',0.25,'http://streamcraft.net/uploads/idlist/DG/Rangedweapons/5373.png','5,',10,'',NULL),('Vile Storm',5374,0,'',1.25,'http://streamcraft.net/uploads/idlist/DG/Rangedweapons/5374.png','5,',10,'',NULL),('Sound Of Music',5375,0,'',100,'http://streamcraft.net/uploads/idlist/DG/Rangedweapons/5375.png','5,',10,'',NULL),('Ghast Cannon',5376,0,'',200,'http://streamcraft.net/uploads/idlist/DG/Rangedweapons/5376.png','5,',10,'',NULL),('Maelstorm',5386,0,'',40,'http://streamcraft.net/uploads/idlist/DG/Rangedweapons/5386.png','5,',10,'',NULL),('Frost Cannon',5387,0,'',40,'http://streamcraft.net/uploads/idlist/DG/Rangedweapons/5387.png','5,',10,'',NULL),('Shadow Bow',5388,0,'',40,'http://streamcraft.net/uploads/idlist/DG/Rangedweapons/5388.png','5,',10,'',NULL),('Inferno Bow',5389,0,'',20,'http://streamcraft.net/uploads/idlist/DG/Rangedweapons/5389.png','5,',10,'',NULL),('Hunter Bow',5390,0,'',40,'http://streamcraft.net/uploads/idlist/DG/Rangedweapons/5390.png','5,',10,'',NULL),('Bluefire Bow',5391,0,'',40,'http://streamcraft.net/uploads/idlist/DG/Rangedweapons/5391.png','5,',10,'',NULL),('Serenade Of Death',5392,0,'',65,'http://streamcraft.net/uploads/idlist/DG/Rangedweapons/5392.png','5,',10,'',NULL),('Dravite Bow',5495,0,'',160,'http://streamcraft.net/uploads/idlist/DG/Rangedweapons/5495.png','5,',10,'',NULL),('Azurite Bow',5496,0,'',200,'http://streamcraft.net/uploads/idlist/DG/Rangedweapons/5496.png','5,',10,'',NULL),('Uvite Bow',5497,0,'',280,'http://streamcraft.net/uploads/idlist/DG/Rangedweapons/5497.png','5,',10,'',NULL),('Mythril Bow',5498,0,'',320,'http://streamcraft.net/uploads/idlist/DG/Rangedweapons/5498.png','5,',10,'',NULL),('Augite Bow',5499,0,'',400,'http://streamcraft.net/uploads/idlist/DG/Rangedweapons/5499.png','5,',10,'',NULL),('Halite Bow',5500,0,'',450,'http://streamcraft.net/uploads/idlist/DG/Rangedweapons/5500.png','5,',10,'',NULL),('Dravite Slicer',5502,0,'',0.05,'http://streamcraft.net/uploads/idlist/DG/Rangedweapons/5502.png','5,',10,'',NULL),('Azurite Slicer',5503,0,'',0.1,'http://streamcraft.net/uploads/idlist/DG/Rangedweapons/5503.png','5,',10,'',NULL),('Uvite Slicer',5504,0,'',0.2,'http://streamcraft.net/uploads/idlist/DG/Rangedweapons/5504.png','5,',10,'',NULL),('Mythril Slice',5505,0,'',0.3,'http://streamcraft.net/uploads/idlist/DG/Rangedweapons/5505.png','5,',10,'',NULL),('Augite Slicer',5506,0,'',0.4,'http://streamcraft.net/uploads/idlist/DG/Rangedweapons/5506.png','5,',10,'',NULL),('Halite Slicer',5507,0,'',0.5,'http://streamcraft.net/uploads/idlist/DG/Rangedweapons/5507.png','5,',10,'',NULL),('Dravite Blitz',5509,0,'',440,'http://streamcraft.net/uploads/idlist/DG/Rangedweapons/5509.png','5,',10,'',NULL),('Azurite Blitz',5510,0,'',540,'http://streamcraft.net/uploads/idlist/DG/Rangedweapons/5510.png','5,',10,'',NULL),('Uvite Blitz',5511,0,'',640,'http://streamcraft.net/uploads/idlist/DG/Rangedweapons/5511.png','5,',10,'',NULL),('Mythril Blitz',5512,0,'',960,'http://streamcraft.net/uploads/idlist/DG/Rangedweapons/5512.png','5,',10,'',NULL),('Augite Blitz',5513,0,'',1120,'http://streamcraft.net/uploads/idlist/DG/Rangedweapons/5513.png','5,',10,'',NULL),('Halite Blitz',5514,0,'',1150,'http://streamcraft.net/uploads/idlist/DG/Rangedweapons/5514.png','5,',10,'',NULL),('Golden Fury',5516,0,'',1120,'http://streamcraft.net/uploads/idlist/DG/Rangedweapons/5516.png','5,',10,'',NULL),('Dravite Phaser',5517,0,'',260,'http://streamcraft.net/uploads/idlist/DG/Rangedweapons/5517.png','5,',10,'',NULL),('Azurite Phaser',5518,0,'',310,'http://streamcraft.net/uploads/idlist/DG/Rangedweapons/5518.png','5,',10,'',NULL),('Uvite Phaser',5519,0,'',370,'http://streamcraft.net/uploads/idlist/DG/Rangedweapons/5519.png','5,',10,'',NULL),('Mythril Phaser',5520,0,'',550,'http://streamcraft.net/uploads/idlist/DG/Rangedweapons/5520.png','5,',10,'',NULL),('Augite Phaser',5521,0,'',600,'http://streamcraft.net/uploads/idlist/DG/Rangedweapons/5521.png','5,',10,'',NULL),('Halite Phaser',5522,0,'',620,'http://streamcraft.net/uploads/idlist/DG/Rangedweapons/5522.png','5,',10,'',NULL),('Queen Of Ice',5524,0,'',260,'http://streamcraft.net/uploads/idlist/DG/Rangedweapons/5524.png','5,',10,'',NULL),('Queen Of Fire',5525,0,'',260,'http://streamcraft.net/uploads/idlist/DG/Rangedweapons/5525.png','5,',10,'',NULL),('Crabclaw Cannon',5566,0,'',120,'http://streamcraft.net/uploads/idlist/DG/Rangedweapons/5566.png','5,',10,'',NULL),('Bowhead Cannon',5567,0,'',120,'http://streamcraft.net/uploads/idlist/DG/Rangedweapons/5567.png','5,',10,'',NULL),('Shark Anchor',5569,0,'',50,'http://streamcraft.net/uploads/idlist/DG/Rangedweapons/5569.png','5,',10,'',NULL),('Claw Anchor',5570,0,'',40,'http://streamcraft.net/uploads/idlist/DG/Rangedweapons/5570.png','5,',10,'',NULL),('Bowhead Anchor',5571,0,'',60,'http://streamcraft.net/uploads/idlist/DG/Rangedweapons/5571.png','5,',10,'',NULL),('The Scythe',5658,0,'',60,'http://streamcraft.net/uploads/idlist/DG/Rangedweapons/5658.png','5,',10,'',NULL),('Firefly',5699,0,'',70,'http://streamcraft.net/uploads/idlist/DG/Rangedweapons/5699.png','5,',10,'',NULL),('Starlight',5700,0,'',50,'http://streamcraft.net/uploads/idlist/DG/Rangedweapons/5700.png','5,',10,'',NULL),('Ender Bow',5703,0,'',80,'http://streamcraft.net/uploads/idlist/DG/Rangedweapons/5703.png','5,',10,'',NULL),('Corrupted Cannon',5704,0,'',240,'http://streamcraft.net/uploads/idlist/DG/Rangedweapons/5704.png','5,',10,'',NULL),('Staff Of Starlight',5708,0,'',200,'http://streamcraft.net/uploads/idlist/DG/Rangedweapons/5708.png','5,',10,'',NULL),('Captain\'s Sparkler',5710,0,'',70,'http://streamcraft.net/uploads/idlist/DG/Rangedweapons/5710.png','5,',10,'',NULL),('La Vekor',5713,0,'',100,'http://streamcraft.net/uploads/idlist/DG/Rangedweapons/5713.png','5,',10,'',NULL),('Granade',5714,0,'',1,'http://streamcraft.net/uploads/idlist/DG/Rangedweapons/5714.png','5,',10,'',NULL),('Merik\'s Missile',5715,0,'',80,'http://streamcraft.net/uploads/idlist/DG/Rangedweapons/5715.png','5,',10,'',NULL),('Sound Of Carols',5740,0,'',180,'http://streamcraft.net/uploads/idlist/DG/Rangedweapons/5740.png','5,',10,'',NULL),('Frostclaw Cannon',5749,0,'',280,'http://streamcraft.net/uploads/idlist/DG/Rangedweapons/5749.png','5,',10,'',NULL),('Fractite Cannon',5750,0,'',280,'http://streamcraft.net/uploads/idlist/DG/Rangedweapons/5750.png','5,',10,'',NULL),('Snowflake Shuriken',5751,0,'',1,'http://streamcraft.net/uploads/idlist/DG/Rangedweapons/5751.png','5,',10,'',NULL),('Icecle Bow',5752,0,'',200,'http://streamcraft.net/uploads/idlist/DG/Rangedweapons/5752.png','5,',10,'',NULL),('Snowstorm Bow',5753,0,'',200,'http://streamcraft.net/uploads/idlist/DG/Rangedweapons/5753.png','5,',10,'',NULL),('Teaker Disc',5772,0,'',10,'http://streamcraft.net/uploads/idlist/DG/Rangedweapons/5772.png','5,',10,'',NULL),('Amthirmis Disc',5773,0,'',15,'http://streamcraft.net/uploads/idlist/DG/Rangedweapons/5773.png','5,',10,'',NULL),('Darven Disc',5774,0,'',20,'http://streamcraft.net/uploads/idlist/DG/Rangedweapons/5774.png','5,',10,'',NULL),('Cermile Disc',5775,0,'',25,'http://streamcraft.net/uploads/idlist/DG/Rangedweapons/5775.png','5,',10,'',NULL),('Pardimal WarDisc',5776,0,'',30,'http://streamcraft.net/uploads/idlist/DG/Rangedweapons/5776.png','5,',10,'',NULL),('Quadrotic WarDisc',5777,0,'',35,'http://streamcraft.net/uploads/idlist/DG/Rangedweapons/5777.png','5,',10,'',NULL),('Karos WarDisc',5778,0,'',40,'http://streamcraft.net/uploads/idlist/DG/Rangedweapons/5778.png','5,',10,'',NULL),('Heliosis WrathDisc',5779,0,'',45,'http://streamcraft.net/uploads/idlist/DG/Rangedweapons/5779.png','5,',10,'',NULL),('Arksiane WrathDisc',5780,0,'',50,'http://streamcraft.net/uploads/idlist/DG/Rangedweapons/5780.png','5,',10,'',NULL),('Teaker Cannon',5808,0,'',20,'http://streamcraft.net/uploads/idlist/DG/Rangedweapons/5808.png','5,',10,'',NULL),('Amthirmis Cannon',5809,0,'',25,'http://streamcraft.net/uploads/idlist/DG/Rangedweapons/5809.png','5,',10,'',NULL),('Darven Cannon',5810,0,'',30,'http://streamcraft.net/uploads/idlist/DG/Rangedweapons/5810.png','5,',10,'',NULL),('Cermile Cannon',5811,0,'',35,'http://streamcraft.net/uploads/idlist/DG/Rangedweapons/5811.png','5,',10,'',NULL),('Pardimal WarCannon',5812,0,'',45,'http://streamcraft.net/uploads/idlist/DG/Rangedweapons/5812.png','5,',10,'',NULL),('Quadrotic WarCannon',5813,0,'',60,'http://streamcraft.net/uploads/idlist/DG/Rangedweapons/5813.png','5,',10,'',NULL),('Karos WarCannon',5814,0,'',80,'http://streamcraft.net/uploads/idlist/DG/Rangedweapons/5814.png','5,',10,'',NULL),('Heliosis WrathCannon',5815,0,'',100,'http://streamcraft.net/uploads/idlist/DG/Rangedweapons/5815.png','5,',10,'',NULL),('Arksiane WrathCannon',5816,0,'',140,'http://streamcraft.net/uploads/idlist/DG/Rangedweapons/5816.png','5,',10,'',NULL),('Darven Bow',5818,0,'',20,'http://streamcraft.net/uploads/idlist/DG/Rangedweapons/5818.png','5,',10,'',NULL),('Amthirmis Bow',5819,0,'',25,'http://streamcraft.net/uploads/idlist/DG/Rangedweapons/5819.png','5,',10,'',NULL),('Darven Bow',5820,0,'',30,'http://streamcraft.net/uploads/idlist/DG/Rangedweapons/5820.png','5,',10,'',NULL),('Cermile Bow',5821,0,'',35,'http://streamcraft.net/uploads/idlist/DG/Rangedweapons/5821.png','5,',10,'',NULL),('Pardimal WarBow',5822,0,'',45,'http://streamcraft.net/uploads/idlist/DG/Rangedweapons/5822.png','5,',10,'',NULL),('Quadrotic WarBow',5823,0,'',60,'http://streamcraft.net/uploads/idlist/DG/Rangedweapons/5823.png','5,',10,'',NULL),('Karos WarBow',5824,0,'',80,'http://streamcraft.net/uploads/idlist/DG/Rangedweapons/5824.png','5,',10,'',NULL),('Heliosis WrathBow',5825,0,'',100,'http://streamcraft.net/uploads/idlist/DG/Rangedweapons/5825.png','5,',10,'',NULL),('Arksiane WeathBow',5826,0,'',140,'http://streamcraft.net/uploads/idlist/DG/Rangedweapons/5826.png','5,',10,'',NULL),('Evernight',5909,0,'',600,'http://streamcraft.net/uploads/idlist/DG/Rangedweapons/5909.png','5,',10,'',NULL),('Eversight',5910,0,'',360,'http://streamcraft.net/uploads/idlist/DG/Rangedweapons/5910.png','5,',10,'',NULL),('Everfright',5911,0,'',320,'http://streamcraft.net/uploads/idlist/DG/Rangedweapons/5911.png','5,',10,'',NULL),('Arksiane WrathStaff',5921,0,'',260,'http://streamcraft.net/uploads/idlist/DG/Rangedweapons/5921.png','5,',10,'',NULL),('Kraken Helmet',4353,0,'',60,'http://streamcraft.net/uploads/idlist/DG/Armor/4353.png','5,',10,'',NULL),('Kraken Chestplate',4354,0,'',100,'http://streamcraft.net/uploads/idlist/DG/Armor/4354.png','5,',10,'',NULL),('Kraken Legs',4355,0,'',80,'http://streamcraft.net/uploads/idlist/DG/Armor/4355.png','5,',10,'',NULL),('Kraken Boots',5256,0,'',50,'http://streamcraft.net/uploads/idlist/DG/Armor/5256.png','5,',10,'',NULL),('Netherite Helmet',5257,0,'',90,'http://streamcraft.net/uploads/idlist/DG/Armor/5257.png','5,',10,'',NULL),('Netherite Chestplate',5258,0,'',120,'http://streamcraft.net/uploads/idlist/DG/Armor/5258.png','5,',10,'',NULL),('Netherite Legs',5259,0,'',100,'http://streamcraft.net/uploads/idlist/DG/Armor/5259.png','5,',10,'',NULL),('Netherite Boots',5260,0,'',75,'http://streamcraft.net/uploads/idlist/DG/Armor/5260.png','5,',10,'',NULL),('Inferno Helmet',5261,0,'',40,'http://streamcraft.net/uploads/idlist/DG/Armor/5261.png','5,',10,'',NULL),('Inferno Chestplate',5262,0,'',60,'http://streamcraft.net/uploads/idlist/DG/Armor/5262.png','5,',10,'',NULL),('Inferno Legs',5263,0,'',55,'http://streamcraft.net/uploads/idlist/DG/Armor/5263.png','5,',10,'',NULL),('Inferno Boots',5264,0,'',35,'http://streamcraft.net/uploads/idlist/DG/Armor/5264.png','5,',10,'',NULL),('Bedrock Helmet',5265,0,'',140,'http://streamcraft.net/uploads/idlist/DG/Armor/5265.png','5,',10,'',NULL),('Bedrock Chestplate',5266,0,'',180,'http://streamcraft.net/uploads/idlist/DG/Armor/5266.png','5,',10,'',NULL),('Bedrock Legs',5267,0,'',160,'http://streamcraft.net/uploads/idlist/DG/Armor/5267.png','5,',10,'',NULL),('Bedrock Boots',5268,0,'',130,'http://streamcraft.net/uploads/idlist/DG/Armor/5268.png','5,',10,'',NULL),('Rupee Helmet',5269,0,'',100,'http://streamcraft.net/uploads/idlist/DG/Armor/5259.png','5,',10,'',NULL),('Yellow Rupee Helmet',5270,0,'',130,'http://streamcraft.net/uploads/idlist/DG/Armor/5270.png','5,',10,'',NULL),('Blue Rupee Helmet',5271,0,'',160,'http://streamcraft.net/uploads/idlist/DG/Armor/5271.png','5,',10,'',NULL),('Green Rupee Helmet',5272,0,'',144,'http://streamcraft.net/uploads/idlist/DG/Armor/5272.png','5,',10,'',NULL),('Red Rupee Helmet',5273,0,'',140,'http://streamcraft.net/uploads/idlist/DG/Armor/5273.png','5,',10,'',NULL),('Black Rupee Helmet',5274,0,'',200,'http://streamcraft.net/uploads/idlist/DG/Armor/5274.png','5,',10,'',NULL),('Rupee Chestplate',5275,0,'',120,'http://streamcraft.net/uploads/idlist/DG/Armor/5275.png','5,',10,'',NULL),('Yellow Rupee Chestplate',5276,0,'',150,'http://streamcraft.net/uploads/idlist/DG/Armor/5276.png','5,',10,'',NULL),('Blue Rupee Chestplate',5277,0,'',180,'http://streamcraft.net/uploads/idlist/DG/Armor/5277.png','5,',10,'',NULL),('Green Rupee Chestplate',5278,0,'',165,'http://streamcraft.net/uploads/idlist/DG/Armor/5278.png','5,',10,'',NULL),('Red Rupee Chestplate',5279,0,'',160,'http://streamcraft.net/uploads/idlist/DG/Armor/5279.png','5,',10,'',NULL),('Black Rupee Chestplate',5280,0,'',220,'http://streamcraft.net/uploads/idlist/DG/Armor/5280.png','5,',10,'',NULL),('Rupee Legs',5281,0,'',110,'http://streamcraft.net/uploads/idlist/DG/Armor/5281.png','5,',10,'',NULL),('Yellow Rupee Legs',5282,0,'',140,'http://streamcraft.net/uploads/idlist/DG/Armor/5282.png','5,',10,'',NULL),('Blue Rupee Legs',5283,0,'',170,'http://streamcraft.net/uploads/idlist/DG/Armor/5283.png','5,',10,'',NULL),('Green Rupee Legs',5284,0,'',154,'http://streamcraft.net/uploads/idlist/DG/Armor/5284.png','5,',10,'',NULL),('Red Rupee Legs',5285,0,'',150,'http://streamcraft.net/uploads/idlist/DG/Armor/5285.png','5,',10,'',NULL),('Black Rupee Legs',5286,0,'',210,'http://streamcraft.net/uploads/idlist/DG/Armor/5286.png','5,',10,'',NULL),('Rupee Boots',5287,0,'',90,'http://streamcraft.net/uploads/idlist/DG/Armor/5287.png','5,',10,'',NULL),('Yellow Rupee Boots',5288,0,'',120,'http://streamcraft.net/uploads/idlist/DG/Armor/5288.png ','5,',10,'',NULL),('Blue Rupee Boots',5289,0,'',150,'http://streamcraft.net/uploads/idlist/DG/Armor/5289.png','5,',10,'',NULL),('Green Rupee Boots',5290,0,'',134,'http://streamcraft.net/uploads/idlist/DG/Armor/5290.png','5,',10,'',NULL),('Red Rupee Boots',5291,0,'',130,'http://streamcraft.net/uploads/idlist/DG/Armor/5291.png','5,',10,'',NULL),('Black Rupee Boots',5292,0,'',190,'http://streamcraft.net/uploads/idlist/DG/Armor/5292.png','5,',10,'',NULL),('Realmite Helmet',5293,0,'',25,'http://streamcraft.net/uploads/idlist/DG/Armor/5293.png','5,',10,'',NULL),('Realmite Chestplate',5294,0,'',30,'http://streamcraft.net/uploads/idlist/DG/Armor/5294.png','5,',10,'',NULL),('Realmite Legs',5295,0,'',27,'http://streamcraft.net/uploads/idlist/DG/Armor/5295.png','5,',10,'',NULL),('Realmite Boots',5296,0,'',20,'http://streamcraft.net/uploads/idlist/DG/Armor/5296.png','5,',10,'',NULL),('Elite Realmite Helmet',5297,0,'',100,'http://streamcraft.net/uploads/idlist/DG/Armor/5297.png','5,',10,'',NULL),('Elite Realmite Chestplate',5298,0,'',120,'http://streamcraft.net/uploads/idlist/DG/Armor/5298.png','5,',10,'',NULL),('Elite Realmite Legs',5299,0,'',110,'http://streamcraft.net/uploads/idlist/DG/Armor/5299.png','5,',10,'',NULL),('Elite Realmite Boots',5300,0,'',90,'http://streamcraft.net/uploads/idlist/DG/Armor/5300.png','5,',10,'',NULL),('Aquastrive Helmet',5301,0,'',110,'http://streamcraft.net/uploads/idlist/DG/Armor/5301.png','5,',10,'',NULL),('Aquastrive Chestplate',5302,0,'',130,'http://streamcraft.net/uploads/idlist/DG/Armor/5302.png','5,',10,'',NULL),('Aquastrive Legs',5303,0,'',120,'http://streamcraft.net/uploads/idlist/DG/Armor/5303.png','5,',10,'',NULL),('Aquastrive Boots',5304,0,'',100,'http://streamcraft.net/uploads/idlist/DG/Armor/5304.png','5,',10,'',NULL),('Shadow Helmet',5306,0,'',150,'http://streamcraft.net/uploads/idlist/DG/Armor/5306.png','5,',10,'',NULL),('Shadow Chest',5307,0,'',180,'http://streamcraft.net/uploads/idlist/DG/Armor/5307.png','5,',10,'',NULL),('Shadow Legs',5308,0,'',160,'http://streamcraft.net/uploads/idlist/DG/Armor/5308.png','5,',10,'',NULL),('Shadow Boots',5309,0,'',140,'http://streamcraft.net/uploads/idlist/DG/Armor/5309.png','5,',10,'',NULL),('Divine Helemet',5310,0,'',180,'http://streamcraft.net/uploads/idlist/DG/Armor/5310.png','5,',10,'',NULL),('Divine Chest',5311,0,'',210,'http://streamcraft.net/uploads/idlist/DG/Armor/5311.png','5,',10,'',NULL),('Divine Legs',5312,0,'',200,'http://streamcraft.net/uploads/idlist/DG/Armor/5312.png','5,',10,'',NULL),('Divine Boots',5313,0,'',170,'http://streamcraft.net/uploads/idlist/DG/Armor/5313.png','5,',10,'',NULL),('Angelic Helmet',5314,0,'',160,'http://streamcraft.net/uploads/idlist/DG/Armor/5314.png','5,',10,'',NULL),('Angelic Chest',5315,0,'',180,'http://streamcraft.net/uploads/idlist/DG/Armor/5315.png','5,',10,'',NULL),('Angelic Legs',5316,0,'',170,'http://streamcraft.net/uploads/idlist/DG/Armor/5316.png','5,',10,'',NULL),('Angelic Boots',5317,0,'',150,'http://streamcraft.net/uploads/idlist/DG/Armor/5317.png','5,',10,'',NULL),('Ender Helmet',5590,0,'',170,'http://streamcraft.net/uploads/idlist/DG/Armor/5590.png','5,',10,'',NULL),('Yellow Ender Helmet',5591,0,'',200,'http://streamcraft.net/uploads/idlist/DG/Armor/5591.png','5,',10,'',NULL),('Blue Ender Helmet',5592,0,'',230,'http://streamcraft.net/uploads/idlist/DG/Armor/5592.png','5,',10,'',NULL),('Green Ender Helmet',5593,0,'',213,'http://streamcraft.net/uploads/idlist/DG/Armor/5593.png','5,',10,'',NULL),('Red Ender Helmet',5594,0,'',210,'http://streamcraft.net/uploads/idlist/DG/Armor/5594.png','5,',10,'',NULL),('Black Ender Helmet',5595,0,'',270,'http://streamcraft.net/uploads/idlist/DG/Armor/5595.png','5,',10,'',NULL),('Ender Chestplate',5596,0,'',190,'http://streamcraft.net/uploads/idlist/DG/Armor/5596.png','5,',10,'',NULL),('Yellow Ender Chestplate',5597,0,'',220,'http://streamcraft.net/uploads/idlist/DG/Armor/5597.png','5,',10,'',NULL),('Blue Ender Chestplate',5598,0,'',250,'http://streamcraft.net/uploads/idlist/DG/Armor/5598.png','5,',10,'',NULL),('Green Ender Chestplate',5599,0,'',235,'http://streamcraft.net/uploads/idlist/DG/Armor/5599.png','5,',10,'',NULL),('Red Ender Chestplate',5600,0,'',230,'http://streamcraft.net/uploads/idlist/DG/Armor/5600.png','5,',10,'',NULL),('Black Ender Chestplate',5601,0,'',290,'http://streamcraft.net/uploads/idlist/DG/Armor/5601.png','5,',10,'',NULL),('Ender Legs',5602,0,'',180,'http://streamcraft.net/uploads/idlist/DG/Armor/5602.png','5,',10,'',NULL),('Yellow Ender Legs',5603,0,'',210,'http://streamcraft.net/uploads/idlist/DG/Armor/5603.png','5,',10,'',NULL),('Blue Ender Legs',5604,0,'',240,'http://streamcraft.net/uploads/idlist/DG/Armor/5604.png','5,',10,'',NULL),('Green Ender Legs',5605,0,'',224,'http://streamcraft.net/uploads/idlist/DG/Armor/5605.png','5,',10,'',NULL),('Red Ender Legs',5606,0,'',220,'http://streamcraft.net/uploads/idlist/DG/Armor/5606.png','5,',10,'',NULL),('Black Ender Legs',5607,0,'',280,'http://streamcraft.net/uploads/idlist/DG/Armor/5607.png','5,',10,'',NULL),('Ender Boots',5608,0,'',160,'http://streamcraft.net/uploads/idlist/DG/Armor/5608.png','5,',10,'',NULL),('Yellow Ender Boots',5609,0,'',190,'http://streamcraft.net/uploads/idlist/DG/Armor/5609.png','5,',10,'',NULL),('Blue Ender Boots',5610,0,'',220,'http://streamcraft.net/uploads/idlist/DG/Armor/5610.png','5,',10,'',NULL),('Green Ender Boots',5611,0,'',205,'http://streamcraft.net/uploads/idlist/DG/Armor/5611.png','5,',10,'',NULL),('Red Ender Boots',5612,0,'',200,'http://streamcraft.net/uploads/idlist/DG/Armor/5612.png','5,',10,'',NULL),('Black Ender Boots',5613,0,'',260,'http://streamcraft.net/uploads/idlist/DG/Armor/5613.png','5,',10,'',NULL),('Arlemite Helmet',5614,0,'',130,'http://streamcraft.net/uploads/idlist/DG/Armor/5614.png','5,',10,'',NULL),('Arlemite Chestplate',5615,0,'',150,'http://streamcraft.net/uploads/idlist/DG/Armor/5615.png','5,',10,'',NULL),('Arlemite Legs',5616,0,'',140,'http://streamcraft.net/uploads/idlist/DG/Armor/5616.png','5,',10,'',NULL),('Arlemite Boots',5617,0,'',120,'http://streamcraft.net/uploads/idlist/DG/Armor/5617.png','5,',10,'',NULL),('Dravite Helmet',5622,0,'',160,'http://streamcraft.net/uploads/idlist/DG/Armor/5622.png','5,',10,'',NULL),('Dravite Body',5623,0,'',180,'http://streamcraft.net/uploads/idlist/DG/Armor/5623.png','5,',10,'',NULL),('Dravite Legs',5624,0,'',170,'http://streamcraft.net/uploads/idlist/DG/Armor/5624.png','5,',10,'',NULL),('Dravite Boots',5625,0,'',150,'http://streamcraft.net/uploads/idlist/DG/Armor/5625.png','5,',10,'',NULL),('Azurite Helmet',5626,0,'',200,'http://streamcraft.net/uploads/idlist/DG/Armor/5626.png','5,',10,'',NULL),('Azurite Body',5627,0,'',220,'http://streamcraft.net/uploads/idlist/DG/Armor/5627.png','5,',10,'',NULL),('Azurite Legs',5628,0,'',210,'http://streamcraft.net/uploads/idlist/DG/Armor/5628.png','5,',10,'',NULL),('Azurite Boots',5629,0,'',190,'http://streamcraft.net/uploads/idlist/DG/Armor/5629.png','5,',10,'',NULL),('Uvite Helmet',5630,0,'',220,'http://streamcraft.net/uploads/idlist/DG/Armor/5630.png','5,',10,'',NULL),('Uvite Body',5631,0,'',240,'http://streamcraft.net/uploads/idlist/DG/Armor/5631.png','5,',10,'',NULL),('Uvite Legs',5632,0,'',230,'http://streamcraft.net/uploads/idlist/DG/Armor/5632.png','5,',10,'',NULL),('Uvite Boots',5633,0,'',210,'http://streamcraft.net/uploads/idlist/DG/Armor/5633.png','5,',10,'',NULL),('Mythril Helmet',5634,0,'',240,'http://streamcraft.net/uploads/idlist/DG/Armor/5634.png','5,',10,'',NULL),('Mythril Body',5635,0,'',260,'http://streamcraft.net/uploads/idlist/DG/Armor/5635.png','5,',10,'',NULL),('Mythril Legs',5636,0,'',250,'http://streamcraft.net/uploads/idlist/DG/Armor/5636.png','5,',10,'',NULL),('Mythril Boots',5637,0,'',230,'http://streamcraft.net/uploads/idlist/DG/Armor/5637.png','5,',10,'',NULL),('Augite Helmet',5638,0,'',280,'http://streamcraft.net/uploads/idlist/DG/Armor/5638.png','5,',10,'',NULL),('Augite Body',5639,0,'',300,'http://streamcraft.net/uploads/idlist/DG/Armor/5639.png','5,',10,'',NULL),('Augite Legs',5640,0,'',290,'http://streamcraft.net/uploads/idlist/DG/Armor/5640.png','5,',10,'',NULL),('Augite Boots',5641,0,'',270,'http://streamcraft.net/uploads/idlist/DG/Armor/5641.png','5,',10,'',NULL),('Halite Helmet',5642,0,'',300,'http://streamcraft.net/uploads/idlist/DG/Armor/5642.png','5,',10,'',NULL),('Halite Body',5643,0,'',320,'http://streamcraft.net/uploads/idlist/DG/Armor/5643.png','5,',10,'',NULL),('Halite Legs',5644,0,'',310,'http://streamcraft.net/uploads/idlist/DG/Armor/5644.png','5,',10,'',NULL),('Halite Boots',5645,0,'',290,'http://streamcraft.net/uploads/idlist/DG/Armor/5645.png','5,',10,'',NULL),('Jackoman Hat',5646,0,'',120,'http://streamcraft.net/uploads/idlist/DG/Armor/5646.png','5,',10,'',NULL),('Jackoman Body',5647,0,'',140,'http://streamcraft.net/uploads/idlist/DG/Armor/5647.png','5,',10,'',NULL),('Jackoman Legs',5648,0,'',130,'http://streamcraft.net/uploads/idlist/DG/Armor/5648.png','5,',10,'',NULL),('Jackoman Boots',5649,0,'',110,'http://streamcraft.net/uploads/idlist/DG/Armor/5649.png','5,',10,'',NULL),('Jackoman Boots',5649,0,'',110,'http://streamcraft.net/uploads/idlist/DG/Armor/5649.png','5,',10,'',NULL),('Skeleman Hat',5650,0,'',120,'http://streamcraft.net/uploads/idlist/DG/Armor/5650.png','5,',10,'',NULL),('Skeleman Body',5651,0,'',140,'http://streamcraft.net/uploads/idlist/DG/Armor/5651.png','5,',10,'',NULL),('Skeleman Legs',5652,0,'',130,'http://streamcraft.net/uploads/idlist/DG/Armor/5652.png','5,',10,'',NULL),('Skeleman Boots',5653,0,'',110,'http://streamcraft.net/uploads/idlist/DG/Armor/5653.png','5,',10,'',NULL),('Wither Reaper Hat',5654,0,'',120,'http://streamcraft.net/uploads/idlist/DG/Armor/5654.png','5,',10,'',NULL),('Wither Reaper Body',5655,0,'',140,'http://streamcraft.net/uploads/idlist/DG/Armor/5655.png','5,',10,'',NULL),('Wither Reaper Leggings',5656,0,'',130,'http://streamcraft.net/uploads/idlist/DG/Armor/5656.png','5,',10,'',NULL),('Wither Reaper Boots',5657,0,'',110,'http://streamcraft.net/uploads/idlist/DG/Armor/5657.png','5,',10,'',NULL),('Santa Helmet',5722,0,'',120,'http://streamcraft.net/uploads/idlist/DG/Armor/5722.png','5,',10,'',NULL),('Santa Body',5723,0,'',140,'http://streamcraft.net/uploads/idlist/DG/Armor/5623.png','5,',10,'',NULL),('Santa Legs',5724,0,'',130,'http://streamcraft.net/uploads/idlist/DG/Armor/5724.png','5,',10,'',NULL),('Santa Boots',5725,0,'',110,'http://streamcraft.net/uploads/idlist/DG/Armor/5725.png','5,',10,'',NULL),('Vemos Helmet',5726,0,'',80,'http://streamcraft.net/uploads/idlist/DG/Armor/5726.png','5,',10,'',NULL),('Vemos Body',5727,0,'',100,'http://streamcraft.net/uploads/idlist/DG/Armor/5727.png','5,',10,'',NULL),('Vemos Legs',5728,0,'',90,'http://streamcraft.net/uploads/idlist/DG/Armor/5728.png','5,',10,'',NULL),('Vemos Boots',5729,0,'',70,'http://streamcraft.net/uploads/idlist/DG/Armor/5729.png','5,',10,'',NULL),('Korma Helmet',5730,0,'',80,'http://streamcraft.net/uploads/idlist/DG/Armor/5730.png','5,',10,'',NULL),('Korma Body',5731,0,'',100,'http://streamcraft.net/uploads/idlist/DG/Armor/5731.png','5,',10,'',NULL),('Korma Legs',5732,0,'',90,'http://streamcraft.net/uploads/idlist/DG/Armor/5732.png','5,',10,'',NULL),('Korma Boots',5733,0,'',70,'http://streamcraft.net/uploads/idlist/DG/Armor/5733.png','5,',10,'',NULL),('Degraded Helmet',5859,0,'',60,'http://streamcraft.net/uploads/idlist/DG/Armor/5859.png','5,',10,'',NULL),('Degraded Mask',5860,0,'',60,'http://streamcraft.net/uploads/idlist/DG/Armor/5860.png','5,',10,'',NULL),('Degraded Hood',5861,0,'',60,'http://streamcraft.net/uploads/idlist/DG/Armor/5861.png','5,',10,'',NULL),('Degraded Body',5862,0,'',80,'http://streamcraft.net/uploads/idlist/DG/Armor/5862.png','5,',10,'',NULL),('Degraded Legs',5863,0,'',70,'http://streamcraft.net/uploads/idlist/DG/Armor/5863.png','5,',10,'',NULL),('Degraded Boots',5864,0,'',50,'http://streamcraft.net/uploads/idlist/DG/Armor/5864.png','5,',10,'',NULL),('Finished Helmet',5865,0,'',90,'http://streamcraft.net/uploads/idlist/DG/Armor/5865.png','5,',10,'',NULL),('Finished Mask',5866,0,'',90,'http://streamcraft.net/uploads/idlist/DG/Armor/5866.png','5,',10,'',NULL),('Finished Hood',5867,0,'',90,'http://streamcraft.net/uploads/idlist/DG/Armor/5867.png','5,',10,'',NULL),('Finished Body',5868,0,'',100,'http://streamcraft.net/uploads/idlist/DG/Armor/5868.png','5,',10,'',NULL),('Finished Legs',5869,0,'',90,'http://streamcraft.net/uploads/idlist/DG/Armor/5869.png','5,',10,'',NULL),('Finished Boots',5870,0,'',70,'http://streamcraft.net/uploads/idlist/DG/Armor/5870.png','5,',10,'',NULL),('Glistening Helmet',5871,0,'',100,'http://streamcraft.net/uploads/idlist/DG/Armor/5871.png','5,',10,'',NULL),('Glistening Mask',5872,0,'',100,'http://streamcraft.net/uploads/idlist/DG/Armor/5872.png','5,',10,'',NULL),('Glistening Hood',5873,0,'',100,'http://streamcraft.net/uploads/idlist/DG/Armor/5873.png','5,',10,'',NULL),('Glistening Body',5874,0,'',240,'http://streamcraft.net/uploads/idlist/DG/Armor/5874.png','5,',10,'',NULL),('Glistening Legs',5875,0,'',160,'http://streamcraft.net/uploads/idlist/DG/Armor/5875.png','5,',10,'',NULL),('Glistening Boots',5876,0,'',100,'http://streamcraft.net/uploads/idlist/DG/Armor/5876.png','5,',10,'',NULL),('Demonized Helmet',5877,0,'',140,'http://streamcraft.net/uploads/idlist/DG/Armor/5877.png','5,',10,'',NULL),('Demonized Mask',5878,0,'',140,'http://streamcraft.net/uploads/idlist/DG/Armor/5878.png','5,',10,'',NULL),('Demonized Hood',5879,0,'',140,'http://streamcraft.net/uploads/idlist/DG/Armor/5879.png','5,',10,'',NULL),('Demonized Body',5880,0,'',440,'http://streamcraft.net/uploads/idlist/DG/Armor/5880.png','5,',10,'',NULL),('Demonized Legs',5881,0,'',210,'http://streamcraft.net/uploads/idlist/DG/Armor/5881.png','5,',10,'',NULL),('Demonized Boots',5882,0,'',120,'http://streamcraft.net/uploads/idlist/DG/Armor/5882.png','5,',10,'',NULL),('Tormented Mask',5884,0,'',160,'http://streamcraft.net/uploads/idlist/DG/Armor/5884.png','5,',10,'',NULL),('Tromented Hood',5885,0,'',160,'http://streamcraft.net/uploads/idlist/DG/Armor/5885.png','5,',10,'',NULL),('Tormented Body',5886,0,'',480,'http://streamcraft.net/uploads/idlist/DG/Armor/5886.png','5,',10,'',NULL),('Tormented Legs',5887,0,'',360,'http://streamcraft.net/uploads/idlist/DG/Armor/5887.png','5,',10,'',NULL),('Tormented Boots',5888,0,'',160,'http://streamcraft.net/uploads/idlist/DG/Armor/5888.png','5,',10,'',NULL),('Realmite Axe',5330,0,'',9,'http://streamcraft.net/uploads/idlist/DG/Tools/5330.png','5,',10,'',NULL),('Realmite Pickaxe',5331,0,'',9,'http://streamcraft.net/uploads/idlist/DG/Tools/5331.png','5,',10,'',NULL),('Realmite Shovel',5332,0,'',4,'http://streamcraft.net/uploads/idlist/DG/Tools/5332.png','5,',10,'',NULL),('Bedrock Axe',5334,0,'',21,'http://streamcraft.net/uploads/idlist/DG/Tools/5334.png','5,',10,'',NULL),('Bedrock Pickaxe',5335,0,'',21,'http://streamcraft.net/uploads/idlist/DG/Tools/5335.png','5,',10,'',NULL),('Bedrock Shovel',5336,0,'',9,'http://streamcraft.net/uploads/idlist/DG/Tools/5336.png','5,',10,'',NULL),('Arlemite Axe',5338,0,'',15,'http://streamcraft.net/uploads/idlist/DG/Tools/5338.png','5,',10,'',NULL),('Arlemite Pickaxe',5339,0,'',15,'http://streamcraft.net/uploads/idlist/DG/Tools/5339.png','5,',10,'',NULL),('Arlemite Shovel',5340,0,'',5,'http://streamcraft.net/uploads/idlist/DG/Tools/5340.png','5,',10,'',NULL),('Arlemite Hoe',5341,0,'',10,'http://streamcraft.net/uploads/idlist/DG/Tools/5341.png','5,',10,'',NULL),('Arlemite Shickaxe',5343,0,'',45,'http://streamcraft.net/uploads/idlist/DG/Tools/5342.png','5,',10,'',NULL),('Donator Axe',5359,0,'',800,'http://streamcraft.net/uploads/idlist/DG/Tools/5359.png','5,',10,'',NULL),('Donator Pickaxe',5360,0,'',900,'http://streamcraft.net/uploads/idlist/DG/Tools/5360.png','5,',10,'',NULL),('Donator Shovel',5361,0,'',700,'http://streamcraft.net/uploads/idlist/DG/Tools/5361.png','5,',10,'',NULL),('Rupee Axe',5362,0,'',21,'http://streamcraft.net/uploads/idlist/DG/Tools/5362.png','5,',10,'',NULL),('Rupee Pickaxe',5363,0,'',21,'http://streamcraft.net/uploads/idlist/DG/Tools/5363.png','5,',10,'',NULL),('Rupee Shovel',5364,0,'',7,'http://streamcraft.net/uploads/idlist/DG/Tools/5364.png','5,',10,'',NULL),('Ruppe Hoe',5365,0,'',14,'http://streamcraft.net/uploads/idlist/DG/Tools/5365.png','5,',10,'',NULL),('Rupee Shickaxe',5366,0,'',64,'http://streamcraft.net/uploads/idlist/DG/Tools/5366.png','5,',10,'',NULL),('Divine Axe',5367,0,'',50,'http://streamcraft.net/uploads/idlist/DG/Tools/5367.png','5,',10,'',NULL),('Divine Pickaxe',5368,0,'',50,'http://streamcraft.net/uploads/idlist/DG/Tools/5368.png','5,',10,'',NULL),('Divine Shovel',5369,0,'',40,'http://streamcraft.net/uploads/idlist/DG/Tools/5369.png','5,',10,'',NULL),('Dravite Pickaxe',5469,0,'',180,'http://streamcraft.net/uploads/idlist/DG/Tools/5469.png','5,',10,'',NULL),('Dravite Axe',5470,0,'',180,'http://streamcraft.net/uploads/idlist/DG/Tools/5470.png','5,',10,'',NULL),('Dravite Shovel',5471,0,'',70,'http://streamcraft.net/uploads/idlist/DG/Tools/5471.png','5,',10,'',NULL),('Azurite Pickaxe',5473,0,'',240,'http://streamcraft.net/uploads/idlist/DG/Tools/5473.png','5,',10,'',NULL),('Azurite Axe',5474,0,'',240,'http://streamcraft.net/uploads/idlist/DG/Tools/5474.png','5,',10,'',NULL),('Azurite Shovel',5475,0,'',80,'http://streamcraft.net/uploads/idlist/DG/Tools/5475.png','5,',10,'',NULL),('Uvite Pickaxe',5477,0,'',273,'http://streamcraft.net/uploads/idlist/DG/Tools/5477.png','5,',10,'',NULL),('Uvite Axe',5478,0,'',273,'http://streamcraft.net/uploads/idlist/DG/Tools/5478.png','5,',10,'',NULL),('Uvite Shovel',5479,0,'',90,'http://streamcraft.net/uploads/idlist/DG/Tools/5479.png','5,',10,'',NULL),('Mythril Pickaxe',5481,0,'',400,'http://streamcraft.net/uploads/idlist/DG/Tools/5481.png','5,',10,'',NULL),('Mythril Axe',5482,0,'',400,'http://streamcraft.net/uploads/idlist/DG/Tools/5482.png','5,',10,'',NULL),('Mythril Shovel',5483,0,'',140,'http://streamcraft.net/uploads/idlist/DG/Tools/5483.png','5,',10,'',NULL),('Augite Pickaxe',5485,0,'',440,'http://streamcraft.net/uploads/idlist/DG/Tools/5485.png','5,',10,'',NULL),('Augite Axe',5486,0,'',440,'http://streamcraft.net/uploads/idlist/DG/Tools/5486.png','5,',10,'',NULL),('Augite Shovel',5487,0,'',150,'http://streamcraft.net/uploads/idlist/DG/Tools/5487.png','5,',10,'',NULL),('Corrupted Axe',5672,0,'',54,'http://streamcraft.net/uploads/idlist/DG/Tools/5672.png','5,',10,'',NULL),('Corrupted Pickaxe',5673,0,'',54,'http://streamcraft.net/uploads/idlist/DG/Tools/5673.png','5,',10,'',NULL),('Corrupted Shovel',5674,0,'',18,'http://streamcraft.net/uploads/idlist/DG/Tools/5674.png','5,',10,'',NULL),('Rupee Lamp',414,0,'',14,'http://streamcraft.net/uploads/idlist/DG/Lighting/414.png','5,',10,'',NULL),('Arlemite Lamp',415,0,'',12,'http://streamcraft.net/uploads/idlist/DG/Lighting/415.png','5,',10,'',NULL),('Lava Lamp',442,0,'',10,'http://streamcraft.net/uploads/idlist/DG/Lighting/442.png','5,',10,'',NULL),('EnderLamp',443,0,'',10,'http://streamcraft.net/uploads/idlist/DG/Lighting/443.png','5,',10,'',NULL),('Aqua Lamp',444,0,'',6,'http://streamcraft.net/uploads/idlist/DG/Lighting/444.png','5,',10,'',NULL),('Kraken Lamp',447,0,'',14,'http://streamcraft.net/uploads/idlist/DG/Lighting/447.png','5,',10,'',NULL),('Draken Lamp',531,0,'',40,'http://streamcraft.net/uploads/idlist/DG/Lighting/531.png','5,',10,'',NULL),('Blaze Lamp',532,0,'',6,'http://streamcraft.net/uploads/idlist/DG/Lighting/532.png','5,',10,'',NULL),('Milky Lamp',533,0,'',7,'http://streamcraft.net/uploads/idlist/DG/Lighting/533.png','5,',10,'',NULL),('Illumicase',544,0,'',3,'http://streamcraft.net/uploads/idlist/DG/Lighting/544.png','5,',10,'',NULL),('Slime Light',545,0,'',8,'http://streamcraft.net/uploads/idlist/DG/Lighting/545.png','5,',10,'',NULL),('Dravite Torch',561,0,'',5,'http://streamcraft.net/uploads/idlist/DG/Lighting/561.png','5,',10,'',NULL),('Realmite Lamp',603,0,'',7,'http://streamcraft.net/uploads/idlist/DG/Lighting/603.png','5,',10,'',NULL),('Lapis Lamp',604,0,'',5,'http://streamcraft.net/uploads/idlist/DG/Lighting/604.png','5,',10,'',NULL),('Redstone Ore Lamp',605,0,'',4,'http://streamcraft.net/uploads/idlist/DG/Lighting/605.png','5,',10,'',NULL),('Gold Lamp',607,0,'',6,'http://streamcraft.net/uploads/idlist/DG/Lighting/607.png','5,',10,'',NULL),('Netherite Lamp',608,0,'',4,'http://streamcraft.net/uploads/idlist/DG/Lighting/608.png','5,',10,'',NULL),('Diamond Lamp',609,0,'',6,'http://streamcraft.net/uploads/idlist/DG/Lighting/609.png','5,',10,'',NULL),('Ice Lamp',643,0,'',12,'http://streamcraft.net/uploads/idlist/DG/Lighting/643.png','5,',10,'',NULL),('Jungle Lamp',644,0,'',12,'http://streamcraft.net/uploads/idlist/DG/Lighting/644.png','5,',10,'',NULL),('Endstone Lamp',645,0,'',14,'http://streamcraft.net/uploads/idlist/DG/Lighting/645.png','5,',10,'',NULL),('Divine Lamp',646,0,'',22,'http://streamcraft.net/uploads/idlist/DG/Lighting/646.png','5,',10,'',NULL),('Skull Torch',655,0,'',1,'http://streamcraft.net/uploads/idlist/DG/Lighting/655.png','5,',10,'',NULL),('Dravite Lamp',656,0,'',6,'http://streamcraft.net/uploads/idlist/DG/Lighting/656.png','5,',10,'',NULL),('Arcanium Torch',748,0,'',1,'http://streamcraft.net/uploads/idlist/DG/Lighting/748.png','5,',10,'',NULL),('Hot Spike Block',404,0,'',6,'http://streamcraft.net/uploads/idlist/DG/Utility/404.png','5,',10,'',NULL),('Accelleron',410,0,'',14,'http://streamcraft.net/uploads/idlist/DG/Utility/410.png','5,',10,'',NULL),('Accelleraunch',440,0,'',8,'http://streamcraft.net/uploads/idlist/DG/Utility/440.png','5,',10,'',NULL),('Dark Bridge',526,0,'',3,'http://streamcraft.net/uploads/idlist/DG/Utility/526.png','5,',10,'',NULL),('Light Bridge',527,0,'',10,'http://streamcraft.net/uploads/idlist/DG/Utility/527.png','5,',10,'',NULL),('Invisible Plate',540,0,'',40,'http://streamcraft.net/uploads/idlist/DG/Utility/540.png','5,',10,'',NULL),('Redstone Block',549,0,'',4,'http://streamcraft.net/uploads/idlist/DG/Utility/549.png','5,',10,'',NULL),('Dark Plate',550,0,'',12,'http://streamcraft.net/uploads/idlist/DG/Utility/550.png','5,',10,'',NULL),('Elevantium',554,0,'',14,'http://streamcraft.net/uploads/idlist/DG/Utility/554.png','5,',10,'',NULL),('Dravite Chest',647,0,'',24,'http://streamcraft.net/uploads/idlist/DG/Utility/647.png','5,',10,'',NULL),('Uvite Rail',648,0,'',10,'http://streamcraft.net/uploads/idlist/DG/Utility/648.png','5,',10,'',NULL),('Bone Chest',666,0,'',8,'http://streamcraft.net/uploads/idlist/DG/Utility/666.png','5,',10,'',NULL),('Altar Of Corruption',679,0,'',80,'http://streamcraft.net/uploads/idlist/DG/Utility/679.png','5,',10,'',NULL),('Molten Furnace',705,0,'',20,'http://streamcraft.net/uploads/idlist/DG/Utility/705.png','5,',10,'',NULL),('Greenlight Furnace',706,0,'',20,'http://streamcraft.net/uploads/idlist/DG/Utility/706.png','5,',10,'',NULL),('Oceanfire Furnace',707,0,'',20,'http://streamcraft.net/uploads/idlist/DG/Utility/707.png','5,',10,'',NULL),('Moonlight Furnace',708,0,'',20,'http://streamcraft.net/uploads/idlist/DG/Utility/708.png','5,',10,'',NULL),('Whitefire Furnace',709,0,'',20,'http://streamcraft.net/uploads/idlist/DG/Utility/709.png','5,',10,'',NULL),('Demon Furnace',715,0,'',30,'http://streamcraft.net/uploads/idlist/DG/Utility/715.png','5,',10,'',NULL),('Arcanium Rails',738,0,'',20,'http://streamcraft.net/uploads/idlist/DG/Utility/738.png','5,',10,'',NULL),('Karos Cannon',799,0,'',20,'http://streamcraft.net/uploads/idlist/DG/Utility/799.png','5,',10,'',NULL),('White Mushroom Plant',552,0,'',2,'http://streamcraft.net/uploads/idlist/DG/Herbalism/552.png','5,',10,'',NULL),('Tomato Plant',553,0,'',4,'http://streamcraft.net/uploads/idlist/DG/Herbalism/553.png','5,',10,'',NULL),('Pink Glowbone Tree',555,0,'',10,'http://streamcraft.net/uploads/idlist/DG/Herbalism/555.png','5,',10,'',NULL),('Ping Glowbone Tree',556,0,'',10,'http://streamcraft.net/uploads/idlist/DG/Herbalism/556.png','5,',10,'',NULL),('Purple Glowbone Tree',557,0,'',11,'http://streamcraft.net/uploads/idlist/DG/Herbalism/557.png','5,',10,'',NULL),('Purple Glowbone Tree',558,0,'',8,'http://streamcraft.net/uploads/idlist/DG/Herbalism/558.png','5,',10,'',NULL),('Moonbulbs',560,0,'',8,'http://streamcraft.net/uploads/idlist/DG/Herbalism/560.png','5,',10,'',NULL),('Azurite Vines',562,0,'',0.8,'http://streamcraft.net/uploads/idlist/DG/Herbalism/562.png','5,',10,'',NULL),('Tomato Seeds',5448,0,'',2,'http://streamcraft.net/uploads/idlist/DG/Herbalism/5448.png','5,',10,'',NULL),('White Mushroom Seeds',5449,0,'',3,'http://streamcraft.net/uploads/idlist/DG/Herbalism/5449.png','5,',10,'',NULL),('Serenade Of Life',5556,0,'',25,'http://streamcraft.net/uploads/idlist/DG/Herbalism/5556.png','5,',10,'',NULL),('Pink Glowbone Seeds',5578,0,'',6,'http://streamcraft.net/uploads/idlist/DG/Herbalism/5578.png','5,',10,'',NULL),('Purple Glowbone Seeds',5579,0,'',7,'http://streamcraft.net/uploads/idlist/DG/Herbalism/5579.png','5,',10,'',NULL),('Moonbulb Seeds',5580,0,'',4,'http://streamcraft.net/uploads/idlist/DG/Herbalism/5580.png','5,',10,'',NULL),('Hitchak',5682,0,'',8,'http://streamcraft.net/uploads/idlist/DG/Herbalism/5682.png','5,',10,'',NULL),('Firestock',5683,0,'',10,'http://streamcraft.net/uploads/idlist/DG/Herbalism/5683.png','5,',10,'',NULL),('Pinfly',5684,0,'',10,'http://streamcraft.net/uploads/idlist/DG/Herbalism/5684.png','5,',10,'',NULL),('Veilo',5685,0,'',10,'http://streamcraft.net/uploads/idlist/DG/Herbalism/5685.png','5,',10,'',NULL),('Lamona',5686,0,'',10,'http://streamcraft.net/uploads/idlist/DG/Herbalism/5686.png','5,',10,'',NULL),('Aquamarine',5687,0,'',10,'http://streamcraft.net/uploads/idlist/DG/Herbalism/5687.png','5,',10,'',NULL),('Marasine',5688,0,'',10,'http://streamcraft.net/uploads/idlist/DG/Herbalism/5688.png','5,',10,'',NULL),('Hitchak Seeds',5689,0,'',12,'http://streamcraft.net/uploads/idlist/DG/Herbalism/5689.png','5,',10,'',NULL),('Eucalyptus Root Seeds',5690,0,'',12,'http://streamcraft.net/uploads/idlist/DG/Herbalism/5690.png','5,',10,'',NULL),('Veilo Seeds',5691,0,'',12,'http://streamcraft.net/uploads/idlist/DG/Herbalism/5691.png','5,',10,'',NULL),('Lamona Seeds',5692,0,'',12,'http://streamcraft.net/uploads/idlist/DG/Herbalism/5692.png','5,',10,'',NULL),('Aquamarine Seeds',5693,0,'',12,'http://streamcraft.net/uploads/idlist/DG/Herbalism/5693.png','5,',10,'',NULL),('Marasine Seeds',5694,0,'',12,'http://streamcraft.net/uploads/idlist/DG/Herbalism/5694.png','5,',10,'',NULL),('Pinfly Seeds',5695,0,'',12,'http://streamcraft.net/uploads/idlist/DG/Herbalism/5695.png','5,',10,'',NULL),('Firestock Seeds',5696,0,'',12,'http://streamcraft.net/uploads/idlist/DG/Herbalism/5696.png','5,',10,'',NULL),('Honeysuckle',5843,0,'',8,'http://streamcraft.net/uploads/idlist/DG/Herbalism/5843.png','5,',10,'',NULL),('Dream Carrot',5844,0,'',12,'http://streamcraft.net/uploads/idlist/DG/Herbalism/5844.png','5,',10,'',NULL),('Dream Melon',5845,0,'',12,'http://streamcraft.net/uploads/idlist/DG/Herbalism/5845.png','5,',10,'',NULL),('Dream Pie',5846,0,'',24,'http://streamcraft.net/uploads/idlist/DG/Herbalism/5846.png','5,',10,'',NULL),('Dream Cake',5847,0,'',28,'http://streamcraft.net/uploads/idlist/DG/Herbalism/5847.png','5,',10,'',NULL),('Dream Sweets',5857,0,'',300,'http://streamcraft.net/uploads/idlist/DG/Herbalism/5857.png','5,',10,'',NULL),('Dream Sours',5858,0,'',800,'http://streamcraft.net/uploads/idlist/DG/Herbalism/5858.png','5,',10,'',NULL),('Call Of The Watcher',5451,0,'',30,'http://streamcraft.net/uploads/idlist/DG/Bossspawner/5451.png','5,',10,'',NULL),('Mysterious Clock',5452,0,'',70,'http://streamcraft.net/uploads/idlist/DG/Bossspawner/5452.png','5,',10,'',NULL),('Base Spawn Crystal',5529,0,'',30,'http://streamcraft.net/uploads/idlist/DG/Bossspawner/5529.png','5,',10,'',NULL),('Soul Fiend Crystal',5530,0,'',30,'http://streamcraft.net/uploads/idlist/DG/Bossspawner/5530.png','5,',10,'',NULL),('Vamacheron Crystal',5531,0,'',30,'http://streamcraft.net/uploads/idlist/DG/Bossspawner/5531.png','5,',10,'',NULL),('Twilight Demon Crystal',5532,0,'',30,'http://streamcraft.net/uploads/idlist/DG/Bossspawner/5532.png','5,',10,'',NULL),('Karot Crystal',5533,0,'',30,'http://streamcraft.net/uploads/idlist/DG/Bossspawner/5533.png','5,',10,'',NULL),('Densos Crystal',5534,0,'',30,'http://streamcraft.net/uploads/idlist/DG/Bossspawner/5534.png','5,',10,'',NULL),('Reyvor Crystal',5535,0,'',30,'http://streamcraft.net/uploads/idlist/DG/Bossspawner/5535.png','5,',10,'',NULL),('Infernal Flame',5536,0,'',40,'http://streamcraft.net/uploads/idlist/DG/Bossspawner/5536.png','5,',10,'',NULL),('Zichile Crystal',5537,0,'',30,'http://streamcraft.net/uploads/idlist/DG/Bossspawner/5537.png','5,',10,'',NULL),('Fyracryx Egg',5698,0,'',80,'http://streamcraft.net/uploads/idlist/DG/Bossspawner/5698.png','5,',10,'',NULL),('Paratiku Egg',5717,0,'',80,'http://streamcraft.net/uploads/idlist/DG/Bossspawner/5717.png','5,',10,'',NULL),('Seimer Egg',5718,0,'',80,'http://streamcraft.net/uploads/idlist/DG/Bossspawner/5718.png','5,',10,'',NULL),('Golem Of Rejuvenation Egg',5719,0,'',80,'http://streamcraft.net/uploads/idlist/DG/Bossspawner/5719.png','5,',10,'',NULL),('Horde Horn',5770,0,'',70,'http://streamcraft.net/uploads/idlist/DG/Bossspawner/5770.png','5,',10,'',NULL),('Dream Flint',5900,0,'',40,'http://streamcraft.net/uploads/idlist/DG/Bossspawner/5900.png','5,',10,'',NULL),('Moon Clock',5901,0,'',80,'http://streamcraft.net/uploads/idlist/DG/Bossspawner/5901.png','5,',10,'',NULL),('AquaBall',5404,0,'',4,'http://streamcraft.net/uploads/idlist/DG/Rawmaterials/5404.png','5,',10,'',NULL),('Aquatic Blaze Rod',5405,0,'',8,'http://streamcraft.net/uploads/idlist/DG/Rawmaterials/5405.png','5,',10,'',NULL),('Kraken Scale',5406,0,'',5,'http://streamcraft.net/uploads/idlist/DG/Rawmaterials/5406.png','5,',10,'',NULL),('Kraken Skin',5407,0,'',10,'http://streamcraft.net/uploads/idlist/DG/Rawmaterials/5407.png','5,',10,'',NULL),('Purple Blaze',5413,0,'',5,'http://streamcraft.net/uploads/idlist/DG/Rawmaterials/5413.png','5,',10,'',NULL),('BloodGem',5414,0,'',1.5,'http://streamcraft.net/uploads/idlist/DG/Rawmaterials/5414.png','5,',10,'',NULL),('Chisel',5415,0,'',1,'http://streamcraft.net/uploads/idlist/DG/Rawmaterials/5415.png','5,',10,'',NULL),('Healing Stone',5416,0,'',6.5,'http://streamcraft.net/uploads/idlist/DG/Rawmaterials/5416.png','5,',10,'',NULL),('Legendary Ender Eye',5422,0,'',35,'http://streamcraft.net/uploads/idlist/DG/Rawmaterials/5422.png','5,',10,'',NULL),('Arlemite',5423,0,'',5,'http://streamcraft.net/uploads/idlist/DG/Rawmaterials/5423.png','5,',10,'',NULL),('Rupee',5424,0,'',7,'http://streamcraft.net/uploads/idlist/DG/Rawmaterials/5424.png','5,',10,'',NULL),('Realmite Ingot',5425,0,'',3,'http://streamcraft.net/uploads/idlist/DG/Rawmaterials/5425.png','5,',10,'',NULL),('Netherite Chunk',5428,0,'',5,'http://streamcraft.net/uploads/idlist/DG/Rawmaterials/5428.png','5,',10,'',NULL),('Shadow Bar',5429,0,'',12,'http://streamcraft.net/uploads/idlist/DG/Rawmaterials/5429.png','5,',10,'',NULL),('Black Diamond Chunk',5430,0,'',100,'http://streamcraft.net/uploads/idlist/DG/Rawmaterials/5430.png','5,',10,'',NULL),('Blue Diamond Chunk',5431,0,'',60,'http://streamcraft.net/uploads/idlist/DG/Rawmaterials/5431.png','5,',10,'',NULL),('Yellow Diamond Chunk',5432,0,'',30,'http://streamcraft.net/uploads/idlist/DG/Rawmaterials/5432.png','0',10,'',NULL),('Green Diamond Chunk',5433,0,'',44,'http://streamcraft.net/uploads/idlist/DG/Rawmaterials/5433.png','5,',10,'',NULL),('Red Diamong Chunk',5434,0,'',40,'http://streamcraft.net/uploads/idlist/DG/Rawmaterials/5434.png','5,',10,'',NULL),('Divine Shards',5436,0,'',1,'http://streamcraft.net/uploads/idlist/DG/Rawmaterials/5436.png','5,',10,'',NULL),('Frozen Shards',5437,0,'',0.5,'http://streamcraft.net/uploads/idlist/DG/Rawmaterials/5437.png','5,',10,'',NULL),('Ender Shards',5438,0,'',0.8,'http://streamcraft.net/uploads/idlist/DG/Rawmaterials/5438.png','5,',10,'',NULL),('Molten Shards',5439,0,'',1,'http://streamcraft.net/uploads/idlist/DG/Rawmaterials/5439.png','5,',10,'',NULL),('Jungle Shards',5440,0,'',0.8,'http://streamcraft.net/uploads/idlist/DG/Rawmaterials/5440.png','5,',10,'',NULL),('Ice Stone',5441,0,'',4.5,'http://streamcraft.net/uploads/idlist/DG/Rawmaterials/5441.png','5,',10,'',NULL),('Hellstone Ingot',5442,0,'',18,'http://streamcraft.net/uploads/idlist/DG/Rawmaterials/5442.png','5,',10,'',NULL),('Divine Stone',5443,0,'',9,'http://streamcraft.net/uploads/idlist/DG/Rawmaterials/5443.png','5,',10,'',NULL),('Jungle Stone',5444,0,'',7.2,'http://streamcraft.net/uploads/idlist/DG/Rawmaterials/5444.png','5,',10,'',NULL),('Bluefire Stone',5445,0,'',10,'http://streamcraft.net/uploads/idlist/DG/Rawmaterials/5445.png','5,',10,'',NULL),('Shadow Stone',5446,0,'',108,'http://streamcraft.net/uploads/idlist/DG/Rawmaterials/5446.png','5,',10,'',NULL),('Molten Stone',5447,0,'',9,'http://streamcraft.net/uploads/idlist/DG/Rawmaterials/5447.png','5,',10,'',NULL),('Watching Eye',5450,0,'',2,'http://streamcraft.net/uploads/idlist/DG/Rawmaterials/5450.png','5,',10,'',NULL),('Ender Stone',5453,0,'',8,'http://streamcraft.net/uploads/idlist/DG/Rawmaterials/5453.png','5,',10,'',NULL),('Dravite Fragments',5454,0,'',3,'http://streamcraft.net/uploads/idlist/DG/Rawmaterials/5454.png','5,',10,'',NULL),('Uvite Fragments',5455,0,'',4.5,'http://streamcraft.net/uploads/idlist/DG/Rawmaterials/5455.png','5,',10,'',NULL),('Azurite Fragments',5456,0,'',6,'http://streamcraft.net/uploads/idlist/DG/Rawmaterials/5456.png','5,',10,'',NULL),('Mythril Fragments',5457,0,'',7.5,'http://streamcraft.net/uploads/idlist/DG/Rawmaterials/5457.png','5,',10,'',NULL),('Augite Fragments',5458,0,'',9,'http://streamcraft.net/uploads/idlist/DG/Rawmaterials/5458.png','5,',10,'',NULL),('Dravite Gem',5459,0,'',9,'http://streamcraft.net/uploads/idlist/DG/Rawmaterials/5459.png','5,',10,'',NULL),('Uvite Gem',5460,0,'',11,'http://streamcraft.net/uploads/idlist/DG/Rawmaterials/5460.png','5,',10,'',NULL),('Azurite Gem',5461,0,'',13,'http://streamcraft.net/uploads/idlist/DG/Rawmaterials/5461.png','5,',10,'',NULL),('Mythril Gem',5462,0,'',18,'http://streamcraft.net/uploads/idlist/DG/Rawmaterials/5462.png','5,',10,'',NULL),('Augite Gem',5463,0,'',22,'http://streamcraft.net/uploads/idlist/DG/Rawmaterials/5463.png','5,',10,'',NULL),('Dravite Chunk',5464,0,'',63,'http://streamcraft.net/uploads/idlist/DG/Rawmaterials/5464.png','5,',10,'',NULL),('Uvite Chunk',5465,0,'',91,'http://streamcraft.net/uploads/idlist/DG/Rawmaterials/5465.png','5,',10,'',NULL),('Azurite Chunk',5466,0,'',77,'http://streamcraft.net/uploads/idlist/DG/Rawmaterials/5466.png','5,',10,'',NULL),('Mythril Chunk',5467,0,'',136,'http://streamcraft.net/uploads/idlist/DG/Rawmaterials/5467.png','5,',10,'',NULL),('Augite Chunk',5468,0,'',147,'http://streamcraft.net/uploads/idlist/DG/Rawmaterials/5468.png','5,',10,'',NULL),('Dravite Soul',5551,0,'',3,'http://streamcraft.net/uploads/idlist/DG/Rawmaterials/5551.png','5,',10,'',NULL),('Uvite Soul',5552,0,'',4.5,'http://streamcraft.net/uploads/idlist/DG/Rawmaterials/5552.png','5,',10,'',NULL),('Azurite Soul',5553,0,'',6,'http://streamcraft.net/uploads/idlist/DG/Rawmaterials/5553.png','5,',10,'',NULL),('Mythril Soul',5554,0,'',7.5,'http://streamcraft.net/uploads/idlist/DG/Rawmaterials/5554.png','5,',10,'',NULL),('Augite Soul',5555,0,'',9,'http://streamcraft.net/uploads/idlist/DG/Rawmaterials/5555.png','5,',10,'',NULL),('Dravite Dust',5557,0,'',1,'http://streamcraft.net/uploads/idlist/DG/Rawmaterials/5557.png','5,',10,'',NULL),('Uvite Dust',5558,0,'',1.5,'http://streamcraft.net/uploads/idlist/DG/Rawmaterials/5558.png','5,',10,'',NULL),('Azurite Dust',5559,0,'',2,'http://streamcraft.net/uploads/idlist/DG/Rawmaterials/5559.png','5,',10,'',NULL),('Mythril Dust',5560,0,'',2.5,'http://streamcraft.net/uploads/idlist/DG/Rawmaterials/5560.png','5,',10,'',NULL),('Augite Dust',5561,0,'',3,'http://streamcraft.net/uploads/idlist/DG/Rawmaterials/5561.png','5,',10,'',NULL),('Teleportation Crystal',5562,0,'',5,'http://streamcraft.net/uploads/idlist/DG/Rawmaterials/5562.png','5,',10,'',NULL),('Aquatic Ingot',5572,0,'',1.5,'http://streamcraft.net/uploads/idlist/DG/Rawmaterials/5572.png','5,',10,'',NULL),('Shark Fin',5573,0,'',4,'http://streamcraft.net/uploads/idlist/DG/Rawmaterials/5573.png','5,',10,'',NULL),('Whale Fin',5574,0,'',3,'http://streamcraft.net/uploads/idlist/DG/Rawmaterials/5574.png','5,',10,'',NULL),('Crab Claw',5575,0,'',6,'http://streamcraft.net/uploads/idlist/DG/Rawmaterials/5575.png','5,',10,'',NULL),('Aquatic Pellets',5576,0,'',3,'http://streamcraft.net/uploads/idlist/DG/Rawmaterials/5576.png','5,',10,'',NULL),('Pure Aquatic Pellets',5577,0,'',4,'http://streamcraft.net/uploads/idlist/DG/Rawmaterials/5577.png','5,',10,'',NULL),('Twilight Clock',5586,0,'',36,'http://streamcraft.net/uploads/idlist/DG/Rawmaterials/5586.png','5,',10,'',NULL),('Azurite Arrows',5587,0,'',1,'http://streamcraft.net/uploads/idlist/DG/Rawmaterials/5587.png','5,',10,'',NULL),('Fury Arrows',5588,0,'',2,'http://streamcraft.net/uploads/idlist/DG/Rawmaterials/5588.png','5,',10,'',NULL),('Bucket Of Tar',5589,0,'',3,'http://streamcraft.net/uploads/idlist/DG/Rawmaterials/5589.png','5,',10,'',NULL),('Purple Key',5663,0,'',5,'http://streamcraft.net/uploads/idlist/DG/Rawmaterials/5663.png','5,',10,'',NULL),('Yellow Key',5664,0,'',5,'http://streamcraft.net/uploads/idlist/DG/Rawmaterials/5664.png','5,',10,'',NULL),('Red Key',5665,0,'',5,'http://streamcraft.net/uploads/idlist/DG/Rawmaterials/5665.png','5,',10,'',NULL),('Blue Key',5666,0,'',5,'http://streamcraft.net/uploads/idlist/DG/Rawmaterials/5666.png','5,',10,'',NULL),('Corrupted Shards',5667,0,'',2,'http://streamcraft.net/uploads/idlist/DG/Rawmaterials/5667.png','5,',10,'',NULL),('Corrupted Stone',5675,0,'',18,'http://streamcraft.net/uploads/idlist/DG/Rawmaterials/5675.png','5,',10,'',NULL),('Twilight Music Box',5678,0,'',20,'http://streamcraft.net/uploads/idlist/DG/Rawmaterials/5678.png','5,',10,'',NULL),('Snowy Music Box',5679,0,'',20,'http://streamcraft.net/uploads/idlist/DG/Rawmaterials/5679.png','5,',10,'',NULL),('Explorer Music Box',5680,0,'',20,'http://streamcraft.net/uploads/idlist/DG/Rawmaterials/5680.png','5,',10,'',NULL),('Adventurer Music Box',5681,0,'',20,'http://streamcraft.net/uploads/idlist/DG/Rawmaterials/5681.png','5,',10,'',NULL),('Arcanium',5697,0,'',2,'http://streamcraft.net/uploads/idlist/DG/Rawmaterials/5697.png','5,',10,'',NULL),('Corrupted Bullet',5705,0,'',0.1,'http://streamcraft.net/uploads/idlist/DG/Rawmaterials/5705.png','5,',10,'',NULL),('Dungeon Token',5720,0,'',5,'http://streamcraft.net/uploads/idlist/DG/Rawmaterials/5720.png','5,',10,'',NULL),('Wizard\'s Book',5734,0,'',7,'http://streamcraft.net/uploads/idlist/DG/Rawmaterials/5734.png','5,',10,'',NULL),('Arcanium Bucket',5735,0,'',1,'http://streamcraft.net/uploads/idlist/DG/Rawmaterials/5735.png','5,',10,'',NULL),('Collector Charged',5736,0,'',10,'http://streamcraft.net/uploads/idlist/DG/Rawmaterials/5736.png','5,',10,'',NULL),('Collector Fragment',5737,0,'',8,'http://streamcraft.net/uploads/idlist/DG/Rawmaterials/5737.png','5,',10,'',NULL),('Snow Flakes',5738,0,'',12,'http://streamcraft.net/uploads/idlist/DG/Rawmaterials/5738.png','5,',10,'',NULL),('Orb Of Light',5754,0,'',10,'http://streamcraft.net/uploads/idlist/DG/Rawmaterials/5754.png','5,',10,'',NULL),('Weak Arcane Potion',5760,0,'',20,'http://streamcraft.net/uploads/idlist/DG/Rawmaterials/5760.png','5,',10,'',NULL),('Strong Arcane Potion',5761,0,'',20,'http://streamcraft.net/uploads/idlist/DG/Rawmaterials/5761.png','5,',10,'',NULL),('Arcana Music Box',5762,0,'',30,'http://streamcraft.net/uploads/idlist/DG/Rawmaterials/5762.png','5,',10,'',NULL),('Fury Fire',5768,0,'',12,'http://streamcraft.net/uploads/idlist/DG/Rawmaterials/5768.png','5,',10,'',NULL),('Dravite Sparkles',5771,0,'',3,'http://streamcraft.net/uploads/idlist/DG/Rawmaterials/5771.png','5,',10,'',NULL),('Acid',5817,0,'',10,'http://streamcraft.net/uploads/idlist/DG/Rawmaterials/5817.png','5,',10,'',NULL),('Teaker Arrows',5827,0,'',2,'http://streamcraft.net/uploads/idlist/DG/Rawmaterials/5827.png','5,',10,'',NULL),('Darven Arrows',5828,0,'',3,'http://streamcraft.net/uploads/idlist/DG/Rawmaterials/5828.png','5,',10,'',NULL),('Pardimal Arrows',5829,0,'',4,'http://streamcraft.net/uploads/idlist/DG/Rawmaterials/5829.png','5,',10,'',NULL),('Karos Arrows',5830,0,'',5,'http://streamcraft.net/uploads/idlist/DG/Rawmaterials/5830.png','5,',10,'',NULL),('Arksiane Lump',5856,0,'',20,'http://streamcraft.net/uploads/idlist/DG/Rawmaterials/5856.png','5,',10,'',NULL),('Dirty Pearls',5889,0,'',12,'http://streamcraft.net/uploads/idlist/DG/Rawmaterials/5889.png','5,',10,'',NULL),('Clean Pearls',5890,0,'',12,'http://streamcraft.net/uploads/idlist/DG/Rawmaterials/5890.png','5,',10,'',NULL),('Polished Pearls',5891,0,'',12,'http://streamcraft.net/uploads/idlist/DG/Rawmaterials/5891.png','5,',10,'',NULL),('Shiny Pearls',5892,0,'',12,'http://streamcraft.net/uploads/idlist/DG/Rawmaterials/5892.png','5,',10,'',NULL),('Honey Chunk',5893,0,'',14,'http://streamcraft.net/uploads/idlist/DG/Rawmaterials/5893.png','5,',10,'',NULL),('Rock Chunks',5894,0,'',14,'http://streamcraft.net/uploads/idlist/DG/Rawmaterials/5894.png','5,',10,'',NULL),('Fyrossom',5895,0,'',16,'http://streamcraft.net/uploads/idlist/DG/Rawmaterials/5895.png','5,',10,'',NULL),('Band Of Heiva Hunting',5896,0,'',18,'http://streamcraft.net/uploads/idlist/DG/Rawmaterials/5896.png','5,',10,'',NULL),('Mooncloud',5897,0,'',18,'http://streamcraft.net/uploads/idlist/DG/Rawmaterials/5897.png','5,',10,'',NULL),('Ever Arrows',5912,0,'',5,'http://streamcraft.net/uploads/idlist/DG/Rawmaterials/5912.png','5,',10,'',NULL),('Natural Music Box',31999,0,'',20,'http://streamcraft.net/uploads/idlist/DG/Rawmaterials/31999.png','5,',10,'',NULL),('Twilight Stone',189,0,'',1,'http://streamcraft.net/uploads/idlist/DG/Blocks/189.png','5,',10,'',NULL),('Dravite Grass',190,0,'',2,'http://streamcraft.net/uploads/idlist/DG/Blocks/190.png','5,',10,'',NULL),('Dravite Dirt',191,0,'',1.5,'http://streamcraft.net/uploads/idlist/DG/Blocks/191.png','5,',10,'',NULL),('Azurite Grass',192,0,'',3,'http://streamcraft.net/uploads/idlist/DG/Blocks/192.png','5,',10,'',NULL),('Azurite Dirt',193,0,'',2.5,'http://streamcraft.net/uploads/idlist/DG/Blocks/193.png','5,',10,'',NULL),('Uvite Grass',194,0,'',4,'http://streamcraft.net/uploads/idlist/DG/Blocks/194.png','5,',10,'',NULL),('Uvite Drit',195,0,'',3.5,'http://streamcraft.net/uploads/idlist/DG/Blocks/195.png','5,',10,'',NULL),('Mythril Grass',196,0,'',5,'http://streamcraft.net/uploads/idlist/DG/Blocks/196.png','5,',10,'',NULL),('Mythril Dirt',197,0,'',4.5,'http://streamcraft.net/uploads/idlist/DG/Blocks/197.png','5,',10,'',NULL),('Augite Grass',198,0,'',6,'http://streamcraft.net/uploads/idlist/DG/Blocks/198.png','5,',10,'',NULL),('Augite Dirt',199,0,'',5.5,'http://streamcraft.net/uploads/idlist/DG/Blocks/199.png','5,',10,'',NULL),('Frosted Dirt',200,0,'',7,'http://streamcraft.net/uploads/idlist/DG/Blocks/200.png','5,',10,'',NULL),('Frosted Grass',201,0,'',6.7,'http://streamcraft.net/uploads/idlist/DG/Blocks/201.png','5,',10,'',NULL),('Bloodgem Ore',202,0,'',5,'http://streamcraft.net/uploads/idlist/DG/Blocks/202.png','5,',10,'',NULL),('Icy Stone',203,0,'',1,'http://streamcraft.net/uploads/idlist/DG/Blocks/203.png','5,',10,'',NULL),('Arlemite Ore',218,0,'',5,'http://streamcraft.net/uploads/idlist/DG/Blocks/218.png','5,',10,'',NULL),('Rupee Ore',219,0,'',7,'http://streamcraft.net/uploads/idlist/DG/Blocks/219.png','5,',10,'',NULL),('Dream Grass',221,0,'',8,'http://streamcraft.net/uploads/idlist/DG/Blocks/221.png','5,',10,'',NULL),('Dream Dirt',222,0,'',7.5,'http://streamcraft.net/uploads/idlist/DG/Blocks/222.png','5,',10,'',NULL),('Firecrystal',223,0,'',10,'http://streamcraft.net/uploads/idlist/DG/Blocks/223.png','5,',10,'',NULL),('Realmite Ore',228,0,'',3,'http://streamcraft.net/uploads/idlist/DG/Blocks/228.png','5,',10,'',NULL),('Bluefire Lamp',405,0,'',5,'http://streamcraft.net/uploads/idlist/DG/Blocks/405.png','5,',10,'',NULL),('Molten Lamp',406,0,'',4,'http://streamcraft.net/uploads/idlist/DG/Blocks/406.png','5,',10,'',NULL),('Mud',411,0,'',2,'http://streamcraft.net/uploads/idlist/DG/Blocks/411.png','5,',10,'',NULL),('Pink Vanes',413,0,'',14,'http://streamcraft.net/uploads/idlist/DG/Blocks/413.png','5,',10,'',NULL),('Blue Vanes',413,1,'',14,'http://streamcraft.net/uploads/idlist/DG/Blocks/413.1.png','5,',10,'',NULL),('Yellow Vanes',413,2,'',14,'http://streamcraft.net/uploads/idlist/DG/Blocks/413.2.png','5,',10,'',NULL),('Orange Vanes',413,3,'',14,'http://streamcraft.net/uploads/idlist/DG/Blocks/413.3.png','5,',10,'',NULL),('Purple Vanes',413,4,'',14,'http://streamcraft.net/uploads/idlist/DG/Blocks/413.4.png','5,',10,'',NULL),('Arlemite Bricks',416,0,'',45,'http://streamcraft.net/uploads/idlist/DG/Blocks/416.png','5,',10,'',NULL),('Obsidian Blocks',421,0,'',18,'http://streamcraft.net/uploads/idlist/DG/Blocks/421.png','5,',10,'',NULL),('Realmite Bricks',422,0,'',25,'http://streamcraft.net/uploads/idlist/DG/Blocks/422.png','5,',10,'',NULL),('Netherrack block',425,0,'',5,'http://streamcraft.net/uploads/idlist/DG/Blocks/425.png','5,',10,'',NULL),('Realmite Block',429,0,'',20,'http://streamcraft.net/uploads/idlist/DG/Blocks/429.png','5,',10,'',NULL),('Netherite Bricks',430,0,'',1,'http://streamcraft.net/uploads/idlist/DG/Blocks/430.png','5,',10,'',NULL),('Eucalyptus',431,0,'',2,'http://streamcraft.net/uploads/idlist/DG/Blocks/431.png','5,',10,'',NULL),('Eucalyptus Planks',432,0,'',0.5,'http://streamcraft.net/uploads/idlist/DG/Blocks/432.png','5,',10,'',NULL),('Netherite Ore',433,0,'',10,'http://streamcraft.net/uploads/idlist/DG/Blocks/433.png','5,',10,'',NULL),('White Block',434,0,'',5,'http://streamcraft.net/uploads/idlist/DG/Blocks/434.png','5,',10,'',NULL),('Orange Block',434,1,'',5,'http://streamcraft.net/uploads/idlist/DG/Blocks/434.1.png','5,',10,'',NULL),('Magenta Block',434,2,'',5,'http://streamcraft.net/uploads/idlist/DG/Blocks/434.2.png','5,',10,'',NULL),('Light Blue Block',434,3,'',5,'http://streamcraft.net/uploads/idlist/DG/Blocks/434.3.png','5,',10,'',NULL),('Yellow Block',434,4,'',5,'http://streamcraft.net/uploads/idlist/DG/Blocks/434.4.png','5,',10,'',NULL),('Lime Block',434,5,'',5,'http://streamcraft.net/uploads/idlist/DG/Blocks/434.5.png','5,',10,'',NULL),('Pink Block',434,6,'',5,'http://streamcraft.net/uploads/idlist/DG/Blocks/434.6.png','5,',10,'',NULL),('Gray Block',434,7,'',5,'http://streamcraft.net/uploads/idlist/DG/Blocks/434.7.png','5,',10,'',NULL),('Light Gray Block',434,8,'',5,'http://streamcraft.net/uploads/idlist/DG/Blocks/434.8.png','5,',10,'',NULL),('Cayn Block',434,9,'',5,'http://streamcraft.net/uploads/idlist/DG/Blocks/434.9.png','5,',10,'',NULL),('Purple Block',434,10,'',5,'http://streamcraft.net/uploads/idlist/DG/Blocks/434.10.png','5,',10,'',NULL),('Brown Block',434,11,'',5,'http://streamcraft.net/uploads/idlist/DG/Blocks/434.11.png','5,',10,'',NULL),('Green Block',434,12,'',5,'http://streamcraft.net/uploads/idlist/DG/Blocks/434.12.png','5,',10,'',NULL),('Red Block',434,13,'',5,'http://streamcraft.net/uploads/idlist/DG/Blocks/434.13.png','5,',10,'',NULL),('Black Block',434,14,'',5,'http://streamcraft.net/uploads/idlist/DG/Blocks/434.14.png','5,',10,'',NULL),('Slime Light',435,0,'',2,'http://streamcraft.net/uploads/idlist/DG/Blocks/435.png','5,',10,'',NULL),('Yellow Wood',436,3,'',1,'http://streamcraft.net/uploads/idlist/DG/Blocks/436.3.png','5,',10,'',NULL),('Red Wood',436,4,'',1,'http://streamcraft.net/uploads/idlist/DG/Blocks/436.4.png','5,',10,'',NULL),('Purple Wood',436,5,'',1,'http://streamcraft.net/uploads/idlist/DG/Blocks/436.5.png','5,',10,'',NULL),('Teal Wood',436,6,'',1,'http://streamcraft.net/uploads/idlist/DG/Blocks/436.6.png','5,',10,'',NULL),('Green Wood',436,7,'',1,'http://streamcraft.net/uploads/idlist/DG/Blocks/436.7.png','5,',10,'',NULL),('White Wood',436,8,'',1,'http://streamcraft.net/uploads/idlist/DG/Blocks/436.8.png','5,',10,'',NULL),('Blue Carpet',436,9,'',2,'http://streamcraft.net/uploads/idlist/DG/Blocks/436.9.png','5,',10,'',NULL),('Orange Carpet',436,10,'',2,'http://streamcraft.net/uploads/idlist/DG/Blocks/436.10.png','5,',10,'',NULL),('Yellow Carpet',436,11,'',2,'http://streamcraft.net/uploads/idlist/DG/Blocks/436.11.png','5,',10,'',NULL),('Purple Carpet',436,12,'',2,'http://streamcraft.net/uploads/idlist/DG/Blocks/436.12.png','5,',10,'',NULL),('Green Carpet',436,13,'',2,'http://streamcraft.net/uploads/idlist/DG/Blocks/436.13.png','5,',10,'',NULL),('Red Carpet',436,14,'',2,'http://streamcraft.net/uploads/idlist/DG/Blocks/436.14.png','5,',10,'',NULL),('Blue Bricks',437,0,'',1,'http://streamcraft.net/uploads/idlist/DG/Blocks/437.png','5,',10,'',NULL),('Green Bricks',437,1,'',1,'http://streamcraft.net/uploads/idlist/DG/Blocks/437.1.png','5,',10,'',NULL),('Yellow bricks',437,2,'',1,'http://streamcraft.net/uploads/idlist/DG/Blocks/437.2.png','5,',10,'',NULL),('Black Bricks',437,3,'',1,'http://streamcraft.net/uploads/idlist/DG/Blocks/437.3.png','5,',10,'',NULL),('Purple Bricks',437,4,'',1,'http://streamcraft.net/uploads/idlist/DG/Blocks/437.4.png','5,',10,'',NULL),('Raindow Wool',438,0,'',3,'http://streamcraft.net/uploads/idlist/DG/Blocks/438.png','5,',10,'',NULL),('Teal Steel',439,0,'',9,'http://streamcraft.net/uploads/idlist/DG/Blocks/439.png','5,',10,'',NULL),('Red Steel',439,1,'',9,'http://streamcraft.net/uploads/idlist/DG/Blocks/439.1.png','5,',10,'',NULL),('Purple Steel',439,2,'',9,'http://streamcraft.net/uploads/idlist/DG/Blocks/439.2.png','5,',10,'',NULL),('Green Steel',439,3,'',9,'http://streamcraft.net/uploads/idlist/DG/Blocks/439.3.png','5,',10,'',NULL),('Yellow Steel',439,4,'',9,'http://streamcraft.net/uploads/idlist/DG/Blocks/439.4.png','5,',10,'',NULL),('Blue Steel',439,5,'',9,'http://streamcraft.net/uploads/idlist/DG/Blocks/439.5.png','5,',10,'',NULL),('White Steel',439,6,'',9,'http://streamcraft.net/uploads/idlist/DG/Blocks/439.6.png','5,',10,'',NULL),('Black Steel',439,7,'',9,'http://streamcraft.net/uploads/idlist/DG/Blocks/439.7.png','5,',10,'',NULL),('Orange Steel',439,8,'',9,'http://streamcraft.net/uploads/idlist/DG/Blocks/439.8.png','5,',10,'',NULL),('Bright Red Steel',439,9,'',9,'http://streamcraft.net/uploads/idlist/DG/Blocks/439.9.png','5,',10,'',NULL),('Crate',439,11,'',3,'http://streamcraft.net/uploads/idlist/DG/Blocks/439.11.png','5,',10,'',NULL),('Plank Design',439,12,'',5,'http://streamcraft.net/uploads/idlist/DG/Blocks/439.12.png','5,',10,'',NULL),('Red Carpet',439,13,'',4,'http://streamcraft.net/uploads/idlist/DG/Blocks/439.13.png','5,',10,'',NULL),('Black Carpet',439,15,'',4,'http://streamcraft.net/uploads/idlist/DG/Blocks/439.15.png','5,',10,'',NULL),('Aquatic Torch',441,0,'',15,'http://streamcraft.net/uploads/idlist/DG/Blocks/441.png','5,',10,'',NULL),('Milk Stone',445,0,'',4,'http://streamcraft.net/uploads/idlist/DG/Blocks/445.png','5,',10,'',NULL),('Aquatonic Bricks',446,0,'',4,'http://streamcraft.net/uploads/idlist/DG/Blocks/446.png','5,',10,'',NULL),('Water Stone',448,0,'',1,'http://streamcraft.net/uploads/idlist/DG/Blocks/448.png','5,',10,'',NULL),('Lave Bricks',449,0,'',6,'http://streamcraft.net/uploads/idlist/DG/Blocks/449.png','5,',10,'',NULL),('Gold Bricks',450,0,'',5,'http://streamcraft.net/uploads/idlist/DG/Blocks/450.png','5,',10,'',NULL),('Lapis Lazule Bricks',451,0,'',5,'http://streamcraft.net/uploads/idlist/DG/Blocks/451.png','5,',10,'',NULL),('RedStone Bricks',452,0,'',4,'http://streamcraft.net/uploads/idlist/DG/Blocks/452.png','5,',10,'',NULL),('Creeper Pumpkin',453,0,'',3,'http://streamcraft.net/uploads/idlist/DG/Blocks/453.png','5,',10,'',NULL),('Ender Pumpkin',454,0,'',4,'http://streamcraft.net/uploads/idlist/DG/Blocks/454.png','5,',10,'',NULL),('Iron Bricks',499,0,'',2,'http://streamcraft.net/uploads/idlist/DG/Blocks/499.png','5,',10,'',NULL),('DarkStone Bricks',500,0,'',1,'http://streamcraft.net/uploads/idlist/DG/Blocks/500.png','5,',10,'',NULL),('Blaze Pumpkin',501,0,'',5,'http://streamcraft.net/uploads/idlist/DG/Blocks/501.png','5,',10,'',NULL),('Skeleton Pumpkin',502,0,'',3,'http://streamcraft.net/uploads/idlist/DG/Blocks/502.png','5,',10,'',NULL),('Dark Stairs',504,0,'',1,'http://streamcraft.net/uploads/idlist/DG/Blocks/504.png','5,',10,'',NULL),('Iron Stairs',505,0,'',1,'http://streamcraft.net/uploads/idlist/DG/Blocks/505.png','5,',10,'',NULL),('Gold Stairs',506,0,'',1,'http://streamcraft.net/uploads/idlist/DG/Blocks/506.png','5,',10,'',NULL),('Lapis Lazuli Stairs',507,0,'',1,'http://streamcraft.net/uploads/idlist/DG/Blocks/507.png','5,',10,'',NULL),('RedStone Stairs',508,0,'',1,'http://streamcraft.net/uploads/idlist/DG/Blocks/508.png','5,',10,'',NULL),('Arlemite Stairs',509,0,'',1,'http://streamcraft.net/uploads/idlist/DG/Blocks/509.png','5,',10,'',NULL),('MilkStone Stairs',510,0,'',1,'http://streamcraft.net/uploads/idlist/DG/Blocks/510.png','5,',10,'',NULL),('Stone Fence',511,0,'',1,'http://streamcraft.net/uploads/idlist/DG/Blocks/511.png','5,',10,'',NULL),('Wooden Fence',512,0,'',1,'http://streamcraft.net/uploads/idlist/DG/Blocks/512.png','5,',10,'',NULL),('IllumiFence Red',513,0,'',1,'http://streamcraft.net/uploads/idlist/DG/Blocks/513.png','5,',10,'',NULL),('IllumiFenct Blue',514,0,'',1,'http://streamcraft.net/uploads/idlist/DG/Blocks/514.png','5,',10,'',NULL),('MilkStone Bricks',516,0,'',3,'http://streamcraft.net/uploads/idlist/DG/Blocks/516.png','5,',10,'',NULL),('MilkStone Brick Stairs',517,0,'',3,'http://streamcraft.net/uploads/idlist/DG/Blocks/517.png','5,',10,'',NULL),('Red Sand',518,0,'',0.5,'http://streamcraft.net/uploads/idlist/DG/Blocks/518.png','5,',10,'',NULL),('Red Sandstone',519,0,'',1,'http://streamcraft.net/uploads/idlist/DG/Blocks/519.png','5,',10,'',NULL),('Red Sandstone',520,0,'',1.5,'http://streamcraft.net/uploads/idlist/DG/Blocks/520.png','5,',10,'',NULL),('Red Sandstone',521,0,'',2,'http://streamcraft.net/uploads/idlist/DG/Blocks/521.png','5,',10,'',NULL),('Sand Stairs',522,0,'',0.5,'http://streamcraft.net/uploads/idlist/DG/Blocks/522.png','5,',10,'',NULL),('Red Sand Stairs',523,0,'',0.6,'http://streamcraft.net/uploads/idlist/DG/Blocks/523.png','5,',10,'',NULL),('Rupee Minibricks',524,0,'',1.5,'http://streamcraft.net/uploads/idlist/DG/Blocks/524.png','5,',10,'',NULL),('Realmite Minibricks',524,1,'',1,'http://streamcraft.net/uploads/idlist/DG/Blocks/524.1.png','5,',10,'',NULL),('Arlemite Minibrricks',524,2,'',1.2,'http://streamcraft.net/uploads/idlist/DG/Blocks/524.2.png','5,',10,'',NULL),('Minibricks',524,4,'',0.8,'http://streamcraft.net/uploads/idlist/DG/Blocks/524.4.png','5,',10,'',NULL),('Bloodgem Minibricks',524,5,'',0.9,'http://streamcraft.net/uploads/idlist/DG/Blocks/524.5.png','5,',10,'',NULL),('Netherite Minibricks',524,6,'',1,'http://streamcraft.net/uploads/idlist/DG/Blocks/524.6.png','5,',10,'',NULL),('Bedrock Minibricks',524,8,'',2,'http://streamcraft.net/uploads/idlist/DG/Blocks/524.8.png','5,',10,'',NULL),('Spider Pimpkin',525,0,'',3,'http://streamcraft.net/uploads/idlist/DG/Blocks/525.png','5,',10,'',NULL),('Green Bricks',534,0,'',1.2,'http://streamcraft.net/uploads/idlist/DG/Blocks/534.png','5,',10,'',NULL),('Purple Bricks',535,0,'',1,'http://streamcraft.net/uploads/idlist/DG/Blocks/535.png','5,',10,'',NULL),('Ping Bricks',536,0,'',1,'http://streamcraft.net/uploads/idlist/DG/Blocks/536.png','5,',10,'',NULL),('Green Brick Stairs',537,0,'',1,'http://streamcraft.net/uploads/idlist/DG/Blocks/537.png','5,',10,'',NULL),('Purple Brick Stairs ',538,0,'',1,'http://streamcraft.net/uploads/idlist/DG/Blocks/538.png','5,',10,'',NULL),('Ice Block',539,0,'',9,'http://streamcraft.net/uploads/idlist/DG/Blocks/539.png','5,',10,'',NULL),('Flint Block',539,1,'',2.5,'http://streamcraft.net/uploads/idlist/DG/Blocks/539.1.png','5,',10,'',NULL),('Gravel Block',539,2,'',3,'http://streamcraft.net/uploads/idlist/DG/Blocks/539.2.png','5,',10,'',NULL),('Coal Block',539,3,'',4.5,'http://streamcraft.net/uploads/idlist/DG/Blocks/539.3.png','5,',10,'',NULL),('Stone Block',539,4,'',3.5,'http://streamcraft.net/uploads/idlist/DG/Blocks/539.4.png','5,',10,'',NULL),('Sand Block',539,5,'',3,'http://streamcraft.net/uploads/idlist/DG/Blocks/539.5.png','5,',10,'',NULL),('Soul Sand Block',539,6,'',6.4,'http://streamcraft.net/uploads/idlist/DG/Blocks/539.6.png','5,',10,'',NULL),('Dirt Block',539,7,'',2.7,'http://streamcraft.net/uploads/idlist/DG/Blocks/539.7.png','5,',10,'',NULL),('Empowered Block',546,0,'',4,'http://streamcraft.net/uploads/idlist/DG/Blocks/546.png','5,',10,'',NULL),('Light Stone',547,0,'',8,'http://streamcraft.net/uploads/idlist/DG/Blocks/547.png','5,',10,'',NULL),('Spike Block',551,0,'',5,'http://streamcraft.net/uploads/idlist/DG/Blocks/551.png','5,',10,'',NULL),('Ender Bricks',563,0,'',2.5,'http://streamcraft.net/uploads/idlist/DG/Blocks/563.png','5,',10,'',NULL),('Zombie Pumpkin',570,0,'',4,'http://streamcraft.net/uploads/idlist/DG/Blocks/570.png','5,',10,'',NULL),('Iceman Pumpkin',571,0,'',7,'http://streamcraft.net/uploads/idlist/DG/Blocks/571.png','5,',10,'',NULL),('Ender Watcher Pumpkin',572,0,'',10,'http://streamcraft.net/uploads/idlist/DG/Blocks/572.png','5,',10,'',NULL),('Cyclops Pumpkin',573,0,'',8,'http://streamcraft.net/uploads/idlist/DG/Blocks/573.png','5,',10,'',NULL),('Ghast Pumpkin',574,0,'',8,'http://streamcraft.net/uploads/idlist/DG/Blocks/574.png','5,',10,'',NULL),('Hellspider Pumpkin',575,0,'',10,'http://streamcraft.net/uploads/idlist/DG/Blocks/575.png','5,',10,'',NULL),('Junglespider Pumpkin',576,0,'',5,'http://streamcraft.net/uploads/idlist/DG/Blocks/576.png','5,',10,'',NULL),('Frost Pumpkin',577,0,'',12,'http://streamcraft.net/uploads/idlist/DG/Blocks/577.png','5,',10,'',NULL),('Dravite Block',579,0,'',8,'http://streamcraft.net/uploads/idlist/DG/Blocks/579.png','5,',10,'',NULL),('Azurite Block',580,0,'',18,'http://streamcraft.net/uploads/idlist/DG/Blocks/580.png','5,',10,'',NULL),('Uvite Block',581,0,'',28,'http://streamcraft.net/uploads/idlist/DG/Blocks/581.png','5,',10,'',NULL),('Mythril Block',582,0,'',38,'http://streamcraft.net/uploads/idlist/DG/Blocks/582.png','5,',10,'',NULL),('Augite Block',583,0,'',48,'http://streamcraft.net/uploads/idlist/DG/Blocks/583.png','5,',10,'',NULL),('Azurite Ore',584,0,'',25,'http://streamcraft.net/uploads/idlist/DG/Blocks/584.png','5,',10,'',NULL),('Uvite Ore',585,0,'',20,'http://streamcraft.net/uploads/idlist/DG/Blocks/585.png','5,',10,'',NULL),('Mythril Ore',586,0,'',15,'http://streamcraft.net/uploads/idlist/DG/Blocks/586.png','5,',10,'',NULL),('Augite Ore',587,0,'',10,'http://streamcraft.net/uploads/idlist/DG/Blocks/587.png','5,',10,'',NULL),('Dravite Ore',588,0,'',5,'http://streamcraft.net/uploads/idlist/DG/Blocks/588.png','5,',10,'',NULL),('Dravite Leaves',589,0,'',2,'http://streamcraft.net/uploads/idlist/DG/Blocks/589.png','5,',10,'',NULL),('Uvite Leaves',590,0,'',3,'http://streamcraft.net/uploads/idlist/DG/Blocks/590.png','5,',10,'',NULL),('Azurite Leaves',591,0,'',4,'http://streamcraft.net/uploads/idlist/DG/Blocks/591.png','5,',10,'',NULL),('Mythril Leaves',592,0,'',5,'http://streamcraft.net/uploads/idlist/DG/Blocks/592.png','5,',10,'',NULL),('Augite Leaves',593,0,'',6,'http://streamcraft.net/uploads/idlist/DG/Blocks/593.png','5,',10,'',NULL),('Rupee Block',600,0,'',63,'http://streamcraft.net/uploads/idlist/DG/Blocks/600.png','5,',10,'',NULL),('Arlemite Block',601,0,'',45,'http://streamcraft.net/uploads/idlist/DG/Blocks/601.png','5,',10,'',NULL),('Netherite Block',602,0,'',18,'http://streamcraft.net/uploads/idlist/DG/Blocks/602.png','5,',10,'',NULL),('Diamond Bricks',606,0,'',4,'http://streamcraft.net/uploads/idlist/DG/Blocks/606.png','5,',10,'',NULL),('White Glass',610,0,'',1,'http://streamcraft.net/uploads/idlist/DG/Blocks/610.png','5,',10,'',NULL),('Orange Glass',611,0,'',1,'http://streamcraft.net/uploads/idlist/DG/Blocks/611.png','5,',10,'',NULL),('Bright Pink Glass',612,0,'',1,'http://streamcraft.net/uploads/idlist/DG/Blocks/612.png','5,',10,'',NULL),('Light Blue Glass',613,0,'',1,'http://streamcraft.net/uploads/idlist/DG/Blocks/613.png','5,',10,'',NULL),('Yellow Glass',614,0,'',1,'http://streamcraft.net/uploads/idlist/DG/Blocks/614.png','5,',10,'',NULL),('Lime Glass',615,0,'',1,'http://streamcraft.net/uploads/idlist/DG/Blocks/615.png','5,',10,'',NULL),('Pink Glass',616,0,'',1,'http://streamcraft.net/uploads/idlist/DG/Blocks/616.png','5,',10,'',NULL),('Black Glass',617,0,'',1,'http://streamcraft.net/uploads/idlist/DG/Blocks/617.png','5,',10,'',NULL),('Light Gray Glass',618,0,'',1,'http://streamcraft.net/uploads/idlist/DG/Blocks/618.png','5,',10,'',NULL),('Cyan Glass',619,0,'',1,'http://streamcraft.net/uploads/idlist/DG/Blocks/619.png','5,',10,'',NULL),('Blue Glass',620,0,'',1,'http://streamcraft.net/uploads/idlist/DG/Blocks/620.png','5,',10,'',NULL),('Purple Glass',621,0,'',1,'http://streamcraft.net/uploads/idlist/DG/Blocks/621.png','5,',10,'',NULL),('Brown Glass',622,0,'',1,'http://streamcraft.net/uploads/idlist/DG/Blocks/622.png','5,',10,'',NULL),('Green Glass',623,0,'',1,'http://streamcraft.net/uploads/idlist/DG/Blocks/623.png','5,',10,'',NULL),('Red Glass',624,0,'',1,'http://streamcraft.net/uploads/idlist/DG/Blocks/624.png','5,',10,'',NULL),('Black Glass',625,0,'',1,'http://streamcraft.net/uploads/idlist/DG/Blocks/625.png','5,',10,'',NULL),('White Glass Pane',626,0,'',1,'http://streamcraft.net/uploads/idlist/DG/Blocks/626.png','5,',10,'',NULL),('Orange Glass Pane',627,0,'',1,'http://streamcraft.net/uploads/idlist/DG/Blocks/627.png','5,',10,'',NULL),('Bright Pink Glass Pane',628,0,'',1,'http://streamcraft.net/uploads/idlist/DG/Blocks/628.png','5,',10,'',NULL),('Light Blue Glass Pane',629,0,'',1,'http://streamcraft.net/uploads/idlist/DG/Blocks/629.png','5,',10,'',NULL),('Yellow Glass Pane',630,0,'',1,'http://streamcraft.net/uploads/idlist/DG/Blocks/630.png','5,',10,'',NULL),('Lime Glass Pane',631,0,'',1,'http://streamcraft.net/uploads/idlist/DG/Blocks/631.png','5,',10,'',NULL),('Pink Glass Pane',632,0,'',1,'http://streamcraft.net/uploads/idlist/DG/Blocks/632.png','5,',10,'',NULL),('Black Glass Pane',633,0,'',1,'http://streamcraft.net/uploads/idlist/DG/Blocks/633.png','5,',10,'',NULL),('Light Gray Glass Pane',634,0,'',1,'http://streamcraft.net/uploads/idlist/DG/Blocks/634.png','5,',10,'',NULL),('Cyan Glass Pane',635,0,'',1,'http://streamcraft.net/uploads/idlist/DG/Blocks/635.png','5,',10,'',NULL),('Blue Glass Pane',636,0,'',1,'http://streamcraft.net/uploads/idlist/DG/Blocks/636.png','5,',10,'',NULL),('Purple Glass Pane',637,0,'',1,'http://streamcraft.net/uploads/idlist/DG/Blocks/637.png','5,',10,'',NULL),('Brown Glass Pane',638,0,'',1,'http://streamcraft.net/uploads/idlist/DG/Blocks/638.png','5,',10,'',NULL),('Green Glass Pane',639,0,'',1,'http://streamcraft.net/uploads/idlist/DG/Blocks/639.png','5,',10,'',NULL),('Red Glass Pane',640,0,'',1,'http://streamcraft.net/uploads/idlist/DG/Blocks/640.png','5,',10,'',NULL),('Black Glass Pane',641,0,'',1,'http://streamcraft.net/uploads/idlist/DG/Blocks/641.png','5,',10,'',NULL),('Divite Rock',642,0,'',4,'http://streamcraft.net/uploads/idlist/DG/Blocks/642.png','5,',10,'',NULL),('Yellow Logs',649,0,'',1,'http://streamcraft.net/uploads/idlist/DG/Blocks/649.png','5,',10,'',NULL),('Red Logs',650,0,'',1,'http://streamcraft.net/uploads/idlist/DG/Blocks/650.png','5,',10,'',NULL),('Purple Log',651,0,'',1,'http://streamcraft.net/uploads/idlist/DG/Blocks/651.png','5,',10,'',NULL),('Blue Logs',652,0,'',1,'http://streamcraft.net/uploads/idlist/DG/Blocks/652.png','5,',10,'',NULL),('Green Log',653,0,'',1,'http://streamcraft.net/uploads/idlist/DG/Blocks/653.png','5,',10,'',NULL),('White Logs',654,0,'',1,'http://streamcraft.net/uploads/idlist/DG/Blocks/654.png','5,',10,'',NULL),('Dungeon Lamp',657,0,'',8,'http://streamcraft.net/uploads/idlist/DG/Blocks/657.png','5,',10,'',NULL),('Arcanite Tubes',658,0,'',8,'http://streamcraft.net/uploads/idlist/DG/Blocks/658.png','5,',10,'',NULL),('Arcanium Metal',659,0,'',20,'http://streamcraft.net/uploads/idlist/DG/Blocks/659.png','5,',10,'',NULL),('Soul Sludge',660,0,'',20,'http://streamcraft.net/uploads/idlist/DG/Blocks/660.png','5,',10,'',NULL),('Soul Stone',661,0,'',20,'http://streamcraft.net/uploads/idlist/DG/Blocks/661.png','5,',10,'',NULL),('Degraded Bricks',662,0,'',20,'http://streamcraft.net/uploads/idlist/DG/Blocks/662.png','5,',10,'',NULL),('Heat Trap',663,0,'',20,'http://streamcraft.net/uploads/idlist/DG/Blocks/663.png','5,',10,'',NULL),('Arcanium Extractor',664,0,'',30,'http://streamcraft.net/uploads/idlist/DG/Blocks/664.png','5,',10,'',NULL),('Dramix Alter',665,0,'',25,'http://streamcraft.net/uploads/idlist/DG/Blocks/665.png','5,',10,'',NULL),('Phoenix Alter',667,0,'',25,'http://streamcraft.net/uploads/idlist/DG/Blocks/667.png','5,',10,'',NULL),('Arcana Ore',668,0,'',6,'http://streamcraft.net/uploads/idlist/DG/Blocks/668.png','5,',10,'',NULL),('Arcana Light',669,0,'',10,'http://streamcraft.net/uploads/idlist/DG/Blocks/669.png','5,',10,'',NULL),('Ancient Bricks',674,0,'',3,'http://streamcraft.net/uploads/idlist/DG/Blocks/674.png','5,',10,'',NULL),('Ancient Tile',675,0,'',4,'http://streamcraft.net/uploads/idlist/DG/Blocks/675.png','5,',10,'',NULL),('Arcanite Grass',690,0,'',7,'http://streamcraft.net/uploads/idlist/DG/Blocks/690.png','5,',10,'',NULL),('Arcanite Dirt',691,0,'',6.5,'http://streamcraft.net/uploads/idlist/DG/Blocks/691.png','5,',10,'',NULL),('Stained Glass',692,0,'',3,'http://streamcraft.net/uploads/idlist/DG/Blocks/692.png','5,',10,'',NULL),('Stained Glass',693,0,'',3,'http://streamcraft.net/uploads/idlist/DG/Blocks/692.png','5,',10,'',NULL),('Stained Glass',694,0,'',3,'http://streamcraft.net/uploads/idlist/DG/Blocks/694.png','5,',10,'',NULL),('Stained Glass',695,0,'',3,'http://streamcraft.net/uploads/idlist/DG/Blocks/695.png','5,',10,'',NULL),('Stained Glass',696,0,'',3,'http://streamcraft.net/uploads/idlist/DG/Blocks/696.png','5,',10,'',NULL),('Stained Glass',697,0,'',3,'http://streamcraft.net/uploads/idlist/DG/Blocks/697.png','5,',10,'',NULL),('Stained Glass',698,0,'',3,'http://streamcraft.net/uploads/idlist/DG/Blocks/698.png','5,',10,'',NULL),('Stained Glass',699,0,'',3,'http://streamcraft.net/uploads/idlist/DG/Blocks/699.png','5,',10,'',NULL),('Red Candy Cane',700,0,'',2,'http://streamcraft.net/uploads/idlist/DG/Blocks/700.png','5,',10,'',NULL),('Blue Candy Cane',701,0,'',2,'http://streamcraft.net/uploads/idlist/DG/Blocks/701.png','5,',10,'',NULL),('Blue Candy Cane',702,0,'',2,'http://streamcraft.net/uploads/idlist/DG/Blocks/702.png','5,',10,'',NULL),('Yellow Candy Cane',703,0,'',2,'http://streamcraft.net/uploads/idlist/DG/Blocks/703.png','5,',10,'',NULL),('Purple Candy Cane',704,0,'',2,'http://streamcraft.net/uploads/idlist/DG/Blocks/704.png','5,',10,'',NULL),('Ancient Stone',717,0,'',4,'http://streamcraft.net/uploads/idlist/DG/Blocks/717.png','5,',10,'',NULL),('Frosted Leaves',718,0,'',1,'http://streamcraft.net/uploads/idlist/DG/Blocks/718.png','5,',10,'',NULL),('Icy Bricks',719,0,'',1,'http://streamcraft.net/uploads/idlist/DG/Blocks/719.png','5,',10,'',NULL),('Frosted Wood',720,0,'',1,'http://streamcraft.net/uploads/idlist/DG/Blocks/720.png','5,',10,'',NULL),('Frosted Stone',721,0,'',8,'http://streamcraft.net/uploads/idlist/DG/Blocks/721.png','5,',10,'',NULL),('Rollum Spawner',722,0,'',200,'http://streamcraft.net/uploads/idlist/DG/Blocks/722.png','5,',10,'',NULL),('Workshop Bookcase',723,0,'',2,'http://streamcraft.net/uploads/idlist/DG/Blocks/723.png','5,',10,'',NULL),('Snowy Bricks',724,0,'',1,'http://streamcraft.net/uploads/idlist/DG/Blocks/724.png','5,',10,'',NULL),('Frosted Glass',726,0,'',5,'http://streamcraft.net/uploads/idlist/DG/Blocks/726.png','5,',10,'',NULL),('Coalstone Furnace',727,0,'',8,'http://streamcraft.net/uploads/idlist/DG/Blocks/727.png','5,',10,'',NULL),('Frosted Chest',728,0,'',10,'http://streamcraft.net/uploads/idlist/DG/Blocks/728.png','5,',10,'',NULL),('Workshop Lamp',729,0,'',4,'http://streamcraft.net/uploads/idlist/DG/Blocks/729.png','5,',10,'',NULL),('Workshop Carpet',730,0,'',2,'http://streamcraft.net/uploads/idlist/DG/Blocks/730.png','5,',10,'',NULL),('Coalstone',731,0,'',0.8,'http://streamcraft.net/uploads/idlist/DG/Blocks/731.png','5,',10,'',NULL),('Xmas Light Leaves',732,0,'',1,'http://streamcraft.net/uploads/idlist/DG/Blocks/732.png','5,',10,'',NULL),('Star Bridge',735,0,'',1,'http://streamcraft.net/uploads/idlist/DG/Blocks/735.png','5,',10,'',NULL),('Present Box',742,0,'',5,'http://streamcraft.net/uploads/idlist/DG/Blocks/742.png','5,',10,'',NULL),('Red Xmas Lights',743,0,'',6,'http://streamcraft.net/uploads/idlist/DG/Blocks/743.png','5,',10,'',NULL),('Green Xmas Lights',744,0,'',6,'http://streamcraft.net/uploads/idlist/DG/Blocks/744.png','5,',10,'',NULL),('Blue Xmas Lights',745,0,'',6,'http://streamcraft.net/uploads/idlist/DG/Blocks/745.png','5,',10,'',NULL),('Yellow Xmas Lights',746,0,'',6,'http://streamcraft.net/uploads/idlist/DG/Blocks/746.png','5,',10,'',NULL),('Purple Xmas Lights',747,0,'',6,'http://streamcraft.net/uploads/idlist/DG/Blocks/747.png','5,',10,'',NULL),('Glacide Spawner',749,0,'',200,'http://streamcraft.net/uploads/idlist/DG/Blocks/749.png','5,',10,'',NULL),('Ancient Entity Statue',758,0,'',50,'http://streamcraft.net/uploads/idlist/DG/Blocks/758.png','5,',10,'',NULL),('Ayeraco Horde Statue',759,0,'',50,'http://streamcraft.net/uploads/idlist/DG/Blocks/759.png','5,',10,'',NULL),('Dex and Zichile Statue',760,0,'',50,'http://streamcraft.net/uploads/idlist/DG/Blocks/760.png','5,',10,'',NULL),('Densos Statue',761,0,'',50,'http://streamcraft.net/uploads/idlist/DG/Blocks/761.png','5,',10,'',NULL),('King of Scorchers Statue',762,0,'',50,'http://streamcraft.net/uploads/idlist/DG/Blocks/762.png','5,',10,'',NULL),('Reyvor Statue',763,0,'',50,'http://streamcraft.net/uploads/idlist/DG/Blocks/763.png','5,',10,'',NULL),('Soul Fiend Statue',764,0,'',50,'http://streamcraft.net/uploads/idlist/DG/Blocks/764.png','5,',10,'',NULL),('Twilight Demon Statue',765,0,'',50,'http://streamcraft.net/uploads/idlist/DG/Blocks/765.png','5,',10,'',NULL),('Vamacheron Statue',766,0,'',50,'http://streamcraft.net/uploads/idlist/DG/Blocks/766.png','5,',10,'',NULL),('Nether Watcher Statue',767,0,'',50,'http://streamcraft.net/uploads/idlist/DG/Blocks/767.png','5,',10,'',NULL),('Parasecta Statue',768,0,'',50,'http://streamcraft.net/uploads/idlist/DG/Blocks/768.png','5,',10,'',NULL),('Dramix Statue',769,0,'',50,'http://streamcraft.net/uploads/idlist/DG/Blocks/769.png','5,',10,'',NULL),('Dreamwod',776,0,'',10,'http://streamcraft.net/uploads/idlist/DG/Blocks/776.png','5,',10,'',NULL),('Dreamwood Leaves',777,0,'',8,'http://streamcraft.net/uploads/idlist/DG/Blocks/777.png','5,',10,'',NULL),('Dreambricks',778,0,'',12,'http://streamcraft.net/uploads/idlist/DG/Blocks/778.png','5,',10,'',NULL),('Lunastone',779,0,'',10,'http://streamcraft.net/uploads/idlist/DG/Blocks/779.png','5,',10,'',NULL),('Metal Caging',781,0,'',10,'http://streamcraft.net/uploads/idlist/DG/Blocks/781.png','5,',10,'',NULL),('Dream Lamp',782,0,'',10,'http://streamcraft.net/uploads/idlist/DG/Blocks/782.png','5,',10,'',NULL),('Crypt Wall',786,0,'',10,'http://streamcraft.net/uploads/idlist/DG/Blocks/786.png','5,',10,'',NULL),('Smooth Glass',787,0,'',10,'http://streamcraft.net/uploads/idlist/DG/Blocks/787.png','5,',10,'',NULL),('Altar Lamps',788,0,'',12,'http://streamcraft.net/uploads/idlist/DG/Blocks/788.png','5,',10,'',NULL),('Cell Lamp',790,0,'',12,'http://streamcraft.net/uploads/idlist/DG/Blocks/790.png','5,',10,'',NULL),('Firelight',793,0,'',12,'http://streamcraft.net/uploads/idlist/DG/Blocks/793.png','5,',10,'',NULL),('Hyrewood',794,0,'',10,'http://streamcraft.net/uploads/idlist/DG/Blocks/794.png','5,',10,'',NULL),('Mintwood Leaves',795,0,'',8,'http://streamcraft.net/uploads/idlist/DG/Blocks/795.png','5,',10,'',NULL),('Firewall',796,0,'',12,'http://streamcraft.net/uploads/idlist/DG/Blocks/796.png','5,',10,'',NULL),('Karos Heat Tile',797,0,'',12,'http://streamcraft.net/uploads/idlist/DG/Blocks/797.png','5,',10,'',NULL),('Karos Heat Tile',798,0,'',12,'http://streamcraft.net/uploads/idlist/DG/Blocks/798.png','5,',10,'',NULL),('Heliotic Beam ',800,0,'',12,'http://streamcraft.net/uploads/idlist/DG/Blocks/800.png','5,',10,'',NULL),('Crypt Floor',801,0,'',8,'http://streamcraft.net/uploads/idlist/DG/Blocks/801.png','5,',10,'',NULL),('Firewood',802,0,'',8,'http://streamcraft.net/uploads/idlist/DG/Blocks/802.png','5,',10,'',NULL),('Chamber Wall',803,0,'',10,'http://streamcraft.net/uploads/idlist/DG/Blocks/803.png','5,',10,'',NULL),('Chamber Wall',805,0,'',8,'http://streamcraft.net/uploads/idlist/DG/Blocks/805.png','5,',10,'',NULL),('Wreck Altar',811,0,'',14,'http://streamcraft.net/uploads/idlist/DG/Blocks/811.png','5,',10,'',NULL),('Reglok Altar',812,0,'',14,'http://streamcraft.net/uploads/idlist/DG/Blocks/812.png','5,',10,'',NULL),('Karos Alter',813,0,'',14,'http://streamcraft.net/uploads/idlist/DG/Blocks/813.png','5,',10,'',NULL),('Lunic Altar',814,0,'',14,'http://streamcraft.net/uploads/idlist/DG/Blocks/814.png','5,',10,'',NULL),('Hive Walls',815,0,'',10,'http://streamcraft.net/uploads/idlist/DG/Blocks/815.png','5,',10,'',NULL),('Quadrotic Altar',816,0,'',14,'http://streamcraft.net/uploads/idlist/DG/Blocks/816.png','5,',10,'',NULL),('Everstone',817,0,'',10,'http://streamcraft.net/uploads/idlist/DG/Blocks/817.png','5,',10,'',NULL),('Firewood Leaves',819,0,'',8,'http://streamcraft.net/uploads/idlist/DG/Blocks/819.png','5,',10,'',NULL),('Myrewood Leaves',820,0,'',8,'http://streamcraft.net/uploads/idlist/DG/Blocks/820.png','5,',10,'',NULL),('Mintwood ',823,0,'',10,'http://streamcraft.net/uploads/idlist/DG/Blocks/823.png','5,',10,'',NULL),('Dreambricks',832,0,'',10,'http://streamcraft.net/uploads/idlist/DG/Blocks/832.png','5,',10,'',NULL),('White Everstone',833,0,'',10,'http://streamcraft.net/uploads/idlist/DG/Blocks/833.png','5,',10,'',NULL),('Dark Everstone ',834,0,'',10,'http://streamcraft.net/uploads/idlist/DG/Blocks/834.png','5,',10,'',NULL),('Purple Stone',4092,0,'',6,'http://streamcraft.net/uploads/idlist/DG/Blocks/4092.png','5,',10,'',NULL),('Dark Stone',4093,0,'',6,'http://streamcraft.net/uploads/idlist/DG/Blocks/4093.png','5,',10,'',NULL),('Checker',4094,0,'',3,'http://streamcraft.net/uploads/idlist/DG/Blocks/4094.png','5,',10,'',NULL),('Bedrock Block',4095,0,'',14,'http://streamcraft.net/uploads/idlist/DG/Blocks/4095.png','5,',10,'',NULL);
/*!40000 ALTER TABLE `GL_SHOP_List` ENABLE KEYS */;
UNLOCK TABLES;

--
-- Table structure for table `bukkit_enchantment`
--

DROP TABLE IF EXISTS `bukkit_enchantment`;
/*!40101 SET @saved_cs_client     = @@character_set_client */;
/*!40101 SET character_set_client = utf8 */;
CREATE TABLE `bukkit_enchantment` (
  `id` varchar(15) NOT NULL,
  `titleRu` varchar(45) NOT NULL,
  `titleEn` varchar(45) NOT NULL,
  `levelMax` int(3) DEFAULT '127',
  `levelMin` int(3) DEFAULT '1',
  PRIMARY KEY (`id`)
) ENGINE=InnoDB DEFAULT CHARSET=utf8;
/*!40101 SET character_set_client = @saved_cs_client */;

--
-- Dumping data for table `bukkit_enchantment`
--

LOCK TABLES `bukkit_enchantment` WRITE;
/*!40000 ALTER TABLE `bukkit_enchantment` DISABLE KEYS */;
INSERT INTO `bukkit_enchantment` VALUES ('0','Защита','Protection',127,1),('1','Огнестойкость','Fire Protection',127,10),('16','Острота','Sharpness',127,1),('17','Небесная кара','Smite',127,5),('18','Бич членистоногих','Bane of Arthropods',127,5),('19','Отбрасывание','Knockback',127,5),('2','Легкость','Feather falling',127,5),('20','Аспект огня','Fire aspect',127,10),('21','Мародерство','Looting',127,15),('3','Взрывоустойчивость','Blast Protection',127,5),('32','Эффективность','Efficiency',127,1),('33','Шелковое касание','Silk Touch',127,15),('34','Неразрушимость','Unbreaking',127,5),('35','Удача','Fortune',127,15),('4','Снарядостойкость','Projectile Protection',127,3),('48','Сила','Power',127,1),('49','Ударная волна','Punch',127,12),('5','Дыхание','Respiration',127,10),('50','Воспламенение','Flame',127,20),('51','Бесконечность','Infinity',127,20),('6','Родство с водой','Aqua Affinity',127,1),('7','Шипы','Thorns',127,10);
/*!40000 ALTER TABLE `bukkit_enchantment` ENABLE KEYS */;
UNLOCK TABLES;

--
-- Table structure for table `bukkit_material`
--

DROP TABLE IF EXISTS `bukkit_material`;
/*!40101 SET @saved_cs_client     = @@character_set_client */;
/*!40101 SET character_set_client = utf8 */;
CREATE TABLE `bukkit_material` (
  `id` varchar(15) NOT NULL,
  `titleRu` varchar(50) NOT NULL,
  `titleEn` varchar(50) NOT NULL,
  `imageUrl` mediumtext NOT NULL,
  `enchantability` int(3) DEFAULT NULL,
  PRIMARY KEY (`id`)
) ENGINE=InnoDB DEFAULT CHARSET=utf8;
/*!40101 SET character_set_client = @saved_cs_client */;

--
-- Dumping data for table `bukkit_material`
--

LOCK TABLES `bukkit_material` WRITE;
/*!40000 ALTER TABLE `bukkit_material` DISABLE KEYS */;
INSERT INTO `bukkit_material` VALUES ('1','Камень','Stone','http://media-mcw.cursecdn.com/a/a6/Grid_Stone.png',NULL),('101','Железная решетка','Iron Bars','http://media-mcw.cursecdn.com/0/00/Grid_Iron_Bars.png',NULL),('102','Стеклянная панель','Glass Pane','http://media-mcw.cursecdn.com/3/30/Grid_Glass_Pane.png',NULL),('103','Арбуз','Melon (block)','http://media-mcw.cursecdn.com/0/09/Grid_Melon_%28Block%29.png',NULL),('106','Лианы','Vines','http://media-mcw.cursecdn.com/2/29/Grid_Vines.png',NULL),('107','Ворота','Fence Gate','http://media-mcw.cursecdn.com/c/c2/Grid_Fence_Gate.png',NULL),('108','Ступени из кирпича','Brick Stairs','http://media-mcw.cursecdn.com/3/3c/Grid_Brick_Stairs.png',NULL),('109','Ступени из каменного кирпича','Stone Brick Stairs','http://media-mcw.cursecdn.com/a/af/Grid_Stone_Brick_Stairs.png',NULL),('110','Мицелий','Mycelium','http://media-mcw.cursecdn.com/a/aa/Grid_Mycelium.png',NULL),('111','Кувшинка','Lily Pad','http://media-mcw.cursecdn.com/4/49/Grid_Lily_Pad.png',NULL),('112','Адский кирпич','Nether Brick','http://media-mcw.cursecdn.com/6/62/Grid_Nether_Brick.png',NULL),('113','Адский забор','Nether Brick Fence','http://media-mcw.cursecdn.com/5/59/Grid_Nether_Brick_Fence.png',NULL),('114','Ступени из адского кирпича','Nether Brick Stairs','http://media-mcw.cursecdn.com/6/68/Grid_Nether_Brick_Stairs.png',NULL),('116','Стол зачаровывания','Enchantment Table','http://media-mcw.cursecdn.com/0/00/Grid_Enchantment_Table.png',NULL),('12','Песок','Sand','http://media-mcw.cursecdn.com/b/bb/Grid_Sand.png',NULL),('121','Камень Края','End Stone','http://media-mcw.cursecdn.com/1/1e/Grid_White_Stone.png',NULL),('122','Яйцо дракона','Dragon Egg','http://media-mcw.cursecdn.com/b/b1/Grid_Dragon_Egg.png',NULL),('123','Лампа','Redstone Lamp','http://media-mcw.cursecdn.com/f/fa/Grid_Redstone_Lamp.png',NULL),('126:0','Дубовая плита','Oak Wood Slab','http://media-mcw.cursecdn.com/5/5c/Grid_Oak_Wood_Slab.png',NULL),('126:1','Сосновая плита','Spruce Wood Slab','http://media-mcw.cursecdn.com/6/60/Grid_Spruce_Wood_Slab.png',NULL),('126:2','Березовая плита','Birch Wood Slab','http://media-mcw.cursecdn.com/b/bc/Grid_Birch_Wood_Slab.png',NULL),('126:3','Тропическая плита','Jungle Wood Slab','http://media-mcw.cursecdn.com/3/3f/Grid_Jungle_Wood_Slab.png',NULL),('128','Ступени из песчаника','Sandstone Stairs','http://media-mcw.cursecdn.com/0/0d/Grid_Sandstone_Stairs.png',NULL),('129','Изумрудная руда','Emerald Ore','http://media-mcw.cursecdn.com/e/e7/Grid_Emerald_Ore.png',NULL),('13','Гравий','Gravel','http://media-mcw.cursecdn.com/0/03/Grid_Gravel.png',NULL),('130','Сундук Края','Ender Chest','http://media-mcw.cursecdn.com/5/56/Grid_Ender_Chest.png',NULL),('131','Натяжной датчик','Tripwire Hook','http://media-mcw.cursecdn.com/9/90/Grid_Tripwire_Hook.png',NULL),('133','Изумрудный блок','Block of Emerald','http://media-mcw.cursecdn.com/2/27/Grid_Block_of_Emerald.png',NULL),('134','Сосновые ступени','Spruce Wood Stairs','http://media-mcw.cursecdn.com/2/24/Grid_Spruce_Wood_Stairs.png',NULL),('135','Березовые ступени','Birch Wood Stairs','http://media-mcw.cursecdn.com/d/de/Grid_Birch_Wood_Stairs.png',NULL),('136','Тропические ступени','Jungle Wood Stairs','http://media-mcw.cursecdn.com/b/b9/Grid_Jungle_Wood_Stairs.png',NULL),('138','Маяк','Beacon','http://media-mcw.cursecdn.com/c/cb/Grid_Beacon.png',NULL),('139:0','Cтена из булыжника','Cobblestone Wall','http://media-mcw.cursecdn.com/a/a9/Grid_Cobblestone_Wall.png',NULL),('139:1','Cтена из замшелого булыжника','Mossy Cobblestone Wall','http://media-mcw.cursecdn.com/6/63/Grid_Mossy_Cobblestone_Wall.png',NULL),('14','Золотая руда','Gold Ore','http://media-mcw.cursecdn.com/5/5c/Grid_Gold_%28Ore%29.png',NULL),('143','Деревянная кнопка','Wooden Button','http://media-mcw.cursecdn.com/c/c6/Grid_Wooden_Button.png',NULL),('145','Наковальня','Anvil','http://media-mcw.cursecdn.com/1/13/Grid_Anvil.png',NULL),('146','Сундук-ловушка','Trapped Chest','http://media-mcw.cursecdn.com/b/bb/Grid_Trapped_Chest.png',NULL),('147','Утяжеленная нажимная пластина (легкая)','Weighted Pressure Plate (Light)','http://media-mcw.cursecdn.com/b/b9/Grid_Weighted_Pressure_Plate_%28Light%29.png',NULL),('148','Утяжеленная нажимная пластина (тяжелая)','Weighted Pressure Plate (Heavy)','http://media-mcw.cursecdn.com/6/65/Grid_Weighted_Pressure_Plate_%28Heavy%29.png',NULL),('15','Железная руда','Iron Ore','http://media-mcw.cursecdn.com/7/74/Grid_Iron_%28Ore%29.png',NULL),('151','Датчик дневного света','Daylight Sensor','http://media-mcw.cursecdn.com/1/18/Grid_Daylight_Sensor.png',NULL),('152','Блок красного камня','Block of Redstone','http://media-mcw.cursecdn.com/2/2e/Grid_Block_of_Redstone.png',NULL),('153','Кварц Нижнего мира (руда)','Nether Quartz Ore','http://media-mcw.cursecdn.com/8/82/Grid_Nether_Quartz_Ore.png',NULL),('154','Загрузочная воронка','Hopper','http://media-mcw.cursecdn.com/c/cb/Grid_Hopper.png',NULL),('155:0','Кварцевый блок','Quartz Block','http://media-mcw.cursecdn.com/0/04/Grid_Block_of_Quartz.png',NULL),('155:1','Резной кварцевый блок','Chiseled Quartz Block','http://media-mcw.cursecdn.com/8/8d/Grid_Chiseled_Quartz_Block.png',NULL),('155:2','Кварцевый пилон','Pillar Quartz Block','http://media-mcw.cursecdn.com/5/59/Grid_Pillar_Quartz_Block.png',NULL),('156','Кварцевые ступени','Quartz Stairs','http://media-mcw.cursecdn.com/c/c5/Grid_Quartz_Stairs.png',NULL),('157','Активирующие рельсы','Activator Rail','http://media-mcw.cursecdn.com/5/50/Grid_Activator_Rail.png',NULL),('158','Выбрасыватель','Dropper','http://media-mcw.cursecdn.com/7/7f/Grid_Dropper.png',NULL),('159:0','Белая обожженная глина','White Stained Clay','http://media-mcw.cursecdn.com/6/6b/Grid_White_Stained_Clay.png',NULL),('159:1','Оранжевая обожженная глина','Orange Stained Clay','http://media-mcw.cursecdn.com/3/3c/Grid_Orange_Stained_Clay.png',NULL),('159:10','Фиолетовая обожженная глина','Purple Stained Clay','http://media-mcw.cursecdn.com/6/6a/Grid_Purple_Stained_Clay.png',NULL),('159:11','Синяя обожженная глина','Blue Stained Clay','http://media-mcw.cursecdn.com/9/91/Grid_Blue_Stained_Clay.png',NULL),('159:12','Коричневая обожженная глина','Brown Stained Clay','http://media-mcw.cursecdn.com/2/20/Grid_Brown_Stained_Clay.png',NULL),('159:13','Зеленая обожженная глина','Green Stained Clay','http://media-mcw.cursecdn.com/1/19/Grid_Green_Stained_Clay.png',NULL),('159:14','Красная обожженная глина','Red Stained Clay','http://media-mcw.cursecdn.com/c/cd/Grid_Red_Stained_Clay.png',NULL),('159:15','Черная обожженная глина','Black Stained Clay','http://media-mcw.cursecdn.com/9/91/Grid_Black_Stained_Clay.png',NULL),('159:2','Белая обожженная глина','Magenta Stained Clay','http://media-mcw.cursecdn.com/c/ce/Grid_Magenta_Stained_Clay.png',NULL),('159:3','Светло-синяя обожженная глина','Light Blue Stained Clay','http://media-mcw.cursecdn.com/a/a0/Grid_Light_Blue_Stained_Clay.png',NULL),('159:4','Желтая обожженная глина','Yellow Stained Clay','http://media-mcw.cursecdn.com/e/ef/Grid_Yellow_Stained_Clay.png',NULL),('159:5','Светло-зеленая обожженная глина','Lime Stained Clay','http://media-mcw.cursecdn.com/a/aa/Grid_Lime_Stained_Clay.png',NULL),('159:6','Розовая обожженная глина','Pink Stained Clay','http://media-mcw.cursecdn.com/6/68/Grid_Pink_Stained_Clay.png',NULL),('159:7','Серая обожженная глина','Gray Stained Clay','http://media-mcw.cursecdn.com/1/18/Grid_Gray_Stained_Clay.png',NULL),('159:8','Светло-серая обожженная глина','Light Gray Stained Clay','http://media-mcw.cursecdn.com/4/47/Grid_Light_Gray_Stained_Clay.png',NULL),('159:9','Бирюзовая обожженная глина','Cyan Stained Clay','http://media-mcw.cursecdn.com/7/78/Grid_Cyan_Stained_Clay.png',NULL),('16','Угольная руда','Coal Ore','http://media-mcw.cursecdn.com/8/8c/Grid_Coal_%28Ore%29.png',NULL),('170','Сноп сена','Hay Block','http://media-mcw.cursecdn.com/1/1f/Grid_Hay_Bale.png',NULL),('171:0','Белый ковер','White Carpet','http://media-mcw.cursecdn.com/7/72/Grid_White_Carpet.png',NULL),('171:1','Оранжевый ковер','Orange Carpet','http://media-mcw.cursecdn.com/3/3c/Grid_Orange_Carpet.png',NULL),('171:10','Фиолетовый ковер','Purple Carpet','http://media-mcw.cursecdn.com/5/55/Grid_Purple_Carpet.png',NULL),('171:11','Синий ковер','Blue Carpet','http://media-mcw.cursecdn.com/5/5a/Grid_Blue_Carpet.png',NULL),('171:12','Коричневый ковер','Brown Carpet','http://media-mcw.cursecdn.com/a/ad/Grid_Brown_Carpet.png',NULL),('171:13','Зеленый ковер','Green Carpet','http://media-mcw.cursecdn.com/4/41/Grid_Green_Carpet.png',NULL),('171:14','Красный ковер','Red Carpet','http://media-mcw.cursecdn.com/d/dc/Grid_Red_Carpet.png',NULL),('171:15','Черный ковер','Black Carpet','http://media-mcw.cursecdn.com/e/e6/Grid_Black_Carpet.png',NULL),('171:2','Сиреневый ковер','Magenta Carpet','http://media-mcw.cursecdn.com/0/01/Grid_Magenta_Carpet.png',NULL),('171:3','Светло-синий ковер','Light Blue Carpet','http://media-mcw.cursecdn.com/4/4b/Grid_Light_Blue_Carpet.png',NULL),('171:4','Желтый ковер','Yellow Carpet','http://media-mcw.cursecdn.com/6/63/Grid_Yellow_Carpet.png',NULL),('171:5','Лаймовый ковер','Lime Carpet','http://media-mcw.cursecdn.com/3/34/Grid_Lime_Carpet.png',NULL),('171:6','Светло-зеленый ковер','Pink Carpet','http://media-mcw.cursecdn.com/b/be/Grid_Pink_Carpet.png',NULL),('171:7','Серый ковер','Gray Carpet','http://media-mcw.cursecdn.com/2/2b/Grid_Gray_Carpet.png',NULL),('171:8','Светло-серый ковер','Light Gray Carpet','http://media-mcw.cursecdn.com/3/3a/Grid_Light_Gray_Carpet.png',NULL),('171:9','Бирюзовый ковер','Cyan Carpet','http://media-mcw.cursecdn.com/d/d4/Grid_Cyan_Carpet.png',NULL),('172','Обожженная глина','Hardened Clay','http://media-mcw.cursecdn.com/6/6d/Grid_Hardened_Clay.png',NULL),('173','Угольный блок','Block of Coal','http://media-mcw.cursecdn.com/b/b2/Grid_Block_of_Coal.png',NULL),('17:0','Дубовая древесина','Oak Wood','http://media-mcw.cursecdn.com/b/bf/Grid_Wood.png',NULL),('17:1','Сосновая древесина','Spruce Wood','http://media-mcw.cursecdn.com/d/db/Grid_Wood_%28Pine%29.png',NULL),('17:2','Березовая древесина','Birch Wood','http://media-mcw.cursecdn.com/8/81/Grid_Wood_%28Birch%29.png',NULL),('17:3','Тропическая древесина','Jungle Wood','http://media-mcw.cursecdn.com/5/5e/Grid_Wood_%28Jungle%29.png',NULL),('18:0','Дубовая листва','Oak Leaves','http://media-mcw.cursecdn.com/3/30/Grid_Leaves.png',NULL),('18:1','Сосновая листва','Spruce Leaves','http://media-mcw.cursecdn.com/0/08/Grid_Leaves_%28Pine%29.png',NULL),('18:2','Березовая листва','Birch Leaves','http://media-mcw.cursecdn.com/0/0a/Grid_Leaves_%28Birch%29.png',NULL),('18:3','Тропическая листва','Jungle Leaves','http://media-mcw.cursecdn.com/1/1b/Grid_Leaves_%28Jungle%29.png',NULL),('2','Трава','Grass Block','http://media-mcw.cursecdn.com/6/6f/Grid_Grass.png',NULL),('20','Стекло','Glass','http://media-mcw.cursecdn.com/0/00/Grid_Glass.png',NULL),('21','Лазуритовая руда','Lapis Lazuli Ore','http://media-mcw.cursecdn.com/d/d2/Grid_Lapis_Lazuli_%28Ore%29.png',NULL),('22','Лазуритовый блок','Lapis Lazuli Block','http://media-mcw.cursecdn.com/5/58/Grid_Lapis_Lazuli_%28Block%29.png',NULL),('2256','Пластинка 13','13 Disc','http://media-mcw.cursecdn.com/5/55/Grid_Gold_Disc.png',NULL),('2257','Пластинка Cat','Cat Disc','http://media-mcw.cursecdn.com/c/c4/Grid_Green_Disc.png',NULL),('2258','Пластинка Blocks','Blocks Disc','http://media-mcw.cursecdn.com/4/4d/Grid_Blocks_Disc.png',NULL),('2259','Пластинка Chirp','Chirp Disc','http://media-mcw.cursecdn.com/b/be/Grid_Chirp_Disc.png',NULL),('2260','Пластинка Far','Far Disc','http://media-mcw.cursecdn.com/9/9e/Grid_Far_Disc.png',NULL),('2261','Пластинка Mall','Mall Disc','http://media-mcw.cursecdn.com/b/b8/Grid_Mall_Disc.png',NULL),('2262','Пластинка Mellohi','Mellohi Disc','http://media-mcw.cursecdn.com/7/7a/Grid_Mellohi_Disc.png',NULL),('2263','Пластинка Stal','Stal Disc','http://media-mcw.cursecdn.com/1/1d/Grid_Stal_Disc.png',NULL),('2264','Пластинка Strad','Strad Disc','http://media-mcw.cursecdn.com/a/aa/Grid_Strad_Disc.png',NULL),('2265','Пластинка Ward','Ward Disc','http://media-mcw.cursecdn.com/d/da/Grid_Ward_Disc.png',NULL),('2266','Пластинка 11','11 Disc','http://media-mcw.cursecdn.com/e/e4/Grid_11_Disc.png',NULL),('2267','Пластинка Wait','Wait Disc','http://media-mcw.cursecdn.com/6/67/Grid_wait_Disc.png',NULL),('23','Раздатчик','Dispenser','http://media-mcw.cursecdn.com/c/cc/Grid_Dispenser.png',NULL),('24:0','Песчаник','Sandstone','http://media-mcw.cursecdn.com/1/12/Grid_Sandstone.png',NULL),('24:1','Резной песчаник','Chiseled sandstone','http://media-mcw.cursecdn.com/1/1b/Grid_Decorative_Sandstone.png',NULL),('24:2','Гладкий песчаник','Smooth sandstone','http://media-mcw.cursecdn.com/2/22/Grid_Smooth_Sandstone.png',NULL),('25','Музыкальный блок','Note Block','http://media-mcw.cursecdn.com/1/1d/Grid_Note_Block.png',NULL),('256','Железная лопата','Iron Shovel','http://media-mcw.cursecdn.com/0/01/Grid_Iron_Shovel.png',14),('257','Железная кирка','Iron Pickaxe','http://media-mcw.cursecdn.com/1/1d/Grid_Iron_Pickaxe.png',14),('258','Железный топор','Iron Axe','http://media-mcw.cursecdn.com/1/1d/Grid_Iron_Axe.png',14),('259','Огниво','Flint and Steel','http://media-mcw.cursecdn.com/f/fb/Grid_Flint_and_Steel.png',1),('260','Красное яблоко','Apple','http://media-mcw.cursecdn.com/3/39/Grid_Red_Apple.png',NULL),('261','Лук','Bow','http://media-mcw.cursecdn.com/4/49/Grid_Bow.png',1),('262','Стрела','Arrow','http://media-mcw.cursecdn.com/c/cc/Grid_Arrow.png',NULL),('263:0','Уголь','Coal','http://media-mcw.cursecdn.com/1/1c/Grid_Coal_%28Item%29.png',NULL),('263:1','Древесный уголь','Charcoal','http://media-mcw.cursecdn.com/5/54/Grid_Charcoal_%28Item%29.png',NULL),('264','Алмаз','Diamond','http://media-mcw.cursecdn.com/c/cf/Grid_Diamond_%28Gem%29.png',NULL),('265','Железный слиток','Iron Ingot','http://media-mcw.cursecdn.com/c/c6/Grid_Iron_%28Ingot%29.png',NULL),('266','Золотой слиток','Gold Ingot','http://media-mcw.cursecdn.com/6/62/Grid_Gold_%28Ingot%29.png',NULL),('267','Железный меч','Iron Sword','http://media-mcw.cursecdn.com/d/d5/Grid_Iron_Sword.png',14),('268','Деревянный меч','Wooden Sword','http://media-mcw.cursecdn.com/c/cf/Grid_Wooden_Sword.png',15),('269','Деревянная лопата','Wooden Shovel','http://media-mcw.cursecdn.com/2/21/Grid_Wooden_Shovel.png',15),('27','Электрические рельсы','Powered Rail','http://media-mcw.cursecdn.com/9/9d/Grid_Powered_Rail.png',NULL),('270','Деревянная кирка','Wooden Pickaxe','http://media-mcw.cursecdn.com/3/3d/Grid_Wooden_Pickaxe.png',15),('271','Деревянный топор','Wooden Axe','http://media-mcw.cursecdn.com/2/2a/Grid_Wooden_Axe.png',15),('272','Каменный меч','Stone Sword','http://media-mcw.cursecdn.com/e/e1/Grid_Stone_Sword.png',5),('273','Каменная лопата','Stone Shovel','http://media-mcw.cursecdn.com/f/ff/Grid_Stone_Shovel.png',5),('274','Каменная кирка','Stone Pickaxe','http://media-mcw.cursecdn.com/d/d2/Grid_Stone_Pickaxe.png',5),('275','Каменный топор','Stone Axe','http://media-mcw.cursecdn.com/5/55/Grid_Stone_Axe.png',5),('276','Алмазный меч','Diamond Sword','http://media-mcw.cursecdn.com/8/81/Grid_Diamond_Sword.png',10),('277','Алмазная лопата','Diamond Shovel','http://media-mcw.cursecdn.com/8/8e/Grid_Diamond_Shovel.png',10),('278','Алмазная кирка','Diamond Pickaxe','http://media-mcw.cursecdn.com/c/ce/Grid_Diamond_Pickaxe.png',10),('279','Алмазный топор','Diamond Axe','http://media-mcw.cursecdn.com/8/8d/Grid_Diamond_Axe.png',10),('28','Нажимные рельсы','Detector Rail','http://media-mcw.cursecdn.com/a/a2/Grid_Detector_Rail.png',NULL),('280','Палка','Stick','http://media-mcw.cursecdn.com/e/e9/Grid_Stick.png',NULL),('281','Чашка','Bowl','http://media-mcw.cursecdn.com/f/f1/Grid_Bowl.png',NULL),('282','Тушеные грибы','Mushroom Stew','http://media-mcw.cursecdn.com/f/fd/Grid_Mushroom_Stew.png',NULL),('283','Золотой меч','Golden Sword','http://media-mcw.cursecdn.com/1/1f/Grid_Gold_Sword.png',22),('284','Золотая лопата','Golden Shovel','http://media-mcw.cursecdn.com/8/85/Grid_Gold_Shovel.png',22),('285','Золотая кирка','Golden Pickaxe','http://media-mcw.cursecdn.com/9/95/Grid_Gold_Pickaxe.png',22),('286','Золотой топор','Golden Axe','http://media-mcw.cursecdn.com/9/99/Grid_Gold_Axe.png',22),('287','Нить','String','http://media-mcw.cursecdn.com/f/fa/Grid_String.png',NULL),('288','Перо','Feather','http://media-mcw.cursecdn.com/a/a7/Grid_Feather.png',NULL),('289','Порох','Gunpowder','http://media-mcw.cursecdn.com/7/7a/Grid_Gunpowder.png',NULL),('29','Липкий поршень','Sticky Piston','http://media-mcw.cursecdn.com/3/32/Grid_Sticky_Piston.png',NULL),('290','Деревянная мотыга','Wooden Hoe','http://media-mcw.cursecdn.com/e/ea/Grid_Wooden_Hoe.png',15),('291','Каменная мотыга','Stone Hoe','http://media-mcw.cursecdn.com/b/ba/Grid_Stone_Hoe.png',5),('292','Железная мотыга','Iron Hoe','http://media-mcw.cursecdn.com/f/f8/Grid_Iron_Hoe.png',14),('293','Алмазная мотыга','Diamond Hoe','http://media-mcw.cursecdn.com/c/c9/Grid_Diamond_Hoe.png',11),('294','Золотая мотыга','Golden Hoe','http://media-mcw.cursecdn.com/7/77/Grid_Gold_Hoe.png',22),('295','Семена пшеницы','Seeds','http://media-mcw.cursecdn.com/6/68/Grid_Seeds.png',NULL),('296','Пшеница','Wheat','http://media-mcw.cursecdn.com/c/c4/Grid_Wheat.png',NULL),('297','Хлеб','Bread','http://media-mcw.cursecdn.com/d/d4/Grid_Bread.png',NULL),('298','Кожаный шлем','Leather Cap','http://media-mcw.cursecdn.com/2/24/Grid_Leather_Cap.png',15),('299','Кожаная туника','Leather Tunic','http://media-mcw.cursecdn.com/e/ed/Grid_Leather_Tunic.png',15),('3','Земля','Dirt','http://media-mcw.cursecdn.com/b/bd/Grid_Dirt.png',NULL),('30','Паутина','Cobweb','http://media-mcw.cursecdn.com/3/36/Grid_Cobweb.png',NULL),('300','Кожаные штаны','Leather Pants','http://media-mcw.cursecdn.com/c/ce/Grid_Leather_Pants.png',15),('301','Кожаные ботинки','Leather Boots','http://media-mcw.cursecdn.com/0/06/Grid_Leather_Boots.png',15),('302','Кольчужный шлем','Chain Helmet','http://media-mcw.cursecdn.com/c/cf/Grid_Chain_Armor_Helmet.png',12),('303','Кольчужная кираса','Chain Chestplate','http://media-mcw.cursecdn.com/f/f4/Grid_Chain_Armor_Chestplate.png',12),('304','Кольчужные поножи','Chain Leggings','http://media-mcw.cursecdn.com/1/1b/Grid_Chain_Armor_Leggings.png',12),('305','Кольчужные ботинки','Chain Boots','http://media-mcw.cursecdn.com/7/74/Grid_Chain_Armor_Boots.png',12),('306','Железный шлем','Iron Helmet','http://media-mcw.cursecdn.com/e/ec/Grid_Iron_Helmet.png',9),('307','Железная кираса','Iron Chestplate','http://media-mcw.cursecdn.com/8/8d/Grid_Iron_Chestplate.png',9),('308','Железные поножи','Iron Leggings','http://media-mcw.cursecdn.com/9/99/Grid_Iron_Leggings.png',9),('309','Железные ботинки','Iron Boots','http://media-mcw.cursecdn.com/f/f5/Grid_Iron_Boots.png',9),('310','Алмазный шлем','Diamond Helmet','http://media-mcw.cursecdn.com/b/bd/Grid_Diamond_Helmet.png',10),('311','Алмазная кираса','Diamond Chestplate','http://media-mcw.cursecdn.com/e/e7/Grid_Diamond_Chestplate.png',10),('312','Алмазные поножи','Diamond Leggings','http://media-mcw.cursecdn.com/e/e3/Grid_Diamond_Leggings.png',10),('313','Алмазные ботинки','Diamond Boots','http://media-mcw.cursecdn.com/d/d1/Grid_Diamond_Boots.png',10),('314','Золотой шлем','Golden Helmet','http://media-mcw.cursecdn.com/3/3a/Grid_Gold_Helmet.png',25),('315','Золотая кираса','Golden Chestplate','http://media-mcw.cursecdn.com/7/7b/Grid_Gold_Chestplate.png',25),('316','Золотые поножи','Golden Leggings','http://media-mcw.cursecdn.com/f/f5/Grid_Gold_Leggings.png',25),('317','Золотые ботинки','Golden Boots','http://media-mcw.cursecdn.com/0/00/Grid_Gold_Boots.png',25),('318','Кремень','Flint','http://media-mcw.cursecdn.com/8/82/Grid_Flint.png',NULL),('319','Сырая свинина','Raw Porkchop','http://media-mcw.cursecdn.com/e/ec/Grid_Raw_Porkchop.png',NULL),('31:1','Высокая трава','Tall Grass','http://media-mcw.cursecdn.com/c/c1/Grid_Tall_Grass2.png',NULL),('31:2','Высокая трава','Tall Grass (Fern)','http://media-mcw.cursecdn.com/e/e1/Grid_Tall_Grass3.png',NULL),('32','Сухой куст','Dead Bush','http://media-mcw.cursecdn.com/f/f6/Grid_Dead_Bush.png',NULL),('320','Жареная свинина','Cooked Porkchop','http://media-mcw.cursecdn.com/b/bd/Grid_Cooked_Porkchop.png',NULL),('321','Картина','Painting','http://media-mcw.cursecdn.com/c/cc/Grid_Painting.png',NULL),('322:0','Золотое яблоко','Golden Apple','http://media-mcw.cursecdn.com/4/4e/Grid_Golden_Apple.png',NULL),('322:1','Зачарованное золотое яблоко','Enchanted Golden Apple','http://media-mcw.cursecdn.com/4/4e/Grid_Golden_Apple.png',NULL),('323','Табличка','Sign','http://media-mcw.cursecdn.com/0/06/Grid_Sign.png',NULL),('324','Деревянная дверь','Wooden Door','http://media-mcw.cursecdn.com/c/cd/Grid_Wooden_Door.png',NULL),('325','Ведро','Bucket','http://media-mcw.cursecdn.com/2/2a/Grid_Bucket.png',NULL),('326','Ведро воды','Water Bucket','http://media-mcw.cursecdn.com/b/bf/Grid_Water_Bucket.png',NULL),('327','Ведро лавы','Lava Bucket','http://media-mcw.cursecdn.com/c/cf/Grid_Lava_Bucket.png',NULL),('328','Вагонетка','Minecart','http://media-mcw.cursecdn.com/5/58/Grid_Minecart.png',NULL),('329','Седло','Saddle','http://media-mcw.cursecdn.com/0/09/Grid_Saddle.png',NULL),('33','Поршень','Piston','http://media-mcw.cursecdn.com/3/3c/Grid_Piston.png',NULL),('330','Железная дверь','Iron Door','http://media-mcw.cursecdn.com/2/27/Grid_Iron_Door.png',NULL),('331','Красная пыль','Redstone','http://media-mcw.cursecdn.com/c/c3/Grid_Redstone_%28Dust%29.png',NULL),('332','Снежок','Snowball','http://media-mcw.cursecdn.com/6/67/Grid_Snowball.png',NULL),('333','Лодка','Boat','http://media-mcw.cursecdn.com/5/59/Grid_Boat.png',NULL),('334','Кожа','Leather','http://media-mcw.cursecdn.com/6/66/Grid_Leather.png',NULL),('335','Молоко','Milk','http://media-mcw.cursecdn.com/6/63/Grid_Milk_Bucket.png',NULL),('336','Кирпич','Brick','http://media-mcw.cursecdn.com/e/ed/Grid_Clay_%28Brick%29.png',NULL),('337','Глина','Clay','http://media-mcw.cursecdn.com/3/38/Grid_Clay_%28Item%29.png',NULL),('338','Сахарный тростник','Sugar Cane','http://media-mcw.cursecdn.com/d/d3/Grid_Sugar_Cane.png',NULL),('339','Бумага','Paper','http://media-mcw.cursecdn.com/6/6c/Grid_Paper.png',NULL),('340','Книга','Book','http://media-mcw.cursecdn.com/e/ec/Grid_Book.png',1),('341','Слизь','Slimeball','http://media-mcw.cursecdn.com/c/c9/Grid_Slimeball.png',NULL),('342','Вагонетка с сундуком','Minecart with Chest','http://media-mcw.cursecdn.com/f/fa/Grid_Storage_Minecart.png',NULL),('343','Вагонетка с двигателем','Minecart with Furnace','http://media-mcw.cursecdn.com/7/7f/Grid_Powered_Minecart.png',NULL),('344','Яйцо','Egg','http://media-mcw.cursecdn.com/2/27/Grid_Egg.png',NULL),('345','Компас','Compass','http://media-mcw.cursecdn.com/f/f2/Grid_Compass.png',NULL),('346','Удочка','Fishing Rod','http://media-mcw.cursecdn.com/c/c7/Grid_Fishing_Rod.png',1),('347','Часы','Clock','http://media-mcw.cursecdn.com/3/32/Grid_Clock.png',NULL),('348','Светопыль','Glowstone Dust','http://media-mcw.cursecdn.com/2/2c/Grid_Glowstone_%28Dust%29.png',NULL),('349','Сырая рыба','Raw Fish','http://media-mcw.cursecdn.com/6/6a/Grid_Raw_Fish.png',NULL),('350','Жареная рыба','Cooked Fish','http://media-mcw.cursecdn.com/2/29/Grid_Cooked_Fish.png',NULL),('351:0','Чернильный мешок','Ink Sac','http://media-mcw.cursecdn.com/d/d6/Grid_Ink_Sac.png',NULL),('351:1','Цвет розы','Rose Red','http://media-mcw.cursecdn.com/0/0d/Grid_Rose_Red.png',NULL),('351:10','Лаймовый краситель','Lime Dye','http://media-mcw.cursecdn.com/a/a6/Grid_Lime_Dye.png',NULL),('351:11','Желтый одуванчиковый','Dandelion Yellow','http://media-mcw.cursecdn.com/d/df/Grid_Dandelion_Yellow.png',NULL),('351:12','Светло-синий краситель','Light Blue Dye','http://media-mcw.cursecdn.com/a/ae/Grid_Light_Blue_Dye.png',NULL),('351:13','Сиреневый краситель','Magenta Dye','http://media-mcw.cursecdn.com/8/8f/Grid_Magenta_Dye.png',NULL),('351:14','Оранжевый краситель','Orange Dye','http://media-mcw.cursecdn.com/b/b2/Grid_Orange_Dye.png',NULL),('351:15','Костная мука','Bone Meal','http://media-mcw.cursecdn.com/c/c0/Grid_Bone_Meal.png',NULL),('351:2','Кактусовая зелень','Cactus Green','http://media-mcw.cursecdn.com/f/fd/Grid_Cactus_Green.png',NULL),('351:3','Какао-бобы','Cocoa Beans','http://media-mcw.cursecdn.com/7/7d/Grid_Cocoa_Beans.png',NULL),('351:4','Ультрамарин','Lapis Lazuli','http://media-mcw.cursecdn.com/a/a8/Grid_Lapis_Lazuli_%28Dye%29.png',NULL),('351:5','Фиолетовый краситель','Purple Dye','http://media-mcw.cursecdn.com/a/a0/Grid_Purple_Dye.png',NULL),('351:6','Бирюзовый краситель','Cyan Dye','http://media-mcw.cursecdn.com/c/ca/Grid_Cyan_Dye.png',NULL),('351:7','Светло-серый краситель','Light Gray Dye','http://media-mcw.cursecdn.com/1/16/Grid_Light_Gray_Dye.png',NULL),('351:8','Серый краситель','Gray Dye','http://media-mcw.cursecdn.com/5/54/Grid_Gray_Dye.png',NULL),('351:9','Розовый краситель','Pink Dye','http://media-mcw.cursecdn.com/b/bb/Grid_Pink_Dye.png',NULL),('352','Кость','Bone','http://media-mcw.cursecdn.com/e/e8/Grid_Bone.png',NULL),('353','Сахар','Sugar','http://media-mcw.cursecdn.com/9/96/Grid_Sugar.png',NULL),('354','Торт','Cake','http://media-mcw.cursecdn.com/2/28/Grid_Cake.png',NULL),('355','Кровать','Bed','http://media-mcw.cursecdn.com/a/a3/Grid_Bed.png',NULL),('356','Красный повторитель','Redstone Repeater','http://media-mcw.cursecdn.com/e/e6/Grid_Redstone_Repeater.png',NULL),('357','Печенье','Cookie','http://media-mcw.cursecdn.com/9/95/Grid_Cookie.png',NULL),('359','Ножницы','Shears','http://media-mcw.cursecdn.com/1/13/Grid_Shears.png',1),('35:0','Белая шерсть','White Wool','http://media-mcw.cursecdn.com/f/fa/Grid_White_Wool.png',NULL),('35:1','Оранжевая шерсть','Orange Wool','http://media-mcw.cursecdn.com/0/07/Grid_Orange_Wool.png',NULL),('35:10','Фиолетовая шерсть','Purple Wool','http://media-mcw.cursecdn.com/5/51/Grid_Purple_Wool.png',NULL),('35:11','Синяя шерсть','Blue Wool','http://media-mcw.cursecdn.com/4/40/Grid_Blue_Wool.png',NULL),('35:12','Коричневая шерсть','Brown Wool','http://media-mcw.cursecdn.com/2/2a/Grid_Brown_Wool.png',NULL),('35:13','Зеленая шерсть','Green Wool','http://media-mcw.cursecdn.com/f/fa/Grid_Green_Wool.png',NULL),('35:14','Красная шерсть','Red Wool','http://media-mcw.cursecdn.com/2/2a/Grid_Red_Wool.png',NULL),('35:15','Черная шерсть','Black Wool','http://media-mcw.cursecdn.com/4/45/Grid_Black_Wool.png',NULL),('35:2','Сиреневая шерсть','Magenta Wool','http://media-mcw.cursecdn.com/f/fd/Grid_Magenta_Wool.png',NULL),('35:3','Светло-синяя шерсть','Light Blue Wool','http://media-mcw.cursecdn.com/f/fb/Grid_Light_Blue_Wool.png',NULL),('35:4','Желтая шерсть','Yellow Wool','http://media-mcw.cursecdn.com/e/ed/Grid_Yellow_Wool.png',NULL),('35:5','Светло-зеленая шерсть','Lime Wool','http://media-mcw.cursecdn.com/a/a2/Grid_Lime_Wool.png',NULL),('35:6','Розовая шерсть','Pink Wool','http://media-mcw.cursecdn.com/b/b3/Grid_Pink_Wool.png',NULL),('35:7','Серая шерсть','Gray Wool','http://media-mcw.cursecdn.com/d/d3/Grid_Gray_Wool.png',NULL),('35:8','Светло-серая шерсть','Light Gray','http://media-mcw.cursecdn.com/e/e5/Grid_Light_Gray_Wool.png',NULL),('35:9','Бирюзовая шерсть','Cyan Wool','http://media-mcw.cursecdn.com/c/cd/Grid_Cyan_Wool.png',NULL),('360','Ломтик арбуза','Melon','http://media-mcw.cursecdn.com/e/ee/Grid_Melon_%28Slice%29.png',NULL),('361','Семена тыквы','Pumpkin Seeds','http://media-mcw.cursecdn.com/7/72/Grid_Pumpkin_Seeds.png',NULL),('362','Семена арбуза','Melon Seeds','http://media-mcw.cursecdn.com/7/75/Grid_Melon_Seeds.png',NULL),('363','Сырая говядина','Raw Beef','http://media-mcw.cursecdn.com/6/61/Grid_Raw_Beef.png',NULL),('364','Жареная говядина','Steak','http://media-mcw.cursecdn.com/d/da/Grid_Steak.png',NULL),('365','Сырая курятина','Raw Chicken','http://media-mcw.cursecdn.com/e/e5/Grid_Raw_Chicken.png',NULL),('366','Жареная курятина','Cooked Chicken','http://media-mcw.cursecdn.com/2/2e/Grid_Cooked_Chicken.png',NULL),('367','Гнилая плоть','Rotten Flesh','http://media-mcw.cursecdn.com/3/33/Grid_Rotten_Flesh.png',NULL),('368','Жемчуг Края','Ender Pearl','http://media-mcw.cursecdn.com/1/13/Grid_Ender_Pearl.png',NULL),('369','Огненный стержень','Blaze Rod','http://media-mcw.cursecdn.com/1/18/Grid_Blaze_Rod.png',NULL),('37','Одуванчик','Dandelion','http://media-mcw.cursecdn.com/4/49/Grid_Dandelion.png',NULL),('370','Слеза гаста','Ghast Tear','http://media-mcw.cursecdn.com/6/66/Grid_Ghast_Tear.png',NULL),('371','Золотой самородок','Gold Nugget','http://media-mcw.cursecdn.com/1/1d/Grid_Gold_Nugget.png',NULL),('372','Адский нарост','Nether Wart','http://media-mcw.cursecdn.com/f/f2/Grid_Nether_Wart_Seeds.png',NULL),('373:0','Колба воды','Water Bottle','http://media-mcw.cursecdn.com/9/97/Grid_Water_Bottle.png',NULL),('373:16','Грубое зелье','Awkward Potion','http://media-mcw.cursecdn.com/c/c3/Grid_Awkward_Potion.png',NULL),('373:16384','Взрывающееся непримечательное зелье','Splash Mundane Potion','http://media-mcw.cursecdn.com/0/0b/Grid_Splash_Mundane_Potion.png',NULL),('373:16385','Взрывающееся зелье регенерации (0:33)','Splash Potion of Regeneration (0:33)','http://media-mcw.cursecdn.com/0/0f/Grid_Splash_Potion_of_Regeneration.png',NULL),('373:16386','Взрывающееся зелье ускорения (2:15)','Splash Potion of Swiftness (2:15)','http://media-mcw.cursecdn.com/7/7a/Grid_Splash_Potion_of_Swiftness.png',NULL),('373:16387','Взрывающееся зелье огнестойкости (2:15)','Splash Potion of Fire Resistance (2:15)','http://media-mcw.cursecdn.com/c/cb/Grid_Splash_Potion_of_Fire_Resistance.png',NULL),('373:16388','Взрывающееся зелье отравления (0:33)','Splash Potion of Poison (0:33)','http://media-mcw.cursecdn.com/1/11/Grid_Splash_Potion_of_Poison.png',NULL),('373:16389','Взрывающееся зелье лечения','Splash Potion of Healing','http://media-mcw.cursecdn.com/3/33/Grid_Splash_Potion_of_Healing.png',NULL),('373:16390','Взрывающееся зелье ночного зрения (2:15)','Splash Potion of Night Vision (2:15)','http://media-mcw.cursecdn.com/c/c3/Grid_Splash_Potion_of_Night_Vision.png',NULL),('373:16392','Взрывающееся зелье слабости (1:07)','Splash Potion of Weakness (1:07)','http://media-mcw.cursecdn.com/9/94/Grid_Splash_Potion_of_Weakness.png',NULL),('373:16393','Взрывающееся зелье силы (2:15)','Splash Potion of Strength (2:15)','http://media-mcw.cursecdn.com/3/38/Grid_Splash_Potion_of_Strength.png',NULL),('373:16394','Взрывающееся зелье замедления (1:07)','Splash Potion of Slowness (1:07)','http://media-mcw.cursecdn.com/2/22/Grid_Splash_Potion_of_Slowness.png',NULL),('373:16396','Взрывающееся зелье урона','Splash Potion of Harming','http://media-mcw.cursecdn.com/5/52/Grid_Splash_Potion_of_Harming.png',NULL),('373:16398','Взрывающееся зелье невидимости (2:15)','Splash Potion of Invisibility (2:15)','http://media-mcw.cursecdn.com/8/89/Grid_Splash_Potion_of_Invisibility.png',NULL),('373:16417','Взрывающееся зелье регенерации II (0:16)','Splash Potion of Regeneration II (0:16)','http://media-mcw.cursecdn.com/0/0f/Grid_Splash_Potion_of_Regeneration.png',NULL),('373:16418','Взрывающееся зелье ускорения II (1:07)','Splash Potion of Swiftness II (1:07)','http://media-mcw.cursecdn.com/7/7a/Grid_Splash_Potion_of_Swiftness.png',NULL),('373:16420','Взрывающееся зелье отравления II (0:16)','Splash Potion of Poison II (0:16)','http://media-mcw.cursecdn.com/1/11/Grid_Splash_Potion_of_Poison.png',NULL),('373:16421','Взрывающееся зелье лечения II','Splash Potion of Healing II','http://media-mcw.cursecdn.com/3/33/Grid_Splash_Potion_of_Healing.png',NULL),('373:16425','Взрывающееся зелье силы II (1:07)','Splash Potion of Strength II (1:07)','http://media-mcw.cursecdn.com/3/38/Grid_Splash_Potion_of_Strength.png',NULL),('373:16428','Взрывающееся зелье урона II','Splash Potion of Harming II','http://media-mcw.cursecdn.com/5/52/Grid_Splash_Potion_of_Harming.png',NULL),('373:16449','Взрывающееся зелье регенерации (1:30)','Splash Potion of Regeneration (1:30)','http://media-mcw.cursecdn.com/0/0f/Grid_Splash_Potion_of_Regeneration.png',NULL),('373:16450','Взрывающееся зелье ускорения (6:00)','Splash Potion of Swiftness (6:00)','http://media-mcw.cursecdn.com/7/7a/Grid_Splash_Potion_of_Swiftness.png',NULL),('373:16451','Взрывающееся зелье огнестойкости (6:00)','Splash Potion of Fire Resistance (6:00)','http://media-mcw.cursecdn.com/c/cb/Grid_Splash_Potion_of_Fire_Resistance.png',NULL),('373:16452','Взрывающееся зелье отравления (1:30)','Splash Potion of Poison (1:30)','http://media-mcw.cursecdn.com/1/11/Grid_Splash_Potion_of_Poison.png',NULL),('373:16454','Взрывающееся зелье ночного зрения (6:00)','Splash Potion of Night Vision (6:00)','http://media-mcw.cursecdn.com/c/c3/Grid_Splash_Potion_of_Night_Vision.png',NULL),('373:16456','Взрывающееся зелье слабости (3:00)','Splash Potion of Weakness (3:00)','http://media-mcw.cursecdn.com/9/94/Grid_Splash_Potion_of_Weakness.png',NULL),('373:16457','Взрывающееся зелье силы (6:00)','Splash Potion of Strength (6:00)','http://media-mcw.cursecdn.com/3/38/Grid_Splash_Potion_of_Strength.png',NULL),('373:16458','Взрывающееся зелье замедления (3:00)','Splash Potion of Slowness (3:00)','http://media-mcw.cursecdn.com/2/22/Grid_Splash_Potion_of_Slowness.png',NULL),('373:16462','Взрывающееся зелье невидимости (6:00)','Splash Potion of Invisibility (6:00)','http://media-mcw.cursecdn.com/8/89/Grid_Splash_Potion_of_Invisibility.png',NULL),('373:16481','Взрывающееся зелье регенерации II (0:45)','Splash Potion of Regeneration II (0:45)','http://media-mcw.cursecdn.com/0/0f/Grid_Splash_Potion_of_Regeneration.png',NULL),('373:16482','Взрывающееся зелье ускорения II (3:00)','Splash Potion of Swiftness II (3:00)','http://media-mcw.cursecdn.com/7/7a/Grid_Splash_Potion_of_Swiftness.png',NULL),('373:16484','Взрывающееся зелье отравления II (0:45)','Splash Potion of Poison II (0:45)','http://media-mcw.cursecdn.com/1/11/Grid_Splash_Potion_of_Poison.png',NULL),('373:16489','Взрывающееся зелье силы II (3:00)','Splash Potion of Strength II (3:00)','http://media-mcw.cursecdn.com/3/38/Grid_Splash_Potion_of_Strength.png',NULL),('373:32','Густое зелье','Thick Potion','http://media-mcw.cursecdn.com/e/e6/Grid_Thick_Potion.png',NULL),('373:64','Непримечательное усиленное зелье','Mundane Extended Potion','http://media-mcw.cursecdn.com/6/6c/Grid_Mundane_Potion.png',NULL),('373:8192','Непримечательное зелье','Mundane Potion','http://media-mcw.cursecdn.com/6/6c/Grid_Mundane_Potion.png',NULL),('373:8193','Зелье регенерации (0:45)','Potion of Regeneration (0:45)','http://media-mcw.cursecdn.com/0/00/Grid_Potion_of_Regeneration.png',NULL),('373:8194','Зелье ускорения (3:00)','Potion of Swiftness (3:00)','http://media-mcw.cursecdn.com/1/1c/Grid_Potion_of_Swiftness.png',NULL),('373:8195','Зелье огнестойкости (3:00)','Potion of Fire Resistance (3:00)','http://media-mcw.cursecdn.com/4/43/Grid_Potion_of_Fire_Resistance.png',NULL),('373:8196','Зелье отравления (0:45)','Potion of Poison (0:45)','http://media-mcw.cursecdn.com/a/a1/Grid_Potion_of_Poison.png',NULL),('373:8197','Зелье лечения','Potion of Healing','http://media-mcw.cursecdn.com/a/a3/Grid_Potion_of_Healing.png',NULL),('373:8198','Зелье ночного зрения (3:00)','Potion of Night Vision (3:00)','http://media-mcw.cursecdn.com/b/ba/Grid_Potion_of_Night_Vision.png',NULL),('373:8200','Зелье слабости (1:30)','Potion of Weakness (1:30)','http://media-mcw.cursecdn.com/2/2c/Grid_Potion_of_Weakness.png',NULL),('373:8201','Зелье силы (3:00)','Potion of Strength (3:00)','http://media-mcw.cursecdn.com/8/8c/Grid_Potion_of_Strength.png',NULL),('373:8202','Зелье замедления (1:30)','Potion of Slowness (1:30)','http://media-mcw.cursecdn.com/c/ca/Grid_Potion_of_Slowness.png',NULL),('373:8204','Зелье урона','Potion of Harming','http://media-mcw.cursecdn.com/b/b2/Grid_Potion_of_Harming.png',NULL),('373:8206','Зелье невидимости (3:00)','Potion of Invisibility (3:00)','http://media-mcw.cursecdn.com/d/d8/Grid_Potion_of_Invisibility.png',NULL),('373:8225','Зелье регенерации II (0:22)','Potion of Regeneration II (0:22)','http://media-mcw.cursecdn.com/0/00/Grid_Potion_of_Regeneration.png',NULL),('373:8226','Зелье ускорения II (1:30)','Potion of Swiftness II (1:30)','http://media-mcw.cursecdn.com/1/1c/Grid_Potion_of_Swiftness.png',NULL),('373:8228','Зелье отравления II (0:22)','Potion of Poison II (0:22)','http://media-mcw.cursecdn.com/a/a1/Grid_Potion_of_Poison.png',NULL),('373:8229','Зелье лечения II','Potion of Healing II','http://media-mcw.cursecdn.com/a/a3/Grid_Potion_of_Healing.png',NULL),('373:8233','Зелье силы II (1:30)','Potion of Strength II (1:30)','http://media-mcw.cursecdn.com/8/8c/Grid_Potion_of_Strength.png',NULL),('373:8236','Зелье урона II','Potion of Harming II','http://media-mcw.cursecdn.com/b/b2/Grid_Potion_of_Harming.png',NULL),('373:8257','Зелье регенерации (2:00)','Potion of Regeneration (2:00)','http://media-mcw.cursecdn.com/0/00/Grid_Potion_of_Regeneration.png',NULL),('373:8258','Зелье ускорения (8:00)','Potion of Swiftness (8:00)','http://media-mcw.cursecdn.com/1/1c/Grid_Potion_of_Swiftness.png',NULL),('373:8259','Зелье огнестойкости (8:00)','Potion of Fire Resistance (8:00)','http://media-mcw.cursecdn.com/4/43/Grid_Potion_of_Fire_Resistance.png',NULL),('373:8260','Зелье отравления (2:00)','Potion of Poison (2:00)','http://media-mcw.cursecdn.com/a/a1/Grid_Potion_of_Poison.png',NULL),('373:8262','Зелье ночного зрения (8:00)','Potion of Night Vision (8:00)','http://media-mcw.cursecdn.com/b/ba/Grid_Potion_of_Night_Vision.png',NULL),('373:8264','Зелье слабости (4:00)','Potion of Weakness (4:00)','http://media-mcw.cursecdn.com/2/2c/Grid_Potion_of_Weakness.png',NULL),('373:8265','Зелье силы (8:00)','Potion of Strength (8:00)','http://media-mcw.cursecdn.com/8/8c/Grid_Potion_of_Strength.png',NULL),('373:8266','Зелье замедления (4:00)','Potion of Slowness (4:00)','http://media-mcw.cursecdn.com/c/ca/Grid_Potion_of_Slowness.png',NULL),('373:8270','Зелье невидимости (8:00)','Potion of Invisibility (8:00)','http://media-mcw.cursecdn.com/d/d8/Grid_Potion_of_Invisibility.png',NULL),('373:8289','Зелье регенерации II (1:00)','Potion of Regeneration II (1:00)','http://media-mcw.cursecdn.com/0/00/Grid_Potion_of_Regeneration.png',NULL),('373:8290','Зелье ускорения II (4:00)','Potion of Swiftness II (4:00)','http://media-mcw.cursecdn.com/1/1c/Grid_Potion_of_Swiftness.png',NULL),('373:8292','Зелье отравления II (1:00)','Potion of Poison II (1:00)','http://media-mcw.cursecdn.com/a/a1/Grid_Potion_of_Poison.png',NULL),('373:8297','Зелье силы II (4:00)','Potion of Strength II (4:00)','http://media-mcw.cursecdn.com/8/8c/Grid_Potion_of_Strength.png',NULL),('374','Колба','Glass Bottle','http://media-mcw.cursecdn.com/2/22/Grid_Glass_Bottle.png',NULL),('375','Паучий глаз','Spider Eye','http://media-mcw.cursecdn.com/0/03/Grid_Spider_Eye.png',NULL),('376','Приготовленный паучий глаз','Fermented Spider Eye','http://media-mcw.cursecdn.com/2/29/Grid_Fermented_Spider_Eye.png',NULL),('377','Огненный порошок','Blaze Powder','http://media-mcw.cursecdn.com/0/09/Grid_Blaze_Powder.png',NULL),('378','Лавовый крем','Magma Cream','http://media-mcw.cursecdn.com/e/e8/Grid_Magma_Cream.png',NULL),('379','Варочная стойка','Brewing Stand','http://media-mcw.cursecdn.com/7/70/Grid_Brewing_Stand.png',NULL),('38','Роза','Rose','http://media-mcw.cursecdn.com/4/49/Grid_Rose.png',NULL),('380','Котел','Cauldron','http://media-mcw.cursecdn.com/c/ca/Grid_Cauldron.png',NULL),('381','Око Края','Eye of Ender','http://media-mcw.cursecdn.com/0/0e/Grid_Eye_of_Ender.png',NULL),('382','Сверкающий ломтик арбуза','Glistering Melon','http://media-mcw.cursecdn.com/1/11/Grid_Glistering_Melon.png',NULL),('383:100','Яйцо призывания лошади','Horse Egg','http://media-mcw.cursecdn.com/e/e0/Grid_Spawn_Horse.png',NULL),('383:120','Яйцо призывания деревенского жителя','Villager Egg','http://media-mcw.cursecdn.com/0/02/Grid_Spawn_Villager.png',NULL),('383:50','Яйцо призывания крипера','Creeper Egg','http://media-mcw.cursecdn.com/f/fc/Grid_Spawn_Creeper.png',NULL),('383:51','Яйцо призывания скелета','Skeleton Egg','http://media-mcw.cursecdn.com/3/35/Grid_Spawn_Skeleton.png',NULL),('383:52','Яйцо призывания паука','Spider Egg','http://media-mcw.cursecdn.com/5/50/Grid_Spawn_Spider.png',NULL),('383:54','Яйцо призывания зомби','Zombie Egg','http://media-mcw.cursecdn.com/3/30/Grid_Spawn_Zombie.png',NULL),('383:55','Яйцо призывания слизня','Slime Egg','http://media-mcw.cursecdn.com/1/11/Grid_Spawn_Slime.png',NULL),('383:56','Яйцо призывания гаста','Ghast Egg','http://media-mcw.cursecdn.com/3/3f/Grid_Spawn_Ghast.png',NULL),('383:57','Яйцо призывания зомби-свиночеловека','Zombie Pigman Egg','http://media-mcw.cursecdn.com/7/7b/Grid_Spawn_Pig_Zombie.png',NULL),('383:58','Яйцо призывания странника Края','Enderman Egg','http://media-mcw.cursecdn.com/6/62/Grid_Spawn_Enderman.png',NULL),('383:59','Яйцо призывания пещерного паука','Cave Spider Egg','http://media-mcw.cursecdn.com/e/ee/Grid_Spawn_Cave_Spider.png',NULL),('383:60','Яйцо призывания чейшуйницы','Silverfish Egg','http://media-mcw.cursecdn.com/1/11/Grid_Spawn_Silverfish.png',NULL),('383:61','Яйцо призывания ифрита','Blaze Egg','http://media-mcw.cursecdn.com/f/ff/Grid_Spawn_Blaze.png',NULL),('383:62','Яйцо призывания лавового куба','Magma Cube Egg','http://media-mcw.cursecdn.com/2/25/Grid_Spawn_Magma_Cube.png',NULL),('383:65','Яйцо призывания летучей мыши','Bat Egg','http://media-mcw.cursecdn.com/f/f3/Grid_Spawn_Bat.png',NULL),('383:66','Яйцо призывания ведьмы','Witch Egg','http://media-mcw.cursecdn.com/7/7c/Grid_Spawn_Witch.png',NULL),('383:90','Яйцо призывания свиньи','Pig Egg','http://media-mcw.cursecdn.com/0/09/Grid_Spawn_Pig.png',NULL),('383:91','Яйцо призывания овцы','Sheep Egg','http://media-mcw.cursecdn.com/f/f8/Grid_Spawn_Sheep.png',NULL),('383:92','Яйцо призывания коровы','Cow Egg','http://media-mcw.cursecdn.com/8/80/Grid_Spawn_Cow.png',NULL),('383:93','Яйцо призывания курицы','Chicken Egg','http://media-mcw.cursecdn.com/b/b0/Grid_Spawn_Chicken.png',NULL),('383:94','Яйцо призывания спрута','Squid Egg','http://media-mcw.cursecdn.com/5/58/Grid_Spawn_Squid.png',NULL),('383:95','Яйцо призывания волка','Wolf Egg','http://media-mcw.cursecdn.com/4/4b/Grid_Spawn_Wolf.png',NULL),('383:96','Яйцо призывания грибной коровы','Mooshroom Egg','http://media-mcw.cursecdn.com/9/91/Grid_Spawn_Mooshroom.png',NULL),('383:98','Яйцо призывания оцелота','Ocelot Egg','http://media-mcw.cursecdn.com/e/e8/Grid_Spawn_Ocelot.png',NULL),('384','Зелье опыта','Bottle of Enchanting','http://media-mcw.cursecdn.com/b/bf/Grid_Bottle_o%27_Enchanting.png',NULL),('385','Огненный шар','Fire Charge','http://media-mcw.cursecdn.com/e/e1/Grid_Fire_Charge.png',NULL),('386','Книга с пером','Book and Quill','http://media-mcw.cursecdn.com/e/eb/Grid_Book_and_Quill.png',NULL),('387','Написанная книга','Written Book','http://media-mcw.cursecdn.com/c/c5/Grid_Written_Book.png',NULL),('388','Изумруд','Emerald','http://media-mcw.cursecdn.com/8/87/Grid_Emerald.png',NULL),('389','Рамка','Item Frame','http://media-mcw.cursecdn.com/c/c5/Grid_Item_Frame.png',NULL),('39','Коричневый гриб','Brown Mushroom','http://media-mcw.cursecdn.com/d/d8/Grid_Brown_Mushroom.png',NULL),('390','Цветочный горшок','Flower Pot','http://media-mcw.cursecdn.com/8/89/Grid_Flower_Pot.png',NULL),('391','Морковь','Carrot','http://media-mcw.cursecdn.com/8/8b/Grid_Carrot.png',NULL),('392','Картофель','Potato','http://media-mcw.cursecdn.com/2/2b/Grid_Potato.png',NULL),('393','Печеный картофель','Baked Potato','http://media-mcw.cursecdn.com/6/6c/Grid_Baked_Potato.png',NULL),('394','Ядовитый картофель','Poisonous Potato','http://media-mcw.cursecdn.com/f/fd/Grid_Poisonous_Potato.png',NULL),('395','Карта','Empty Map','http://media-mcw.cursecdn.com/c/c7/Grid_Empty_Map.png',NULL),('396','Золотая морковь','Golden Carrot','http://media-mcw.cursecdn.com/a/a7/Grid_Golden_Carrot.png',NULL),('397:0','Голова скелета','Skeleton Head','http://media-mcw.cursecdn.com/c/c9/Grid_Skeleton_Skull.png',NULL),('397:1','Голова скелета-иссушителя','Wither Skeleton Head','http://media-mcw.cursecdn.com/d/d4/Grid_Wither_Skeleton_Skull.png',NULL),('397:2','Голова зомби','Zombie Head','http://media-mcw.cursecdn.com/6/6f/Grid_Zombie_Head.png',NULL),('397:3','Голова','Human Head','http://media-mcw.cursecdn.com/5/55/Grid_Head.png',NULL),('397:4','Голова крипера','Creeper Head','http://media-mcw.cursecdn.com/c/c7/Grid_Creeper_Head.png',NULL),('398','Удочка с морковью','Carrot on a Stick','http://media-mcw.cursecdn.com/e/e4/Grid_Carrot_on_a_Stick.png',1),('399','Звезда Нижнего мира','Nether Star','http://media-mcw.cursecdn.com/a/ae/Grid_Nether_Star.png',NULL),('4','Булыжник','Cobblestone','http://media-mcw.cursecdn.com/0/03/Grid_Cobblestone.png',NULL),('40','Красный гриб','Red Mushroom','http://media-mcw.cursecdn.com/0/01/Grid_Red_Mushroom.png',NULL),('400','Тыквенный пирог','Pumpkin Pie','http://media-mcw.cursecdn.com/9/9f/Grid_Pumpkin_Pie.png',NULL),('401','Ракета','Firework Rocket','http://media-mcw.cursecdn.com/1/12/Grid_Fireworks.png',NULL),('403','Зачарованная книга','Enchanted Book','http://media-mcw.cursecdn.com/f/f7/Grid_Enchanted_Book.png',1),('404','Компаратор','Redstone Comparator','http://media-mcw.cursecdn.com/e/ea/Grid_Redstone_Comparator.png',NULL),('405','Адский кирпич','Nether Brick','http://media-mcw.cursecdn.com/7/71/Grid_Nether_Brick_%28Item%29.png',NULL),('406','Кварц Нижнего мира','Nether Quartz','http://media-mcw.cursecdn.com/2/2b/Grid_Nether_Quartz.png',NULL),('407','Вагонетка с ТНТ','Minecart with TNT','http://media-mcw.cursecdn.com/9/93/Grid_Minecart_with_TNT.png',NULL),('408','Вагонетка с воронкой','Minecart with Hopper','http://media-mcw.cursecdn.com/7/78/Grid_Minecart_with_Hopper.png',NULL),('41','Золотой блок','Block of Gold','http://media-mcw.cursecdn.com/b/b6/Grid_Gold_%28Block%29.png',NULL),('417','Железная конская броня','Iron Horse Armor','http://media-mcw.cursecdn.com/a/af/Grid_Iron_Horse_Armor.png',NULL),('418','Золотая конская броня','Gold Horse Armor','http://media-mcw.cursecdn.com/0/09/Grid_Golden_Horse_Armor.png',NULL),('419','Алмазная конская броня','Diamond Horse Armor','http://media-mcw.cursecdn.com/a/af/Grid_Diamond_Horse_Armor.png',NULL),('42','Железный блок','Block of Iron','http://media-mcw.cursecdn.com/5/5a/Grid_Iron_%28Block%29.png',NULL),('420','Поводок','Lead','http://media-mcw.cursecdn.com/3/37/Grid_Leash.png',NULL),('421','Бирка','Name Tag','http://media-mcw.cursecdn.com/9/97/Grid_Name_Tag.png',NULL),('44:0','Каменная плита','Stone Slab','http://media-mcw.cursecdn.com/2/29/Grid_Stone_Slab.png',NULL),('44:1','Песчаниковая плита','Sandstone Slab','http://media-mcw.cursecdn.com/2/2a/Grid_Sandstone_Slab.png',NULL),('44:3','Булыжниковая плита','Cobblestone Slab','http://media-mcw.cursecdn.com/f/f7/Grid_Cobblestone_Slab.png',NULL),('44:4','Кирпичная плита','Brick Slab','http://media-mcw.cursecdn.com/b/b3/Grid_Bricks_Slab.png',NULL),('44:5','Каменнокирпичная плита','Stone Brick Slab','http://media-mcw.cursecdn.com/4/46/Grid_Stone_Bricks_Slab.png',NULL),('44:6','Плита из адского кирпича','Nether Brick Slab','http://media-mcw.cursecdn.com/d/dd/Grid_Nether_Brick_Slab.png',NULL),('44:7','Кварцевая плита','Quartz Slab','http://media-mcw.cursecdn.com/0/09/Grid_Quartz_Slab.png',NULL),('45','Кирпич','Bricks','http://media-mcw.cursecdn.com/6/64/Grid_Brick_%28Block%29.png',NULL),('46','ТНТ','TNT','http://media-mcw.cursecdn.com/2/2b/Grid_TNT.png',NULL),('47','Книжный шкаф','Bookshelf','http://media-mcw.cursecdn.com/b/bc/Grid_Bookshelf.png',NULL),('48','Замшелый булыжник','Mossy Cobblestone','http://media-mcw.cursecdn.com/7/7d/Grid_Moss_Stone.png',NULL),('49','Обсидиан','Obsidian','http://media-mcw.cursecdn.com/5/5d/Grid_Obsidian.png',NULL),('50','Факел','Torch','http://media-mcw.cursecdn.com/3/32/Grid_Torch.png',NULL),('53','Дубовые ступени','Oak Wood Stairs','http://media-mcw.cursecdn.com/3/3b/Grid_Wooden_Stairs.png',NULL),('54','Сундук','Chest','http://media-mcw.cursecdn.com/c/c1/Grid_Chest.png',NULL),('56','Алмазная руда','Diamond Ore','http://media-mcw.cursecdn.com/e/ef/Grid_Diamond_%28Ore%29.png',NULL),('57','Алмазный блок','Block of Diamond','http://media-mcw.cursecdn.com/7/73/Grid_Diamond_%28Block%29.png',NULL),('58','Верстак','Crafting Table','http://media-mcw.cursecdn.com/7/79/Grid_Crafting_Table.png',NULL),('5:0','Дубовые доски','Oak Wood Planks','http://media-mcw.cursecdn.com/9/9f/Grid_Wooden_Plank.png',NULL),('5:1','Сосновые доски','Spruce Wood Planks','http://media-mcw.cursecdn.com/b/bb/Grid_Wooden_Plank_%28Pine%29.png',NULL),('5:2','Березовые доски','Birch Wood Planks','http://media-mcw.cursecdn.com/0/01/Grid_Wooden_Plank_%28Birch%29.png',NULL),('5:3','Тропические доски','Jungle Wood Planks','http://media-mcw.cursecdn.com/2/2a/Grid_Wooden_Plank_%28Jungle%29.png',NULL),('61','Печь','Furnace','http://media-mcw.cursecdn.com/2/2e/Grid_Furnace.png',NULL),('65','Лестница','Ladders','http://media-mcw.cursecdn.com/9/99/Grid_Ladders.png',NULL),('66','Рельсы','Rail','http://media-mcw.cursecdn.com/7/7a/Grid_Rails.png',NULL),('67','Каменные ступени','Cobblestone Stairs','http://media-mcw.cursecdn.com/7/7f/Grid_Cobblestone_Stairs.png',NULL),('69','Рычаг','Lever','http://media-mcw.cursecdn.com/3/33/Grid_Lever.png',NULL),('6:0','Дубовый саженец','Oak Sapling','http://media-mcw.cursecdn.com/b/b5/Grid_Sapling.png',NULL),('6:1','Сосновый саженец','Spruce Sapling','http://media-mcw.cursecdn.com/c/c6/Grid_Sapling_Spruce.png',NULL),('6:2','Березовый саженец','Birch Sapling','http://media-mcw.cursecdn.com/b/b4/Grid_Sapling_Birch.png',NULL),('6:3','Тропический саженец','Jungle Sapling','http://media-mcw.cursecdn.com/7/7f/Grid_Sapling_Jungle.png',NULL),('7','Коренная порода','Bedrock','http://media-mcw.cursecdn.com/e/e0/Grid_Bedrock.png',NULL),('70','Каменная нажимная пластина','Stone Pressure Plate','http://media-mcw.cursecdn.com/4/46/Grid_Stone_Pressure_Plate.png',NULL),('72','Деревянная нажимная пластина','Wooden Pressure Plate','http://media-mcw.cursecdn.com/d/d4/Grid_Wooden_Pressure_Plate.png',NULL),('73','Красная руда','Redstone Ore','http://media-mcw.cursecdn.com/b/b8/Grid_Redstone_%28Ore%29.png',NULL),('76','Красный факел','Redstone Torch','http://media-mcw.cursecdn.com/6/66/Grid_Redstone_%28Torch%29.png',NULL),('77','Каменная кнопка','Stone Button','http://media-mcw.cursecdn.com/8/81/Grid_Stone_Button.png',NULL),('78','Снег','Snow','http://media-mcw.cursecdn.com/6/6c/Grid_Snow.png',NULL),('79','Лед','Ice','http://media-mcw.cursecdn.com/2/2e/Grid_Ice.png',NULL),('80','Блок снега','Snow Block','http://media-mcw.cursecdn.com/6/66/Grid_Snow_%28Block%29.png',NULL),('81','Кактус','Cactus','http://media-mcw.cursecdn.com/f/fb/Grid_Cactus.png',NULL),('82','Блок глины','Clay Block','http://media-mcw.cursecdn.com/a/a6/Grid_Clay_%28Block%29.png',NULL),('84','Проигрыватель','Jukebox','http://media-mcw.cursecdn.com/1/10/Grid_Jukebox.png',NULL),('85','Забор','Fence','http://media-mcw.cursecdn.com/c/c8/Grid_Fence.png',NULL),('86','Тыква','Pumpkin','http://media-mcw.cursecdn.com/b/be/Grid_Pumpkin.png',NULL),('87','Адский камень','Netherrack','http://media-mcw.cursecdn.com/8/86/Grid_Netherrack.png',NULL),('88','Песок души','Soul Sand','http://media-mcw.cursecdn.com/e/e4/Grid_Soul_Sand.png',NULL),('89','Светящийся камень','Glowstone','http://media-mcw.cursecdn.com/f/fd/Grid_Glowstone_%28Block%29.png',NULL),('91','Светильник Джека','Jack \'o\' Lantern','http://media-mcw.cursecdn.com/a/ac/Grid_Jack-O-Lantern.png',NULL),('96','Люк','Trapdoor','http://media-mcw.cursecdn.com/b/b2/Grid_Trapdoor.png',NULL),('98:0','Каменный кирпич','Stone Bricks','http://media-mcw.cursecdn.com/1/1c/Grid_Stone_Brick.png',NULL),('98:1','Потресканный каменный кирпич','Cracked Stone Brick','http://media-mcw.cursecdn.com/8/85/Grid_Cracked_Stone_Brick.png',NULL),('98:2','Замшелый каменный кирпич','Mossy Stone Brick','http://media-mcw.cursecdn.com/2/23/Grid_Mossy_Stone_Brick.png',NULL),('98:3','Резной каменный кирпич','Chiseled Stone Brick','http://media-mcw.cursecdn.com/7/7b/Grid_Chiseled_Stone_Brick.png',NULL);
/*!40000 ALTER TABLE `bukkit_material` ENABLE KEYS */;
UNLOCK TABLES;

--
-- Table structure for table `item`
--

DROP TABLE IF EXISTS `item`;
/*!40101 SET @saved_cs_client     = @@character_set_client */;
/*!40101 SET character_set_client = utf8 */;
CREATE TABLE `item` (
  `id` int(10) NOT NULL AUTO_INCREMENT,
  `material` varchar(15) NOT NULL,
  `amount` int(10) NOT NULL,
  `price` decimal(8,2) NOT NULL,
  `name` varchar(50) DEFAULT NULL,
  `titleRu` varchar(50) DEFAULT NULL COMMENT 'Название предмета в магазине',
  `titleEn` varchar(50) DEFAULT NULL,
  `imageUrl` mediumtext,
  PRIMARY KEY (`id`),
  KEY `item_material` (`material`),
  CONSTRAINT `item_material` FOREIGN KEY (`material`) REFERENCES `bukkit_material` (`id`)
) ENGINE=InnoDB AUTO_INCREMENT=48 DEFAULT CHARSET=utf8;
/*!40101 SET character_set_client = @saved_cs_client */;

--
-- Dumping data for table `item`
--

LOCK TABLES `item` WRITE;
/*!40000 ALTER TABLE `item` DISABLE KEYS */;
INSERT INTO `item` VALUES (8,'1',64,20.00,NULL,'Камень','Stone',NULL),(9,'12',64,28.00,NULL,'Песок','Sand',NULL),(10,'276',1,200.00,NULL,'Алмазный меч','Diamond Sword',NULL),(11,'122',1,100.00,NULL,'Яйцо дракона','Dragon Egg',NULL),(13,'171:0',32,115.00,NULL,'Белый ковер','White Carpet',NULL),(14,'171:1',32,54.00,NULL,'Оранжевый ковер','Orange Carpet',NULL),(15,'171:2',32,22.00,NULL,'Сиреневый ковер','Magenta Carpet',NULL),(16,'171:3',32,22.00,NULL,'Светло-синий ковер','Light Blue Carpet',NULL),(17,'171:4',32,110.00,NULL,'','',NULL),(18,'171:5',8,50.00,NULL,'Лаймовый ковер','Lime Carpet',NULL),(19,'171:6',16,25.00,NULL,'Светло-зеленый ковер','Pink Carpet',NULL),(20,'171:7',4,22.00,NULL,'Серый ковер','Gray Carpet',NULL),(21,'5:0',64,2.00,NULL,'Дубовые доски','Oak Wood Planks',NULL),(22,'5:2',64,3.00,NULL,'Березовые доски','Birch Wood Planks',NULL),(23,'5:1',64,4.00,NULL,'Сосновые доски','Spruce Wood Planks',NULL),(24,'276',1,500.00,NULL,'Алмазный меч','Diamond Sword',NULL),(25,'276',1,466.00,NULL,'Алмазный меч','Diamond Sword',NULL),(26,'276',1,990.00,NULL,'Алмазный меч','Diamond Sword',NULL),(46,'30',64,999.00,NULL,'Паутина','Cobweb',NULL),(47,'30',64,999.00,NULL,'Паутина','Cobweb',NULL);
/*!40000 ALTER TABLE `item` ENABLE KEYS */;
UNLOCK TABLES;

--
-- Table structure for table `item1`
--

DROP TABLE IF EXISTS `item1`;
/*!40101 SET @saved_cs_client     = @@character_set_client */;
/*!40101 SET character_set_client = utf8 */;
CREATE TABLE `item1` (
  `id` int(10) NOT NULL AUTO_INCREMENT,
  `material` varchar(15) NOT NULL,
  `amount` int(10) NOT NULL,
  `price` decimal(8,2) NOT NULL,
  `name` varchar(50) DEFAULT NULL,
  `titleRu` varchar(50) DEFAULT NULL,
  `titleEn` varchar(50) DEFAULT NULL,
  `imageUrl` mediumtext,
  PRIMARY KEY (`id`)
) ENGINE=InnoDB AUTO_INCREMENT=468 DEFAULT CHARSET=utf8;
/*!40101 SET character_set_client = @saved_cs_client */;

--
-- Dumping data for table `item1`
--

LOCK TABLES `item1` WRITE;
/*!40000 ALTER TABLE `item1` DISABLE KEYS */;
INSERT INTO `item1` VALUES (1,'1',1,1.00,NULL,NULL,NULL,NULL),(2,'101',1,1.00,NULL,NULL,NULL,NULL),(3,'102',1,1.00,NULL,NULL,NULL,NULL),(4,'103',1,1.00,NULL,NULL,NULL,NULL),(5,'106',1,1.00,NULL,NULL,NULL,NULL),(6,'107',1,1.00,NULL,NULL,NULL,NULL),(7,'108',1,1.00,NULL,NULL,NULL,NULL),(8,'109',1,1.00,NULL,NULL,NULL,NULL),(9,'110',1,1.00,NULL,NULL,NULL,NULL),(10,'111',1,1.00,NULL,NULL,NULL,NULL),(11,'112',1,1.00,NULL,NULL,NULL,NULL),(12,'113',1,1.00,NULL,NULL,NULL,NULL),(13,'114',1,1.00,NULL,NULL,NULL,NULL),(14,'116',1,1.00,NULL,NULL,NULL,NULL),(15,'12',1,1.00,NULL,NULL,NULL,NULL),(16,'121',1,1.00,NULL,NULL,NULL,NULL),(17,'122',1,1.00,NULL,NULL,NULL,NULL),(18,'123',1,1.00,NULL,NULL,NULL,NULL),(19,'126:0',1,1.00,NULL,NULL,NULL,NULL),(20,'126:1',1,1.00,NULL,NULL,NULL,NULL),(21,'126:2',1,1.00,NULL,NULL,NULL,NULL),(22,'126:3',1,1.00,NULL,NULL,NULL,NULL),(23,'128',1,1.00,NULL,NULL,NULL,NULL),(24,'129',1,1.00,NULL,NULL,NULL,NULL),(25,'13',1,1.00,NULL,NULL,NULL,NULL),(26,'130',1,1.00,NULL,NULL,NULL,NULL),(27,'131',1,1.00,NULL,NULL,NULL,NULL),(28,'133',1,1.00,NULL,NULL,NULL,NULL),(29,'134',1,1.00,NULL,NULL,NULL,NULL),(30,'135',1,1.00,NULL,NULL,NULL,NULL),(31,'136',1,1.00,NULL,NULL,NULL,NULL),(32,'138',1,1.00,NULL,NULL,NULL,NULL),(33,'139:0',1,1.00,NULL,NULL,NULL,NULL),(34,'139:1',1,1.00,NULL,NULL,NULL,NULL),(35,'14',1,1.00,NULL,NULL,NULL,NULL),(36,'143',1,1.00,NULL,NULL,NULL,NULL),(37,'145',1,1.00,NULL,NULL,NULL,NULL),(38,'146',1,1.00,NULL,NULL,NULL,NULL),(39,'147',1,1.00,NULL,NULL,NULL,NULL),(40,'148',1,1.00,NULL,NULL,NULL,NULL),(41,'15',1,1.00,NULL,NULL,NULL,NULL),(42,'151',1,1.00,NULL,NULL,NULL,NULL),(43,'152',1,1.00,NULL,NULL,NULL,NULL),(44,'153',1,1.00,NULL,NULL,NULL,NULL),(45,'154',1,1.00,NULL,NULL,NULL,NULL),(46,'155:0',1,1.00,NULL,NULL,NULL,NULL),(47,'155:1',1,1.00,NULL,NULL,NULL,NULL),(48,'155:2',1,1.00,NULL,NULL,NULL,NULL),(49,'156',1,1.00,NULL,NULL,NULL,NULL),(50,'157',1,1.00,NULL,NULL,NULL,NULL),(51,'158',1,1.00,NULL,NULL,NULL,NULL),(52,'159:0',1,1.00,NULL,NULL,NULL,NULL),(53,'159:1',1,1.00,NULL,NULL,NULL,NULL),(54,'159:10',1,1.00,NULL,NULL,NULL,NULL),(55,'159:11',1,1.00,NULL,NULL,NULL,NULL),(56,'159:12',1,1.00,NULL,NULL,NULL,NULL),(57,'159:13',1,1.00,NULL,NULL,NULL,NULL),(58,'159:14',1,1.00,NULL,NULL,NULL,NULL),(59,'159:15',1,1.00,NULL,NULL,NULL,NULL),(60,'159:2',1,1.00,NULL,NULL,NULL,NULL),(61,'159:3',1,1.00,NULL,NULL,NULL,NULL),(62,'159:4',1,1.00,NULL,NULL,NULL,NULL),(63,'159:5',1,1.00,NULL,NULL,NULL,NULL),(64,'159:6',1,1.00,NULL,NULL,NULL,NULL),(65,'159:7',1,1.00,NULL,NULL,NULL,NULL),(66,'159:8',1,1.00,NULL,NULL,NULL,NULL),(67,'159:9',1,1.00,NULL,NULL,NULL,NULL),(68,'16',1,1.00,NULL,NULL,NULL,NULL),(69,'170',1,1.00,NULL,NULL,NULL,NULL),(70,'171:0',1,1.00,NULL,NULL,NULL,NULL),(71,'171:1',1,1.00,NULL,NULL,NULL,NULL),(72,'171:10',1,1.00,NULL,NULL,NULL,NULL),(73,'171:11',1,1.00,NULL,NULL,NULL,NULL),(74,'171:12',1,1.00,NULL,NULL,NULL,NULL),(75,'171:13',1,1.00,NULL,NULL,NULL,NULL),(76,'171:14',1,1.00,NULL,NULL,NULL,NULL),(77,'171:15',1,1.00,NULL,NULL,NULL,NULL),(78,'171:2',1,1.00,NULL,NULL,NULL,NULL),(79,'171:3',1,1.00,NULL,NULL,NULL,NULL),(80,'171:4',1,1.00,NULL,NULL,NULL,NULL),(81,'171:5',1,1.00,NULL,NULL,NULL,NULL),(82,'171:6',1,1.00,NULL,NULL,NULL,NULL),(83,'171:7',1,1.00,NULL,NULL,NULL,NULL),(84,'171:8',1,1.00,NULL,NULL,NULL,NULL),(85,'171:9',1,1.00,NULL,NULL,NULL,NULL),(86,'172',1,1.00,NULL,NULL,NULL,NULL),(87,'173',1,1.00,NULL,NULL,NULL,NULL),(88,'17:0',1,1.00,NULL,NULL,NULL,NULL),(89,'17:1',1,1.00,NULL,NULL,NULL,NULL),(90,'17:2',1,1.00,NULL,NULL,NULL,NULL),(91,'17:3',1,1.00,NULL,NULL,NULL,NULL),(92,'18:0',1,1.00,NULL,NULL,NULL,NULL),(93,'18:1',1,1.00,NULL,NULL,NULL,NULL),(94,'18:2',1,1.00,NULL,NULL,NULL,NULL),(95,'18:3',1,1.00,NULL,NULL,NULL,NULL),(96,'2',1,1.00,NULL,NULL,NULL,NULL),(97,'20',1,1.00,NULL,NULL,NULL,NULL),(98,'21',1,1.00,NULL,NULL,NULL,NULL),(99,'22',1,1.00,NULL,NULL,NULL,NULL),(100,'2256',1,1.00,NULL,NULL,NULL,NULL),(101,'2257',1,1.00,NULL,NULL,NULL,NULL),(102,'2258',1,1.00,NULL,NULL,NULL,NULL),(103,'2259',1,1.00,NULL,NULL,NULL,NULL),(104,'2260',1,1.00,NULL,NULL,NULL,NULL),(105,'2261',1,1.00,NULL,NULL,NULL,NULL),(106,'2262',1,1.00,NULL,NULL,NULL,NULL),(107,'2263',1,1.00,NULL,NULL,NULL,NULL),(108,'2264',1,1.00,NULL,NULL,NULL,NULL),(109,'2265',1,1.00,NULL,NULL,NULL,NULL),(110,'2266',1,1.00,NULL,NULL,NULL,NULL),(111,'2267',1,1.00,NULL,NULL,NULL,NULL),(112,'23',1,1.00,NULL,NULL,NULL,NULL),(113,'24:0',1,1.00,NULL,NULL,NULL,NULL),(114,'24:1',1,1.00,NULL,NULL,NULL,NULL),(115,'24:2',1,1.00,NULL,NULL,NULL,NULL),(116,'25',1,1.00,NULL,NULL,NULL,NULL),(117,'256',1,1.00,NULL,NULL,NULL,NULL),(118,'257',1,1.00,NULL,NULL,NULL,NULL),(119,'258',1,1.00,NULL,NULL,NULL,NULL),(120,'259',1,1.00,NULL,NULL,NULL,NULL),(121,'260',1,1.00,NULL,NULL,NULL,NULL),(122,'261',1,1.00,NULL,NULL,NULL,NULL),(123,'262',1,1.00,NULL,NULL,NULL,NULL),(124,'263:0',1,1.00,NULL,NULL,NULL,NULL),(125,'263:1',1,1.00,NULL,NULL,NULL,NULL),(126,'264',1,1.00,NULL,NULL,NULL,NULL),(127,'265',1,1.00,NULL,NULL,NULL,NULL),(128,'266',1,1.00,NULL,NULL,NULL,NULL),(129,'267',1,1.00,NULL,NULL,NULL,NULL),(130,'268',1,1.00,NULL,NULL,NULL,NULL),(131,'269',1,1.00,NULL,NULL,NULL,NULL),(132,'27',1,1.00,NULL,NULL,NULL,NULL),(133,'270',1,1.00,NULL,NULL,NULL,NULL),(134,'271',1,1.00,NULL,NULL,NULL,NULL),(135,'272',1,1.00,NULL,NULL,NULL,NULL),(136,'273',1,1.00,NULL,NULL,NULL,NULL),(137,'274',1,1.00,NULL,NULL,NULL,NULL),(138,'275',1,1.00,NULL,NULL,NULL,NULL),(139,'276',1,1.00,NULL,NULL,NULL,NULL),(140,'277',1,1.00,NULL,NULL,NULL,NULL),(141,'278',1,1.00,NULL,NULL,NULL,NULL),(142,'279',1,1.00,NULL,NULL,NULL,NULL),(143,'28',1,1.00,NULL,NULL,NULL,NULL),(144,'280',1,1.00,NULL,NULL,NULL,NULL),(145,'281',1,1.00,NULL,NULL,NULL,NULL),(146,'282',1,1.00,NULL,NULL,NULL,NULL),(147,'283',1,1.00,NULL,NULL,NULL,NULL),(148,'284',1,1.00,NULL,NULL,NULL,NULL),(149,'285',1,1.00,NULL,NULL,NULL,NULL),(150,'286',1,1.00,NULL,NULL,NULL,NULL),(151,'287',1,1.00,NULL,NULL,NULL,NULL),(152,'288',1,1.00,NULL,NULL,NULL,NULL),(153,'289',1,1.00,NULL,NULL,NULL,NULL),(154,'29',1,1.00,NULL,NULL,NULL,NULL),(155,'290',1,1.00,NULL,NULL,NULL,NULL),(156,'291',1,1.00,NULL,NULL,NULL,NULL),(157,'292',1,1.00,NULL,NULL,NULL,NULL),(158,'293',1,1.00,NULL,NULL,NULL,NULL),(159,'294',1,1.00,NULL,NULL,NULL,NULL),(160,'295',1,1.00,NULL,NULL,NULL,NULL),(161,'296',1,1.00,NULL,NULL,NULL,NULL),(162,'297',1,1.00,NULL,NULL,NULL,NULL),(163,'298',1,1.00,NULL,NULL,NULL,NULL),(164,'299',1,1.00,NULL,NULL,NULL,NULL),(165,'3',1,1.00,NULL,NULL,NULL,NULL),(166,'30',1,1.00,NULL,NULL,NULL,NULL),(167,'300',1,1.00,NULL,NULL,NULL,NULL),(168,'301',1,1.00,NULL,NULL,NULL,NULL),(169,'302',1,1.00,NULL,NULL,NULL,NULL),(170,'303',1,1.00,NULL,NULL,NULL,NULL),(171,'304',1,1.00,NULL,NULL,NULL,NULL),(172,'305',1,1.00,NULL,NULL,NULL,NULL),(173,'306',1,1.00,NULL,NULL,NULL,NULL),(174,'307',1,1.00,NULL,NULL,NULL,NULL),(175,'308',1,1.00,NULL,NULL,NULL,NULL),(176,'309',1,1.00,NULL,NULL,NULL,NULL),(177,'310',1,1.00,NULL,NULL,NULL,NULL),(178,'311',1,1.00,NULL,NULL,NULL,NULL),(179,'312',1,1.00,NULL,NULL,NULL,NULL),(180,'313',1,1.00,NULL,NULL,NULL,NULL),(181,'314',1,1.00,NULL,NULL,NULL,NULL),(182,'315',1,1.00,NULL,NULL,NULL,NULL),(183,'316',1,1.00,NULL,NULL,NULL,NULL),(184,'317',1,1.00,NULL,NULL,NULL,NULL),(185,'318',1,1.00,NULL,NULL,NULL,NULL),(186,'319',1,1.00,NULL,NULL,NULL,NULL),(187,'31:1',1,1.00,NULL,NULL,NULL,NULL),(188,'31:2',1,1.00,NULL,NULL,NULL,NULL),(189,'32',1,1.00,NULL,NULL,NULL,NULL),(190,'320',1,1.00,NULL,NULL,NULL,NULL),(191,'321',1,1.00,NULL,NULL,NULL,NULL),(192,'322:0',1,1.00,NULL,NULL,NULL,NULL),(193,'322:1',1,1.00,NULL,NULL,NULL,NULL),(194,'323',1,1.00,NULL,NULL,NULL,NULL),(195,'324',1,1.00,NULL,NULL,NULL,NULL),(196,'325',1,1.00,NULL,NULL,NULL,NULL),(197,'326',1,1.00,NULL,NULL,NULL,NULL),(198,'327',1,1.00,NULL,NULL,NULL,NULL),(199,'328',1,1.00,NULL,NULL,NULL,NULL),(200,'329',1,1.00,NULL,NULL,NULL,NULL),(201,'33',1,1.00,NULL,NULL,NULL,NULL),(202,'330',1,1.00,NULL,NULL,NULL,NULL),(203,'331',1,1.00,NULL,NULL,NULL,NULL),(204,'332',1,1.00,NULL,NULL,NULL,NULL),(205,'333',1,1.00,NULL,NULL,NULL,NULL),(206,'334',1,1.00,NULL,NULL,NULL,NULL),(207,'335',1,1.00,NULL,NULL,NULL,NULL),(208,'336',1,1.00,NULL,NULL,NULL,NULL),(209,'337',1,1.00,NULL,NULL,NULL,NULL),(210,'338',1,1.00,NULL,NULL,NULL,NULL),(211,'339',1,1.00,NULL,NULL,NULL,NULL),(212,'340',1,1.00,NULL,NULL,NULL,NULL),(213,'341',1,1.00,NULL,NULL,NULL,NULL),(214,'342',1,1.00,NULL,NULL,NULL,NULL),(215,'343',1,1.00,NULL,NULL,NULL,NULL),(216,'344',1,1.00,NULL,NULL,NULL,NULL),(217,'345',1,1.00,NULL,NULL,NULL,NULL),(218,'346',1,1.00,NULL,NULL,NULL,NULL),(219,'347',1,1.00,NULL,NULL,NULL,NULL),(220,'348',1,1.00,NULL,NULL,NULL,NULL),(221,'349',1,1.00,NULL,NULL,NULL,NULL),(222,'350',1,1.00,NULL,NULL,NULL,NULL),(223,'351:0',1,1.00,NULL,NULL,NULL,NULL),(224,'351:1',1,1.00,NULL,NULL,NULL,NULL),(225,'351:10',1,1.00,NULL,NULL,NULL,NULL),(226,'351:11',1,1.00,NULL,NULL,NULL,NULL),(227,'351:12',1,1.00,NULL,NULL,NULL,NULL),(228,'351:13',1,1.00,NULL,NULL,NULL,NULL),(229,'351:14',1,1.00,NULL,NULL,NULL,NULL),(230,'351:15',1,1.00,NULL,NULL,NULL,NULL),(231,'351:2',1,1.00,NULL,NULL,NULL,NULL),(232,'351:3',1,1.00,NULL,NULL,NULL,NULL),(233,'351:4',1,1.00,NULL,NULL,NULL,NULL),(234,'351:5',1,1.00,NULL,NULL,NULL,NULL),(235,'351:6',1,1.00,NULL,NULL,NULL,NULL),(236,'351:7',1,1.00,NULL,NULL,NULL,NULL),(237,'351:8',1,1.00,NULL,NULL,NULL,NULL),(238,'351:9',1,1.00,NULL,NULL,NULL,NULL),(239,'352',1,1.00,NULL,NULL,NULL,NULL),(240,'353',1,1.00,NULL,NULL,NULL,NULL),(241,'354',1,1.00,NULL,NULL,NULL,NULL),(242,'355',1,1.00,NULL,NULL,NULL,NULL),(243,'356',1,1.00,NULL,NULL,NULL,NULL),(244,'357',1,1.00,NULL,NULL,NULL,NULL),(245,'359',1,1.00,NULL,NULL,NULL,NULL),(246,'35:0',1,1.00,NULL,NULL,NULL,NULL),(247,'35:1',1,1.00,NULL,NULL,NULL,NULL),(248,'35:10',1,1.00,NULL,NULL,NULL,NULL),(249,'35:11',1,1.00,NULL,NULL,NULL,NULL),(250,'35:12',1,1.00,NULL,NULL,NULL,NULL),(251,'35:13',1,1.00,NULL,NULL,NULL,NULL),(252,'35:14',1,1.00,NULL,NULL,NULL,NULL),(253,'35:15',1,1.00,NULL,NULL,NULL,NULL),(254,'35:2',1,1.00,NULL,NULL,NULL,NULL),(255,'35:3',1,1.00,NULL,NULL,NULL,NULL),(256,'35:4',1,1.00,NULL,NULL,NULL,NULL),(257,'35:5',1,1.00,NULL,NULL,NULL,NULL),(258,'35:6',1,1.00,NULL,NULL,NULL,NULL),(259,'35:7',1,1.00,NULL,NULL,NULL,NULL),(260,'35:8',1,1.00,NULL,NULL,NULL,NULL),(261,'35:9',1,1.00,NULL,NULL,NULL,NULL),(262,'360',1,1.00,NULL,NULL,NULL,NULL),(263,'361',1,1.00,NULL,NULL,NULL,NULL),(264,'362',1,1.00,NULL,NULL,NULL,NULL),(265,'363',1,1.00,NULL,NULL,NULL,NULL),(266,'364',1,1.00,NULL,NULL,NULL,NULL),(267,'365',1,1.00,NULL,NULL,NULL,NULL),(268,'366',1,1.00,NULL,NULL,NULL,NULL),(269,'367',1,1.00,NULL,NULL,NULL,NULL),(270,'368',1,1.00,NULL,NULL,NULL,NULL),(271,'369',1,1.00,NULL,NULL,NULL,NULL),(272,'37',1,1.00,NULL,NULL,NULL,NULL),(273,'370',1,1.00,NULL,NULL,NULL,NULL),(274,'371',1,1.00,NULL,NULL,NULL,NULL),(275,'372',1,1.00,NULL,NULL,NULL,NULL),(276,'373:0',1,1.00,NULL,NULL,NULL,NULL),(277,'373:16',1,1.00,NULL,NULL,NULL,NULL),(278,'373:16384',1,1.00,NULL,NULL,NULL,NULL),(279,'373:16385',1,1.00,NULL,NULL,NULL,NULL),(280,'373:16386',1,1.00,NULL,NULL,NULL,NULL),(281,'373:16387',1,1.00,NULL,NULL,NULL,NULL),(282,'373:16388',1,1.00,NULL,NULL,NULL,NULL),(283,'373:16389',1,1.00,NULL,NULL,NULL,NULL),(284,'373:16390',1,1.00,NULL,NULL,NULL,NULL),(285,'373:16392',1,1.00,NULL,NULL,NULL,NULL),(286,'373:16393',1,1.00,NULL,NULL,NULL,NULL),(287,'373:16394',1,1.00,NULL,NULL,NULL,NULL),(288,'373:16396',1,1.00,NULL,NULL,NULL,NULL),(289,'373:16398',1,1.00,NULL,NULL,NULL,NULL),(290,'373:16417',1,1.00,NULL,NULL,NULL,NULL),(291,'373:16418',1,1.00,NULL,NULL,NULL,NULL),(292,'373:16420',1,1.00,NULL,NULL,NULL,NULL),(293,'373:16421',1,1.00,NULL,NULL,NULL,NULL),(294,'373:16425',1,1.00,NULL,NULL,NULL,NULL),(295,'373:16428',1,1.00,NULL,NULL,NULL,NULL),(296,'373:16449',1,1.00,NULL,NULL,NULL,NULL),(297,'373:16450',1,1.00,NULL,NULL,NULL,NULL),(298,'373:16451',1,1.00,NULL,NULL,NULL,NULL),(299,'373:16452',1,1.00,NULL,NULL,NULL,NULL),(300,'373:16454',1,1.00,NULL,NULL,NULL,NULL),(301,'373:16456',1,1.00,NULL,NULL,NULL,NULL),(302,'373:16457',1,1.00,NULL,NULL,NULL,NULL),(303,'373:16458',1,1.00,NULL,NULL,NULL,NULL),(304,'373:16462',1,1.00,NULL,NULL,NULL,NULL),(305,'373:16481',1,1.00,NULL,NULL,NULL,NULL),(306,'373:16482',1,1.00,NULL,NULL,NULL,NULL),(307,'373:16484',1,1.00,NULL,NULL,NULL,NULL),(308,'373:16489',1,1.00,NULL,NULL,NULL,NULL),(309,'373:32',1,1.00,NULL,NULL,NULL,NULL),(310,'373:64',1,1.00,NULL,NULL,NULL,NULL),(311,'373:8192',1,1.00,NULL,NULL,NULL,NULL),(312,'373:8193',1,1.00,NULL,NULL,NULL,NULL),(313,'373:8194',1,1.00,NULL,NULL,NULL,NULL),(314,'373:8195',1,1.00,NULL,NULL,NULL,NULL),(315,'373:8196',1,1.00,NULL,NULL,NULL,NULL),(316,'373:8197',1,1.00,NULL,NULL,NULL,NULL),(317,'373:8198',1,1.00,NULL,NULL,NULL,NULL),(318,'373:8200',1,1.00,NULL,NULL,NULL,NULL),(319,'373:8201',1,1.00,NULL,NULL,NULL,NULL),(320,'373:8202',1,1.00,NULL,NULL,NULL,NULL),(321,'373:8204',1,1.00,NULL,NULL,NULL,NULL),(322,'373:8206',1,1.00,NULL,NULL,NULL,NULL),(323,'373:8225',1,1.00,NULL,NULL,NULL,NULL),(324,'373:8226',1,1.00,NULL,NULL,NULL,NULL),(325,'373:8228',1,1.00,NULL,NULL,NULL,NULL),(326,'373:8229',1,1.00,NULL,NULL,NULL,NULL),(327,'373:8233',1,1.00,NULL,NULL,NULL,NULL),(328,'373:8236',1,1.00,NULL,NULL,NULL,NULL),(329,'373:8257',1,1.00,NULL,NULL,NULL,NULL),(330,'373:8258',1,1.00,NULL,NULL,NULL,NULL),(331,'373:8259',1,1.00,NULL,NULL,NULL,NULL),(332,'373:8260',1,1.00,NULL,NULL,NULL,NULL),(333,'373:8262',1,1.00,NULL,NULL,NULL,NULL),(334,'373:8264',1,1.00,NULL,NULL,NULL,NULL),(335,'373:8265',1,1.00,NULL,NULL,NULL,NULL),(336,'373:8266',1,1.00,NULL,NULL,NULL,NULL),(337,'373:8270',1,1.00,NULL,NULL,NULL,NULL),(338,'373:8289',1,1.00,NULL,NULL,NULL,NULL),(339,'373:8290',1,1.00,NULL,NULL,NULL,NULL),(340,'373:8292',1,1.00,NULL,NULL,NULL,NULL),(341,'373:8297',1,1.00,NULL,NULL,NULL,NULL),(342,'374',1,1.00,NULL,NULL,NULL,NULL),(343,'375',1,1.00,NULL,NULL,NULL,NULL),(344,'376',1,1.00,NULL,NULL,NULL,NULL),(345,'377',1,1.00,NULL,NULL,NULL,NULL),(346,'378',1,1.00,NULL,NULL,NULL,NULL),(347,'379',1,1.00,NULL,NULL,NULL,NULL),(348,'38',1,1.00,NULL,NULL,NULL,NULL),(349,'380',1,1.00,NULL,NULL,NULL,NULL),(350,'381',1,1.00,NULL,NULL,NULL,NULL),(351,'382',1,1.00,NULL,NULL,NULL,NULL),(352,'383:100',1,1.00,NULL,NULL,NULL,NULL),(353,'383:120',1,1.00,NULL,NULL,NULL,NULL),(354,'383:50',1,1.00,NULL,NULL,NULL,NULL),(355,'383:51',1,1.00,NULL,NULL,NULL,NULL),(356,'383:52',1,1.00,NULL,NULL,NULL,NULL),(357,'383:54',1,1.00,NULL,NULL,NULL,NULL),(358,'383:55',1,1.00,NULL,NULL,NULL,NULL),(359,'383:56',1,1.00,NULL,NULL,NULL,NULL),(360,'383:57',1,1.00,NULL,NULL,NULL,NULL),(361,'383:58',1,1.00,NULL,NULL,NULL,NULL),(362,'383:59',1,1.00,NULL,NULL,NULL,NULL),(363,'383:60',1,1.00,NULL,NULL,NULL,NULL),(364,'383:61',1,1.00,NULL,NULL,NULL,NULL),(365,'383:62',1,1.00,NULL,NULL,NULL,NULL),(366,'383:65',1,1.00,NULL,NULL,NULL,NULL),(367,'383:66',1,1.00,NULL,NULL,NULL,NULL),(368,'383:90',1,1.00,NULL,NULL,NULL,NULL),(369,'383:91',1,1.00,NULL,NULL,NULL,NULL),(370,'383:92',1,1.00,NULL,NULL,NULL,NULL),(371,'383:93',1,1.00,NULL,NULL,NULL,NULL),(372,'383:94',1,1.00,NULL,NULL,NULL,NULL),(373,'383:95',1,1.00,NULL,NULL,NULL,NULL),(374,'383:96',1,1.00,NULL,NULL,NULL,NULL),(375,'383:98',1,1.00,NULL,NULL,NULL,NULL),(376,'384',1,1.00,NULL,NULL,NULL,NULL),(377,'385',1,1.00,NULL,NULL,NULL,NULL),(378,'386',1,1.00,NULL,NULL,NULL,NULL),(379,'387',1,1.00,NULL,NULL,NULL,NULL),(380,'388',1,1.00,NULL,NULL,NULL,NULL),(381,'389',1,1.00,NULL,NULL,NULL,NULL),(382,'39',1,1.00,NULL,NULL,NULL,NULL),(383,'390',1,1.00,NULL,NULL,NULL,NULL),(384,'391',1,1.00,NULL,NULL,NULL,NULL),(385,'392',1,1.00,NULL,NULL,NULL,NULL),(386,'393',1,1.00,NULL,NULL,NULL,NULL),(387,'394',1,1.00,NULL,NULL,NULL,NULL),(388,'395',1,1.00,NULL,NULL,NULL,NULL),(389,'396',1,1.00,NULL,NULL,NULL,NULL),(390,'397:0',1,1.00,NULL,NULL,NULL,NULL),(391,'397:1',1,1.00,NULL,NULL,NULL,NULL),(392,'397:2',1,1.00,NULL,NULL,NULL,NULL),(393,'397:3',1,1.00,NULL,NULL,NULL,NULL),(394,'397:4',1,1.00,NULL,NULL,NULL,NULL),(395,'398',1,1.00,NULL,NULL,NULL,NULL),(396,'399',1,1.00,NULL,NULL,NULL,NULL),(397,'4',1,1.00,NULL,NULL,NULL,NULL),(398,'40',1,1.00,NULL,NULL,NULL,NULL),(399,'400',1,1.00,NULL,NULL,NULL,NULL),(400,'401',1,1.00,NULL,NULL,NULL,NULL),(401,'403',1,1.00,NULL,NULL,NULL,NULL),(402,'404',1,1.00,NULL,NULL,NULL,NULL),(403,'405',1,1.00,NULL,NULL,NULL,NULL),(404,'406',1,1.00,NULL,NULL,NULL,NULL),(405,'407',1,1.00,NULL,NULL,NULL,NULL),(406,'408',1,1.00,NULL,NULL,NULL,NULL),(407,'41',1,1.00,NULL,NULL,NULL,NULL),(408,'417',1,1.00,NULL,NULL,NULL,NULL),(409,'418',1,1.00,NULL,NULL,NULL,NULL),(410,'419',1,1.00,NULL,NULL,NULL,NULL),(411,'42',1,1.00,NULL,NULL,NULL,NULL),(412,'420',1,1.00,NULL,NULL,NULL,NULL),(413,'421',1,1.00,NULL,NULL,NULL,NULL),(414,'44:0',1,1.00,NULL,NULL,NULL,NULL),(415,'44:1',1,1.00,NULL,NULL,NULL,NULL),(416,'44:3',1,1.00,NULL,NULL,NULL,NULL),(417,'44:4',1,1.00,NULL,NULL,NULL,NULL),(418,'44:5',1,1.00,NULL,NULL,NULL,NULL),(419,'44:6',1,1.00,NULL,NULL,NULL,NULL),(420,'44:7',1,1.00,NULL,NULL,NULL,NULL),(421,'45',1,1.00,NULL,NULL,NULL,NULL),(422,'46',1,1.00,NULL,NULL,NULL,NULL),(423,'47',1,1.00,NULL,NULL,NULL,NULL),(424,'48',1,1.00,NULL,NULL,NULL,NULL),(425,'49',1,1.00,NULL,NULL,NULL,NULL),(426,'50',1,1.00,NULL,NULL,NULL,NULL),(427,'53',1,1.00,NULL,NULL,NULL,NULL),(428,'54',1,1.00,NULL,NULL,NULL,NULL),(429,'56',1,1.00,NULL,NULL,NULL,NULL),(430,'57',1,1.00,NULL,NULL,NULL,NULL),(431,'58',1,1.00,NULL,NULL,NULL,NULL),(432,'5:0',1,1.00,NULL,NULL,NULL,NULL),(433,'5:1',1,1.00,NULL,NULL,NULL,NULL),(434,'5:2',1,1.00,NULL,NULL,NULL,NULL),(435,'5:3',1,1.00,NULL,NULL,NULL,NULL),(436,'61',1,1.00,NULL,NULL,NULL,NULL),(437,'65',1,1.00,NULL,NULL,NULL,NULL),(438,'66',1,1.00,NULL,NULL,NULL,NULL),(439,'67',1,1.00,NULL,NULL,NULL,NULL),(440,'69',1,1.00,NULL,NULL,NULL,NULL),(441,'6:0',1,1.00,NULL,NULL,NULL,NULL),(442,'6:1',1,1.00,NULL,NULL,NULL,NULL),(443,'6:2',1,1.00,NULL,NULL,NULL,NULL),(444,'6:3',1,1.00,NULL,NULL,NULL,NULL),(445,'7',1,1.00,NULL,NULL,NULL,NULL),(446,'70',1,1.00,NULL,NULL,NULL,NULL),(447,'72',1,1.00,NULL,NULL,NULL,NULL),(448,'73',1,1.00,NULL,NULL,NULL,NULL),(449,'76',1,1.00,NULL,NULL,NULL,NULL),(450,'77',1,1.00,NULL,NULL,NULL,NULL),(451,'78',1,1.00,NULL,NULL,NULL,NULL),(452,'79',1,1.00,NULL,NULL,NULL,NULL),(453,'80',1,1.00,NULL,NULL,NULL,NULL),(454,'81',1,1.00,NULL,NULL,NULL,NULL),(455,'82',1,1.00,NULL,NULL,NULL,NULL),(456,'84',1,1.00,NULL,NULL,NULL,NULL),(457,'85',1,1.00,NULL,NULL,NULL,NULL),(458,'86',1,1.00,NULL,NULL,NULL,NULL),(459,'87',1,1.00,NULL,NULL,NULL,NULL),(460,'88',1,1.00,NULL,NULL,NULL,NULL),(461,'89',1,1.00,NULL,NULL,NULL,NULL),(462,'91',1,1.00,NULL,NULL,NULL,NULL),(463,'96',1,1.00,NULL,NULL,NULL,NULL),(464,'98:0',1,1.00,NULL,NULL,NULL,NULL),(465,'98:1',1,1.00,NULL,NULL,NULL,NULL),(466,'98:2',1,1.00,NULL,NULL,NULL,NULL),(467,'98:3',1,1.00,NULL,NULL,NULL,NULL);
/*!40000 ALTER TABLE `item1` ENABLE KEYS */;
UNLOCK TABLES;

--
-- Table structure for table `item_enchantment`
--

DROP TABLE IF EXISTS `item_enchantment`;
/*!40101 SET @saved_cs_client     = @@character_set_client */;
/*!40101 SET character_set_client = utf8 */;
CREATE TABLE `item_enchantment` (
  `itemId` int(10) NOT NULL,
  `enchantmentId` varchar(45) NOT NULL,
  `level` int(3) NOT NULL,
  `order` int(3) DEFAULT NULL,
  PRIMARY KEY (`itemId`,`enchantmentId`),
  KEY `item_enchantment_id_idx` (`enchantmentId`),
  KEY `item_id` (`itemId`),
  CONSTRAINT `item_enchantment_id` FOREIGN KEY (`enchantmentId`) REFERENCES `bukkit_enchantment` (`id`) ON DELETE NO ACTION ON UPDATE NO ACTION,
  CONSTRAINT `item_id` FOREIGN KEY (`itemId`) REFERENCES `item` (`id`) ON DELETE CASCADE
) ENGINE=InnoDB DEFAULT CHARSET=utf8;
/*!40101 SET character_set_client = @saved_cs_client */;

--
-- Dumping data for table `item_enchantment`
--

LOCK TABLES `item_enchantment` WRITE;
/*!40000 ALTER TABLE `item_enchantment` DISABLE KEYS */;
INSERT INTO `item_enchantment` VALUES (10,'16',20,0),(10,'19',13,1),(24,'16',100,0),(24,'18',27,1),(25,'19',100,0),(26,'18',50,0);
/*!40000 ALTER TABLE `item_enchantment` ENABLE KEYS */;
UNLOCK TABLES;

--
-- Table structure for table `item_tag`
--

DROP TABLE IF EXISTS `item_tag`;
/*!40101 SET @saved_cs_client     = @@character_set_client */;
/*!40101 SET character_set_client = utf8 */;
CREATE TABLE `item_tag` (
  `itemId` int(11) NOT NULL,
  `tagId` int(11) NOT NULL,
  `updatedAt` timestamp NOT NULL DEFAULT CURRENT_TIMESTAMP ON UPDATE CURRENT_TIMESTAMP,
  PRIMARY KEY (`itemId`,`tagId`),
  KEY `f_item_tag_item_idx` (`itemId`),
  KEY `f_item_tag_tag_idx` (`tagId`),
  CONSTRAINT `f_item_tag_item` FOREIGN KEY (`itemId`) REFERENCES `item` (`id`) ON DELETE CASCADE,
  CONSTRAINT `f_item_tag_tag` FOREIGN KEY (`tagId`) REFERENCES `tag` (`id`) ON DELETE CASCADE
) ENGINE=InnoDB DEFAULT CHARSET=utf8 COMMENT='теги предмета';
/*!40101 SET character_set_client = @saved_cs_client */;

--
-- Dumping data for table `item_tag`
--

LOCK TABLES `item_tag` WRITE;
/*!40000 ALTER TABLE `item_tag` DISABLE KEYS */;
INSERT INTO `item_tag` VALUES (21,3,'2013-09-16 16:01:00'),(22,3,'2013-09-16 16:01:00'),(22,1001,'2013-09-16 18:08:33'),(23,3,'2013-09-16 16:01:00');
/*!40000 ALTER TABLE `item_tag` ENABLE KEYS */;
UNLOCK TABLES;

--
-- Table structure for table `message`
--

DROP TABLE IF EXISTS `message`;
/*!40101 SET @saved_cs_client     = @@character_set_client */;
/*!40101 SET character_set_client = utf8 */;
CREATE TABLE `message` (
  `id` int(11) NOT NULL AUTO_INCREMENT,
  `playerId` int(11) NOT NULL,
  `content` mediumtext NOT NULL,
  `createdAt` timestamp NOT NULL DEFAULT CURRENT_TIMESTAMP,
  PRIMARY KEY (`id`)
) ENGINE=InnoDB AUTO_INCREMENT=12 DEFAULT CHARSET=utf8;
/*!40101 SET character_set_client = @saved_cs_client */;

--
-- Dumping data for table `message`
--

LOCK TABLES `message` WRITE;
/*!40000 ALTER TABLE `message` DISABLE KEYS */;
INSERT INTO `message` VALUES (1,2,'sdfdsf','2013-09-05 09:51:29'),(2,2,'выавыавыавыа','2013-09-05 09:51:56'),(3,2,'выавыавыа выавыа выа выа выа','2013-09-05 10:08:18'),(4,2,'sfsdf','2013-09-05 11:11:37'),(5,2,'dsfsdfdsf','2013-09-05 11:11:43'),(6,2,'sdfdsfdsfdsf','2013-09-05 11:11:48'),(7,2,'dsfdsfdsf','2013-09-05 11:11:51'),(8,2,'dsfdsfdsf','2013-09-05 11:11:55'),(9,2,'dsfdsf','2013-09-05 11:11:59'),(10,2,'dsfsdfdsf','2013-09-07 06:50:41'),(11,2,'Когда всё будет готово? :3','2013-09-24 14:18:32');
/*!40000 ALTER TABLE `message` ENABLE KEYS */;
UNLOCK TABLES;

--
-- Table structure for table `payment_gateway`
--

DROP TABLE IF EXISTS `payment_gateway`;
/*!40101 SET @saved_cs_client     = @@character_set_client */;
/*!40101 SET character_set_client = utf8 */;
CREATE TABLE `payment_gateway` (
  `id` int(11) NOT NULL AUTO_INCREMENT,
  `name` varchar(45) NOT NULL,
  `titleRu` varchar(255) NOT NULL,
  `titleEn` varchar(255) NOT NULL,
  `config` mediumtext NOT NULL,
  `enabledAt` timestamp NULL DEFAULT NULL,
  PRIMARY KEY (`id`)
) ENGINE=InnoDB AUTO_INCREMENT=2 DEFAULT CHARSET=utf8;
/*!40101 SET character_set_client = @saved_cs_client */;

--
-- Dumping data for table `payment_gateway`
--

LOCK TABLES `payment_gateway` WRITE;
/*!40000 ALTER TABLE `payment_gateway` DISABLE KEYS */;
INSERT INTO `payment_gateway` VALUES (1,'robokassa','Робокасса','Robokassa','{}','2013-08-23 17:26:03');
/*!40000 ALTER TABLE `payment_gateway` ENABLE KEYS */;
UNLOCK TABLES;

--
-- Table structure for table `pex_entity`
--

DROP TABLE IF EXISTS `pex_entity`;
/*!40101 SET @saved_cs_client     = @@character_set_client */;
/*!40101 SET character_set_client = utf8 */;
CREATE TABLE `pex_entity` (
  `id` int(11) NOT NULL AUTO_INCREMENT,
  `name` varchar(50) NOT NULL,
  `type` tinyint(1) NOT NULL,
  `prefix` varchar(255) NOT NULL,
  `suffix` varchar(255) NOT NULL,
  `default` tinyint(1) NOT NULL DEFAULT '0',
  PRIMARY KEY (`id`),
  UNIQUE KEY `name` (`name`),
  KEY `default` (`default`)
) ENGINE=InnoDB AUTO_INCREMENT=4 DEFAULT CHARSET=utf8;
/*!40101 SET character_set_client = @saved_cs_client */;

--
-- Dumping data for table `pex_entity`
--

LOCK TABLES `pex_entity` WRITE;
/*!40000 ALTER TABLE `pex_entity` DISABLE KEYS */;
INSERT INTO `pex_entity` VALUES (1,'admins',0,'','',0),(2,'players',0,'','',1),(3,'tehfreak',1,'&2[dev]&e ','&9:',0);
/*!40000 ALTER TABLE `pex_entity` ENABLE KEYS */;
UNLOCK TABLES;

--
-- Table structure for table `pex_inheritance`
--

DROP TABLE IF EXISTS `pex_inheritance`;
/*!40101 SET @saved_cs_client     = @@character_set_client */;
/*!40101 SET character_set_client = utf8 */;
CREATE TABLE `pex_inheritance` (
  `id` int(11) NOT NULL AUTO_INCREMENT,
  `child` varchar(50) NOT NULL,
  `parent` varchar(50) NOT NULL,
  `type` tinyint(1) NOT NULL,
  `world` varchar(50) DEFAULT NULL,
  PRIMARY KEY (`id`),
  UNIQUE KEY `child` (`child`,`parent`,`type`,`world`),
  KEY `child_2` (`child`,`type`),
  KEY `parent` (`parent`,`type`)
) ENGINE=InnoDB AUTO_INCREMENT=3 DEFAULT CHARSET=utf8;
/*!40101 SET character_set_client = @saved_cs_client */;

--
-- Dumping data for table `pex_inheritance`
--

LOCK TABLES `pex_inheritance` WRITE;
/*!40000 ALTER TABLE `pex_inheritance` DISABLE KEYS */;
INSERT INTO `pex_inheritance` VALUES (1,'tehfreak','admins',1,NULL),(2,'tehfreak','players',1,NULL);
/*!40000 ALTER TABLE `pex_inheritance` ENABLE KEYS */;
UNLOCK TABLES;

--
-- Table structure for table `player`
--

DROP TABLE IF EXISTS `player`;
/*!40101 SET @saved_cs_client     = @@character_set_client */;
/*!40101 SET character_set_client = utf8 */;
CREATE TABLE `player` (
  `id` int(10) NOT NULL AUTO_INCREMENT,
  `name` varchar(50) NOT NULL,
  `pass` varchar(40) NOT NULL,
  `email` varchar(40) NOT NULL,
  `phone` varchar(15) DEFAULT NULL,
  `createdAt` timestamp NOT NULL DEFAULT CURRENT_TIMESTAMP,
  `enabledAt` timestamp NULL DEFAULT NULL,
  PRIMARY KEY (`id`),
  UNIQUE KEY `player_identity` (`name`),
  UNIQUE KEY `player_credentials` (`name`,`pass`)
) ENGINE=InnoDB AUTO_INCREMENT=3 DEFAULT CHARSET=utf8;
/*!40101 SET character_set_client = @saved_cs_client */;

--
-- Dumping data for table `player`
--

LOCK TABLES `player` WRITE;
/*!40000 ALTER TABLE `player` DISABLE KEYS */;
INSERT INTO `player` VALUES (1,'freekode','5baa61e4c9b93f3f0682250b6cf8331b7ee68fd8','allmail.pop@gmail.com','+79115','0000-00-00 00:00:00','2013-10-21 12:08:10'),(2,'tehfreak','5baa61e4c9b93f3f0682250b6cf8331b7ee68fd8','iam','112','0000-00-00 00:00:00','2013-09-06 23:06:32');
/*!40000 ALTER TABLE `player` ENABLE KEYS */;
UNLOCK TABLES;

--
-- Table structure for table `player_balance`
--

DROP TABLE IF EXISTS `player_balance`;
/*!40101 SET @saved_cs_client     = @@character_set_client */;
/*!40101 SET character_set_client = utf8 */;
CREATE TABLE `player_balance` (
  `playerId` int(10) NOT NULL,
  `amount` decimal(8,2) NOT NULL DEFAULT '0.00',
  `updatedAt` timestamp NOT NULL DEFAULT CURRENT_TIMESTAMP ON UPDATE CURRENT_TIMESTAMP,
  PRIMARY KEY (`playerId`)
) ENGINE=InnoDB DEFAULT CHARSET=utf8;
/*!40101 SET character_set_client = @saved_cs_client */;

--
-- Dumping data for table `player_balance`
--

LOCK TABLES `player_balance` WRITE;
/*!40000 ALTER TABLE `player_balance` DISABLE KEYS */;
INSERT INTO `player_balance` VALUES (1,0.00,'2013-08-22 00:29:32'),(2,989839.76,'2013-10-13 12:12:13'),(3,0.00,'2013-09-23 16:43:02'),(4,0.00,'2013-10-10 21:13:25'),(5,0.00,'2013-10-11 13:15:04'),(6,0.00,'2013-10-11 13:17:40'),(7,0.00,'2013-10-15 17:03:41'),(39,0.00,'2013-09-15 20:06:32'),(40,0.00,'2013-09-15 20:07:34'),(41,0.00,'2013-09-15 21:06:39');
/*!40000 ALTER TABLE `player_balance` ENABLE KEYS */;
UNLOCK TABLES;

--
-- Table structure for table `player_balance_debug`
--

DROP TABLE IF EXISTS `player_balance_debug`;
/*!40101 SET @saved_cs_client     = @@character_set_client */;
/*!40101 SET character_set_client = utf8 */;
CREATE TABLE `player_balance_debug` (
  `playerId` int(11) NOT NULL,
  `amount` decimal(8,2) NOT NULL DEFAULT '0.00',
  PRIMARY KEY (`playerId`)
) ENGINE=InnoDB DEFAULT CHARSET=utf8;
/*!40101 SET character_set_client = @saved_cs_client */;

--
-- Dumping data for table `player_balance_debug`
--

LOCK TABLES `player_balance_debug` WRITE;
/*!40000 ALTER TABLE `player_balance_debug` DISABLE KEYS */;
INSERT INTO `player_balance_debug` VALUES (2,100243.66);
/*!40000 ALTER TABLE `player_balance_debug` ENABLE KEYS */;
UNLOCK TABLES;

--
-- Table structure for table `player_item`
--

DROP TABLE IF EXISTS `player_item`;
/*!40101 SET @saved_cs_client     = @@character_set_client */;
/*!40101 SET character_set_client = utf8 */;
CREATE TABLE `player_item` (
  `id` int(10) NOT NULL AUTO_INCREMENT,
  `serverId` int(10) NOT NULL,
  `playerId` int(10) NOT NULL,
  `material` varchar(15) NOT NULL COMMENT 'Ссылка на айтем, который может иметь установленные в магазине чары',
  `amount` int(5) NOT NULL,
  `name` varchar(45) DEFAULT NULL COMMENT 'имя предмета в игре',
  `titleRu` varchar(45) NOT NULL,
  `titleEn` varchar(45) NOT NULL,
  `imageUrl` varchar(45) DEFAULT NULL,
  `createdAt` timestamp NOT NULL DEFAULT CURRENT_TIMESTAMP ON UPDATE CURRENT_TIMESTAMP,
  PRIMARY KEY (`id`),
  KEY `item_player_id` (`playerId`),
  KEY `item_server_id` (`serverId`),
  KEY `item_material_id` (`material`),
  CONSTRAINT `item_material_id` FOREIGN KEY (`material`) REFERENCES `bukkit_material` (`id`) ON UPDATE CASCADE,
  CONSTRAINT `item_player_id` FOREIGN KEY (`playerId`) REFERENCES `player` (`id`)
) ENGINE=InnoDB AUTO_INCREMENT=267 DEFAULT CHARSET=utf8 COMMENT='Предметы Игрока для Сервера';
/*!40101 SET character_set_client = @saved_cs_client */;

--
-- Dumping data for table `player_item`
--

LOCK TABLES `player_item` WRITE;
/*!40000 ALTER TABLE `player_item` DISABLE KEYS */;
INSERT INTO `player_item` VALUES (105,6,2,'1',1,NULL,'Камень','Stone',NULL,'2013-08-31 01:35:55'),(106,6,2,'276',1,NULL,'Алмазный меч','Diamond Sword',NULL,'2013-08-31 01:35:55'),(108,6,2,'276',1,NULL,'Алмазный меч','Diamond Sword',NULL,'2013-08-31 01:35:55'),(109,6,2,'5:2',1,NULL,'Березовые доски','Birch Wood Planks',NULL,'2013-08-31 01:35:55'),(110,6,2,'5:2',1,NULL,'Березовые доски','Birch Wood Planks',NULL,'2013-08-31 01:35:55'),(111,7,2,'171:5',1,NULL,'Лаймовый ковер','Lime Carpet',NULL,'2013-08-31 01:35:55'),(112,5,2,'276',1,NULL,'Алмазный меч','Diamond Sword',NULL,'2013-08-31 01:35:55'),(113,6,2,'171:0',1,NULL,'Белый ковер','White Carpet',NULL,'2013-08-31 01:35:55'),(114,6,2,'276',1,NULL,'Алмазный меч','Diamond Sword',NULL,'2013-08-31 01:35:55'),(115,5,2,'171:0',1,NULL,'Белый ковер','White Carpet',NULL,'2013-08-31 01:35:55'),(116,5,2,'1',1,NULL,'Камень','Stone',NULL,'2013-08-31 01:35:55'),(117,5,2,'5:2',1,NULL,'Березовые доски','Birch Wood Planks',NULL,'2013-08-31 01:35:55'),(118,5,2,'5:2',1,NULL,'Березовые доски','Birch Wood Planks',NULL,'2013-08-31 01:35:55'),(119,5,2,'5:2',1,NULL,'Березовые доски','Birch Wood Planks',NULL,'2013-08-31 01:35:55'),(120,5,2,'5:2',1,NULL,'Березовые доски','Birch Wood Planks',NULL,'2013-08-31 01:35:55'),(121,5,2,'5:2',1,NULL,'Березовые доски','Birch Wood Planks',NULL,'2013-08-31 01:35:55'),(122,5,2,'5:2',1,NULL,'Березовые доски','Birch Wood Planks',NULL,'2013-08-31 01:35:55'),(123,5,2,'5:2',1,NULL,'Березовые доски','Birch Wood Planks',NULL,'2013-08-31 01:35:55'),(124,5,2,'5:2',1,NULL,'Березовые доски','Birch Wood Planks',NULL,'2013-08-31 01:35:55'),(125,5,2,'5:2',1,NULL,'Березовые доски','Birch Wood Planks',NULL,'2013-08-31 01:35:55'),(126,5,2,'12',1,NULL,'Песок','Sand',NULL,'2013-08-31 01:35:55'),(127,5,2,'276',1,NULL,'Алмазный меч','Diamond Sword',NULL,'2013-08-31 01:35:55'),(128,5,2,'1',1,NULL,'Камень','Stone',NULL,'2013-08-31 01:35:55'),(129,5,2,'1',1,NULL,'Камень','Stone',NULL,'2013-08-31 01:35:55'),(130,5,2,'1',1,NULL,'Камень','Stone',NULL,'2013-08-31 01:35:55'),(131,5,2,'12',1,NULL,'Песок','Sand',NULL,'2013-08-31 01:35:55'),(132,5,2,'12',1,NULL,'Песок','Sand',NULL,'2013-08-31 01:35:55'),(133,5,2,'12',1,NULL,'Песок','Sand',NULL,'2013-08-31 01:35:55'),(134,5,2,'12',1,NULL,'Песок','Sand',NULL,'2013-08-31 01:35:55'),(135,5,2,'12',1,NULL,'Песок','Sand',NULL,'2013-08-31 01:35:55'),(136,5,2,'12',1,NULL,'Песок','Sand',NULL,'2013-08-31 01:35:55'),(137,5,2,'1',1,NULL,'Камень','Stone',NULL,'2013-08-31 01:35:55'),(138,5,2,'1',1,NULL,'Камень','Stone',NULL,'2013-08-31 01:35:55'),(139,5,2,'12',1,NULL,'Песок','Sand',NULL,'2013-08-31 01:35:55'),(140,5,2,'276',1,NULL,'Алмазный меч','Diamond Sword',NULL,'2013-08-31 01:35:55'),(141,5,2,'12',1,NULL,'Песок','Sand',NULL,'2013-08-31 01:35:55'),(142,5,2,'1',1,NULL,'Камень','Stone',NULL,'2013-08-31 01:35:55'),(143,5,2,'12',1,NULL,'Песок','Sand',NULL,'2013-08-31 01:35:55'),(144,5,2,'1',1,NULL,'Камень','Stone',NULL,'2013-08-31 01:35:55'),(145,5,2,'12',1,NULL,'Песок','Sand',NULL,'2013-08-31 01:35:55'),(146,5,2,'12',1,NULL,'Песок','Sand',NULL,'2013-08-31 01:35:55'),(147,5,2,'171:0',1,NULL,'Белый ковер','White Carpet',NULL,'2013-08-31 01:35:55'),(148,5,2,'12',1,NULL,'Песок','Sand',NULL,'2013-08-31 01:35:55'),(149,5,2,'276',1,NULL,'Алмазный меч','Diamond Sword',NULL,'2013-08-31 01:35:55'),(150,5,2,'12',1,NULL,'Песок','Sand',NULL,'2013-08-31 01:35:55'),(151,5,2,'1',1,NULL,'Камень','Stone',NULL,'2013-08-31 01:35:55'),(152,5,2,'1',1,NULL,'Камень','Stone',NULL,'2013-08-31 01:35:55'),(153,5,2,'12',1,NULL,'Песок','Sand',NULL,'2013-08-31 01:35:55'),(154,5,2,'171:0',1,NULL,'Белый ковер','White Carpet',NULL,'2013-08-31 01:35:55'),(155,5,2,'171:0',1,NULL,'Белый ковер','White Carpet',NULL,'2013-08-31 01:35:55'),(156,5,2,'1',1,NULL,'Камень','Stone',NULL,'2013-08-31 01:35:55'),(157,5,2,'1',1,NULL,'Камень','Stone',NULL,'2013-08-31 01:35:55'),(158,5,2,'1',1,NULL,'Камень','Stone',NULL,'2013-08-31 01:35:55'),(159,5,2,'1',1,NULL,'Камень','Stone',NULL,'2013-08-31 01:35:55'),(160,5,2,'1',1,NULL,'Камень','Stone',NULL,'2013-08-31 01:35:55'),(161,5,2,'12',1,NULL,'Песок','Sand',NULL,'2013-08-31 01:35:55'),(162,5,2,'276',1,NULL,'Алмазный меч','Diamond Sword',NULL,'2013-08-31 01:35:55'),(163,5,2,'171:0',1,NULL,'Белый ковер','White Carpet',NULL,'2013-08-31 01:35:55'),(164,5,2,'12',1,NULL,'Песок','Sand',NULL,'2013-08-31 01:35:55'),(165,5,2,'1',1,NULL,'Камень','Stone',NULL,'2013-08-31 01:35:55'),(166,5,2,'276',1,NULL,'Алмазный меч','Diamond Sword',NULL,'2013-08-31 01:35:55'),(167,5,2,'276',1,NULL,'Алмазный меч','Diamond Sword',NULL,'2013-08-31 01:35:55'),(168,5,2,'171:0',1,NULL,'Белый ковер','White Carpet',NULL,'2013-08-31 01:35:55'),(169,5,2,'171:6',1,NULL,'Светло-зеленый ковер','Pink Carpet',NULL,'2013-08-31 01:35:55'),(170,5,2,'5:1',1,NULL,'Сосновые доски','Spruce Wood Planks',NULL,'2013-08-31 01:35:55'),(171,5,2,'276',1,NULL,'Алмазный меч','Diamond Sword',NULL,'2013-08-31 01:35:55'),(172,5,2,'276',1,NULL,'Алмазный меч','Diamond Sword',NULL,'2013-08-31 01:35:55'),(173,5,2,'276',1,NULL,'Алмазный меч','Diamond Sword',NULL,'2013-08-31 01:35:55'),(174,5,2,'171:0',32,NULL,'Белый ковер','White Carpet',NULL,'2013-08-31 01:35:55'),(175,5,2,'171:1',32,NULL,'Оранжевый ковер','Orange Carpet',NULL,'2013-08-31 01:35:55'),(176,5,2,'171:2',32,NULL,'Сиреневый ковер','Magenta Carpet',NULL,'2013-08-31 01:35:55'),(177,6,2,'171:0',32,NULL,'Белый ковер','White Carpet',NULL,'2013-08-31 01:35:55'),(178,7,2,'122',1,NULL,'Яйцо дракона','Dragon Egg',NULL,'2013-08-31 01:35:55'),(179,6,2,'171:5',8,NULL,'Лаймовый ковер','Lime Carpet',NULL,'2013-08-31 01:35:55'),(180,6,2,'171:6',16,NULL,'Светло-зеленый ковер','Pink Carpet',NULL,'2013-08-31 01:35:55'),(181,6,2,'171:0',32,NULL,'Белый ковер','White Carpet',NULL,'2013-08-31 01:35:55'),(182,6,2,'5:0',64,NULL,'Дубовые доски','Oak Wood Planks',NULL,'2013-08-31 01:35:55'),(183,6,2,'5:1',64,NULL,'Сосновые доски','Spruce Wood Planks',NULL,'2013-08-31 01:35:55'),(184,5,2,'1',64,NULL,'Камень','Stone',NULL,'2013-08-31 01:35:55'),(185,5,2,'1',64,NULL,'Камень','Stone',NULL,'2013-08-31 01:35:55'),(186,5,2,'276',1,NULL,'Алмазный меч','Diamond Sword',NULL,'2013-08-31 01:35:55'),(187,5,2,'276',1,NULL,'Алмазный меч','Diamond Sword',NULL,'2013-08-31 01:35:55'),(188,7,2,'171:2',32,NULL,'Сиреневый ковер','Magenta Carpet',NULL,'2013-08-31 01:35:55'),(189,5,2,'12',64,NULL,'Песок','Sand',NULL,'2013-08-31 01:35:55'),(190,5,2,'276',1,NULL,'Алмазный меч','Diamond Sword',NULL,'2013-08-31 01:35:55'),(191,5,2,'171:0',32,NULL,'Белый ковер','White Carpet',NULL,'2013-08-31 01:35:55'),(192,5,2,'171:2',32,NULL,'Сиреневый ковер','Magenta Carpet',NULL,'2013-08-31 01:35:55'),(193,5,2,'171:3',32,NULL,'Светло-синий ковер','Light Blue Carpet',NULL,'2013-08-31 01:35:55'),(194,5,2,'276',1,NULL,'Алмазный меч','Diamond Sword',NULL,'2013-08-31 01:35:55'),(195,5,2,'276',1,NULL,'Алмазный меч','Diamond Sword',NULL,'2013-08-31 01:35:55'),(196,6,2,'276',1,NULL,'Алмазный меч','Diamond Sword',NULL,'2013-08-31 01:35:55'),(197,6,2,'171:1',32,NULL,'Оранжевый ковер','Orange Carpet',NULL,'2013-08-31 01:35:55'),(198,6,2,'276',1,NULL,'Алмазный меч','Diamond Sword',NULL,'2013-08-31 01:35:55'),(199,5,2,'276',1,NULL,'Алмазный меч','Diamond Sword',NULL,'2013-08-31 01:35:55'),(200,5,2,'12',64,NULL,'Песок','Sand',NULL,'2013-08-31 01:35:55'),(201,5,2,'276',1,NULL,'Алмазный меч','Diamond Sword',NULL,'2013-08-31 01:35:55'),(202,5,2,'276',1,NULL,'Алмазный меч','Diamond Sword',NULL,'2013-08-31 01:35:55'),(203,5,2,'276',1,NULL,'Алмазный меч','Diamond Sword',NULL,'2013-08-31 01:35:55'),(204,5,2,'171:2',32,NULL,'Сиреневый ковер','Magenta Carpet',NULL,'2013-08-31 01:35:55'),(205,5,2,'276',1,NULL,'Алмазный меч','Diamond Sword',NULL,'2013-08-31 01:35:55'),(206,5,2,'12',64,NULL,'Песок','Sand',NULL,'2013-08-31 01:35:55'),(207,5,2,'1',64,NULL,'Камень','Stone',NULL,'2013-08-31 01:35:55'),(208,5,2,'171:1',32,NULL,'Оранжевый ковер','Orange Carpet',NULL,'2013-08-31 01:35:55'),(209,5,2,'171:3',32,NULL,'Светло-синий ковер','Light Blue Carpet',NULL,'2013-08-31 01:35:55'),(210,5,2,'171:3',32,NULL,'Светло-синий ковер','Light Blue Carpet',NULL,'2013-08-31 01:35:55'),(211,5,2,'171:3',32,NULL,'Светло-синий ковер','Light Blue Carpet',NULL,'2013-08-31 01:35:55'),(212,5,2,'171:0',32,NULL,'Белый ковер','White Carpet',NULL,'2013-08-31 01:35:55'),(213,5,2,'276',1,NULL,'Алмазный меч','Diamond Sword',NULL,'2013-08-31 01:35:55'),(214,5,2,'12',64,NULL,'Песок','Sand',NULL,'2013-08-31 01:35:55'),(215,5,2,'1',64,NULL,'Камень','Stone',NULL,'2013-08-31 01:35:55'),(216,5,2,'171:1',32,NULL,'Оранжевый ковер','Orange Carpet',NULL,'2013-08-31 01:35:55'),(217,5,2,'171:3',32,NULL,'Светло-синий ковер','Light Blue Carpet',NULL,'2013-08-31 01:35:55'),(218,5,2,'171:4',32,NULL,'Желтый ковер','Yellow Carpet',NULL,'2013-08-31 01:35:55'),(219,5,2,'276',1,NULL,'Алмазный меч','Diamond Sword',NULL,'2013-08-31 01:35:55'),(220,5,2,'276',1,NULL,'Алмазный меч','Diamond Sword',NULL,'2013-08-31 01:57:19'),(221,7,2,'276',1,NULL,'Алмазный меч','Diamond Sword',NULL,'2013-08-31 01:58:17'),(222,5,2,'171:7',4,NULL,'Серый ковер','Gray Carpet',NULL,'2013-08-31 02:00:48'),(223,5,2,'12',64,NULL,'Песок','Sand',NULL,'2013-08-31 02:02:17'),(224,5,2,'12',64,NULL,'Песок','Sand',NULL,'2013-08-31 02:06:18'),(225,5,2,'276',1,NULL,'Алмазный меч','Diamond Sword',NULL,'2013-08-31 02:11:07'),(226,5,2,'171:6',16,NULL,'Светло-зеленый ковер','Pink Carpet',NULL,'2013-08-31 02:15:43'),(227,5,2,'171:6',16,NULL,'Светло-зеленый ковер','Pink Carpet',NULL,'2013-08-31 02:15:52'),(228,5,2,'5:0',64,NULL,'Дубовые доски','Oak Wood Planks',NULL,'2013-08-31 02:25:47'),(229,6,2,'276',1,NULL,'Алмазный меч','Diamond Sword',NULL,'2013-08-31 02:52:39'),(230,5,2,'1',64,NULL,'Камень','Stone',NULL,'2013-08-31 14:47:08'),(231,5,2,'5:1',64,NULL,'Сосновые доски','Spruce Wood Planks',NULL,'2013-08-31 14:47:14'),(232,5,2,'276',1,NULL,'Алмазный меч','Diamond Sword',NULL,'2013-09-02 08:13:57'),(233,5,2,'1',64,NULL,'Камень','Stone',NULL,'2013-09-03 16:54:34'),(234,5,2,'5:0',64,NULL,'Дубовые доски','Oak Wood Planks',NULL,'2013-09-03 16:54:48'),(235,5,2,'5:0',64,NULL,'Дубовые доски','Oak Wood Planks',NULL,'2013-09-03 18:08:22'),(236,6,2,'276',1,NULL,'Алмазный меч','Diamond Sword',NULL,'2013-09-03 18:47:31'),(237,5,2,'1',64,NULL,'Камень','Stone',NULL,'2013-09-05 10:22:24'),(238,5,2,'276',1,NULL,'Алмазный меч','Diamond Sword',NULL,'2013-09-05 10:23:17'),(239,6,2,'1',64,NULL,'Камень','Stone',NULL,'2013-09-05 10:34:28'),(240,6,2,'12',64,NULL,'Песок','Sand',NULL,'2013-09-05 10:34:33'),(241,5,2,'1',64,NULL,'Камень','Stone',NULL,'2013-09-05 11:42:08'),(242,5,2,'276',1,NULL,'Алмазный меч','Diamond Sword',NULL,'2013-09-05 11:42:26'),(243,5,2,'12',64,NULL,'Песок','Sand',NULL,'2013-09-05 11:42:34'),(244,5,2,'276',1,NULL,'Алмазный меч','Diamond Sword',NULL,'2013-09-06 22:53:56'),(245,7,2,'171:4',32,NULL,'Желтый ковер','Yellow Carpet',NULL,'2013-09-07 17:17:09'),(246,7,2,'171:3',32,NULL,'Светло-синий ковер','Light Blue Carpet',NULL,'2013-09-07 17:17:13'),(247,7,2,'171:0',32,NULL,'Белый ковер','White Carpet',NULL,'2013-09-07 17:17:47'),(248,5,2,'12',64,NULL,'Песок','Sand',NULL,'2013-09-08 06:11:23'),(249,5,2,'1',64,NULL,'Камень','Stone',NULL,'2013-09-09 04:40:05'),(250,5,2,'276',1,NULL,'Алмазный меч','Diamond Sword',NULL,'2013-09-09 04:40:37'),(251,5,2,'1',64,NULL,'Камень','Stone',NULL,'2013-09-09 04:43:21'),(252,5,2,'171:5',8,NULL,'Лаймовый ковер','Lime Carpet',NULL,'2013-09-09 04:43:31'),(253,7,2,'122',1,NULL,'Яйцо дракона','Dragon Egg',NULL,'2013-09-13 18:47:34'),(254,5,2,'1',64,NULL,'Камень','Stone',NULL,'2013-09-16 16:30:47'),(255,5,2,'1',64,NULL,'Камень','Stone',NULL,'2013-09-16 16:34:42'),(256,5,2,'5:2',64,NULL,'Березовые доски','Birch Wood Planks',NULL,'2013-09-16 16:34:48'),(257,5,2,'276',1,NULL,'Алмазный меч','Diamond Sword',NULL,'2013-09-16 16:35:01'),(258,7,2,'122',1,NULL,'Яйцо дракона','Dragon Egg',NULL,'2013-09-16 16:46:44'),(259,7,2,'171:5',8,NULL,'Лаймовый ковер','Lime Carpet',NULL,'2013-09-16 16:46:49'),(260,7,2,'276',1,NULL,'Алмазный меч','Diamond Sword',NULL,'2013-09-16 16:47:00'),(261,6,2,'5:0',64,NULL,'Дубовые доски','Oak Wood Planks',NULL,'2013-09-16 17:14:38'),(262,5,2,'5:0',64,NULL,'Дубовые доски','Oak Wood Planks',NULL,'2013-09-16 20:23:28'),(263,6,2,'1',64,NULL,'Камень','Stone',NULL,'2013-09-19 16:07:03'),(264,5,2,'276',1,NULL,'Алмазный меч','Diamond Sword',NULL,'2013-09-28 08:52:24'),(265,6,2,'1',64,NULL,'Камень','Stone',NULL,'2013-10-08 21:12:42'),(266,5,2,'5:0',64,NULL,'Дубовые доски','Oak Wood Planks',NULL,'2013-10-13 12:12:13');
/*!40000 ALTER TABLE `player_item` ENABLE KEYS */;
UNLOCK TABLES;

--
-- Table structure for table `player_item_enchantment`
--

DROP TABLE IF EXISTS `player_item_enchantment`;
/*!40101 SET @saved_cs_client     = @@character_set_client */;
/*!40101 SET character_set_client = utf8 */;
CREATE TABLE `player_item_enchantment` (
  `itemId` int(10) NOT NULL,
  `enchantmentId` varchar(45) NOT NULL,
  `level` int(3) NOT NULL,
  `order` int(3) DEFAULT NULL,
  PRIMARY KEY (`itemId`,`enchantmentId`),
  KEY `player_item_id` (`itemId`),
  KEY `player_item_enchantment_id` (`enchantmentId`),
  CONSTRAINT `player_item_enchantment_id` FOREIGN KEY (`enchantmentId`) REFERENCES `bukkit_enchantment` (`id`),
  CONSTRAINT `player_item_id` FOREIGN KEY (`itemId`) REFERENCES `player_item` (`id`) ON DELETE CASCADE
) ENGINE=InnoDB DEFAULT CHARSET=utf8;
/*!40101 SET character_set_client = @saved_cs_client */;

--
-- Dumping data for table `player_item_enchantment`
--

LOCK TABLES `player_item_enchantment` WRITE;
/*!40000 ALTER TABLE `player_item_enchantment` DISABLE KEYS */;
INSERT INTO `player_item_enchantment` VALUES (106,'18',62,NULL),(106,'19',120,NULL),(108,'19',100,0),(108,'20',88,1),(108,'48',71,2),(108,'49',54,3),(108,'50',23,4),(112,'16',127,0),(112,'18',127,1),(112,'19',127,2),(114,'16',79,0),(114,'19',55,1),(127,'16',20,0),(127,'19',13,1),(140,'16',20,0),(140,'19',13,1),(149,'16',20,0),(149,'19',13,1),(162,'16',20,0),(162,'19',13,1),(166,'16',20,0),(166,'19',13,1),(167,'16',20,0),(167,'19',13,1),(171,'16',20,0),(171,'19',13,1),(172,'16',88,0),(172,'19',68,1),(172,'32',37,2),(172,'48',33,3),(173,'16',20,0),(173,'19',13,1),(186,'16',104,0),(186,'19',52,1),(186,'32',37,2),(187,'16',20,0),(187,'19',36,1),(190,'16',20,0),(190,'19',13,1),(194,'16',20,0),(194,'19',13,1),(195,'16',20,0),(195,'19',13,1),(196,'16',20,0),(196,'19',13,1),(196,'49',12,2),(198,'16',20,0),(198,'19',13,1),(199,'16',20,0),(199,'19',13,1),(201,'16',20,0),(201,'19',13,1),(202,'16',20,0),(202,'19',13,1),(203,'16',20,0),(203,'19',13,1),(205,'16',20,0),(205,'19',13,1),(213,'16',20,0),(213,'19',13,1),(219,'16',20,0),(219,'19',13,1),(220,'16',81,0),(220,'19',77,1),(221,'17',42,1),(221,'18',50,0),(221,'21',60,2),(221,'35',56,5),(221,'49',56,4),(221,'5',61,3),(221,'50',52,6),(225,'16',40,0),(225,'19',29,1),(229,'16',60,0),(229,'19',59,1),(232,'16',20,0),(232,'19',13,1),(236,'1',127,2),(236,'16',127,0),(236,'19',127,1),(238,'1',10,2),(238,'16',20,0),(238,'19',13,1),(238,'33',15,4),(238,'34',5,3),(242,'16',127,0),(242,'19',13,1),(244,'16',20,0),(244,'19',13,1),(250,'16',68,0),(250,'19',13,1),(250,'35',49,2),(257,'16',127,0),(257,'18',27,1),(260,'18',81,0),(260,'19',5,1),(260,'21',15,2),(264,'16',127,0),(264,'19',127,1);
/*!40000 ALTER TABLE `player_item_enchantment` ENABLE KEYS */;
UNLOCK TABLES;

--
-- Table structure for table `player_order`
--

DROP TABLE IF EXISTS `player_order`;
/*!40101 SET @saved_cs_client     = @@character_set_client */;
/*!40101 SET character_set_client = utf8 */;
CREATE TABLE `player_order` (
  `id` int(10) NOT NULL AUTO_INCREMENT,
  `playerId` int(10) NOT NULL,
  `createdAt` timestamp NOT NULL DEFAULT CURRENT_TIMESTAMP,
  `closedAt` timestamp NULL DEFAULT NULL,
  PRIMARY KEY (`id`),
  KEY `order_player_id` (`playerId`),
  CONSTRAINT `order_player_id` FOREIGN KEY (`playerId`) REFERENCES `player` (`id`) ON DELETE CASCADE ON UPDATE CASCADE
) ENGINE=InnoDB AUTO_INCREMENT=2 DEFAULT CHARSET=utf8;
/*!40101 SET character_set_client = @saved_cs_client */;

--
-- Dumping data for table `player_order`
--

LOCK TABLES `player_order` WRITE;
/*!40000 ALTER TABLE `player_order` DISABLE KEYS */;
INSERT INTO `player_order` VALUES (1,1,'2013-08-24 15:15:49',NULL);
/*!40000 ALTER TABLE `player_order` ENABLE KEYS */;
UNLOCK TABLES;

--
-- Table structure for table `player_order_items`
--

DROP TABLE IF EXISTS `player_order_items`;
/*!40101 SET @saved_cs_client     = @@character_set_client */;
/*!40101 SET character_set_client = utf8 */;
CREATE TABLE `player_order_items` (
  `id` int(10) NOT NULL AUTO_INCREMENT,
  `orderId` int(10) NOT NULL,
  `itemId` int(10) NOT NULL,
  PRIMARY KEY (`id`),
  KEY `order_id` (`orderId`),
  KEY `order_item_id` (`itemId`),
  CONSTRAINT `order_id` FOREIGN KEY (`orderId`) REFERENCES `player_order` (`id`) ON DELETE CASCADE ON UPDATE CASCADE,
  CONSTRAINT `order_item_id` FOREIGN KEY (`itemId`) REFERENCES `item` (`id`) ON DELETE CASCADE ON UPDATE CASCADE
) ENGINE=InnoDB DEFAULT CHARSET=utf8;
/*!40101 SET character_set_client = @saved_cs_client */;

--
-- Dumping data for table `player_order_items`
--

LOCK TABLES `player_order_items` WRITE;
/*!40000 ALTER TABLE `player_order_items` DISABLE KEYS */;
/*!40000 ALTER TABLE `player_order_items` ENABLE KEYS */;
UNLOCK TABLES;

--
-- Table structure for table `player_payment`
--

DROP TABLE IF EXISTS `player_payment`;
/*!40101 SET @saved_cs_client     = @@character_set_client */;
/*!40101 SET character_set_client = utf8 */;
CREATE TABLE `player_payment` (
  `id` int(10) NOT NULL AUTO_INCREMENT,
  `playerId` int(10) NOT NULL,
  `amount` int(10) NOT NULL,
  `status` enum('pending','success','failure') DEFAULT 'pending',
  `createdAt` timestamp NOT NULL DEFAULT CURRENT_TIMESTAMP,
  `closedAt` timestamp NULL DEFAULT NULL,
  PRIMARY KEY (`id`),
  KEY `player_payment_player_id` (`playerId`),
  CONSTRAINT `player_payment_player` FOREIGN KEY (`playerId`) REFERENCES `player` (`id`) ON DELETE CASCADE ON UPDATE CASCADE
) ENGINE=InnoDB AUTO_INCREMENT=40 DEFAULT CHARSET=utf8;
/*!40101 SET character_set_client = @saved_cs_client */;

--
-- Dumping data for table `player_payment`
--

LOCK TABLES `player_payment` WRITE;
/*!40000 ALTER TABLE `player_payment` DISABLE KEYS */;
INSERT INTO `player_payment` VALUES (1,2,324324,'pending','2013-08-22 01:44:11',NULL),(2,2,45789,'success','2013-08-22 03:37:29','2013-08-24 05:14:35'),(3,2,456789,'success','2013-08-22 03:38:30','2013-08-24 05:13:35'),(4,2,456456456,'success','2013-08-22 03:39:34','2013-08-24 05:03:32'),(6,2,100500,'success','2013-08-24 08:44:41','2013-08-24 08:49:44'),(7,2,100500,'success','2013-08-24 08:50:18','2013-08-24 08:50:21'),(8,2,54545645,'success','2013-08-24 08:52:07','2013-08-24 08:52:11'),(9,2,151,'success','2013-08-24 10:33:43','2013-08-24 10:33:53'),(10,2,400,'success','2013-08-24 10:34:29','2013-08-24 10:34:32'),(11,2,100500,'success','2013-08-24 16:38:07','2013-08-24 21:38:49'),(12,2,100,'success','2013-08-24 17:30:29','2013-08-25 16:56:12'),(13,2,900,'success','2013-08-24 17:31:15','2013-08-26 01:03:13'),(14,2,50,'success','2013-08-24 19:30:35','2013-08-26 01:03:01'),(15,2,100500,'success','2013-08-26 00:52:50','2013-08-26 00:54:27'),(16,2,444,'success','2013-08-26 01:06:26','2013-08-26 01:14:07'),(17,2,324324,'success','2013-08-26 18:40:52','2013-08-26 18:40:58'),(18,2,30,'success','2013-08-26 19:05:13','2013-08-26 19:05:18'),(19,2,202020,'success','2013-08-26 19:05:32','2013-09-08 20:06:56'),(20,2,100500,'failure','2013-08-26 19:06:01',NULL),(21,2,9000,'pending','2013-08-26 19:18:44',NULL),(22,2,1111,'success','2013-09-03 18:15:15','2013-09-05 11:19:59'),(23,2,54545,'success','2013-09-05 10:42:23','2013-09-05 11:19:52'),(24,2,0,'success','2013-09-05 10:42:56','2013-09-05 11:19:46'),(25,2,678,'success','2013-09-05 10:43:32','2013-09-05 11:19:38'),(26,2,0,'success','2013-09-05 10:46:57','2013-09-05 11:19:30'),(27,2,435,'success','2013-09-05 10:49:09','2013-09-05 11:19:21'),(28,2,345,'success','2013-09-05 10:49:16','2013-09-05 11:19:12'),(29,2,324324,'pending','2013-09-05 10:49:21',NULL),(30,2,324324,'pending','2013-09-05 10:49:36',NULL),(31,2,123213,'pending','2013-09-05 11:15:20',NULL),(32,2,100500,'success','2013-09-05 11:20:36','2013-09-08 20:17:05'),(33,2,33333333,'success','2013-09-05 12:04:25','2013-09-08 21:23:43'),(34,2,500,'pending','2013-09-05 16:39:42',NULL),(35,2,500,'pending','2013-09-06 19:36:56',NULL),(36,2,700,'pending','2013-09-06 20:02:41',NULL),(37,2,99,'pending','2013-09-06 20:03:25',NULL),(38,2,100,'success','2013-09-06 20:07:52','2013-10-15 17:04:27'),(39,2,100,'pending','2013-10-13 12:14:46',NULL);
/*!40000 ALTER TABLE `player_payment` ENABLE KEYS */;
UNLOCK TABLES;

--
-- Table structure for table `player_server`
--

DROP TABLE IF EXISTS `player_server`;
/*!40101 SET @saved_cs_client     = @@character_set_client */;
/*!40101 SET character_set_client = utf8 */;
CREATE TABLE `player_server` (
  `playerId` int(10) NOT NULL,
  `serverId` int(10) NOT NULL,
  `last_login` timestamp NULL DEFAULT NULL,
  PRIMARY KEY (`playerId`,`serverId`),
  KEY `server_player_id` (`serverId`),
  CONSTRAINT `player_server_id` FOREIGN KEY (`playerId`) REFERENCES `player` (`id`) ON DELETE CASCADE ON UPDATE CASCADE,
  CONSTRAINT `server_player_id` FOREIGN KEY (`serverId`) REFERENCES `server` (`id`)
) ENGINE=InnoDB DEFAULT CHARSET=utf8;
/*!40101 SET character_set_client = @saved_cs_client */;

--
-- Dumping data for table `player_server`
--

LOCK TABLES `player_server` WRITE;
/*!40000 ALTER TABLE `player_server` DISABLE KEYS */;
/*!40000 ALTER TABLE `player_server` ENABLE KEYS */;
UNLOCK TABLES;

--
-- Table structure for table `player_server_item`
--

DROP TABLE IF EXISTS `player_server_item`;
/*!40101 SET @saved_cs_client     = @@character_set_client */;
/*!40101 SET character_set_client = utf8 */;
CREATE TABLE `player_server_item` (
  `id` int(11) NOT NULL AUTO_INCREMENT,
  `playerId` int(11) NOT NULL,
  `serverId` int(11) NOT NULL,
  `itemId` int(11) NOT NULL,
  `amount` int(9) NOT NULL,
  `name` varchar(45) DEFAULT NULL,
  `updatedAt` timestamp NOT NULL DEFAULT CURRENT_TIMESTAMP ON UPDATE CURRENT_TIMESTAMP,
  PRIMARY KEY (`id`),
  KEY `i_player_server_item__player` (`playerId`),
  KEY `i_player_server_item__server` (`serverId`),
  KEY `i_player_server_item__item` (`itemId`),
  CONSTRAINT `f_player_server_item__item` FOREIGN KEY (`itemId`) REFERENCES `item` (`id`),
  CONSTRAINT `f_player_server_item__player` FOREIGN KEY (`playerId`) REFERENCES `player` (`id`),
  CONSTRAINT `f_player_server_item__server` FOREIGN KEY (`serverId`) REFERENCES `server` (`id`)
) ENGINE=InnoDB AUTO_INCREMENT=64 DEFAULT CHARSET=utf8;
/*!40101 SET character_set_client = @saved_cs_client */;

--
-- Dumping data for table `player_server_item`
--

LOCK TABLES `player_server_item` WRITE;
/*!40000 ALTER TABLE `player_server_item` DISABLE KEYS */;
INSERT INTO `player_server_item` VALUES (1,2,5,8,64,NULL,'2013-09-19 16:04:27'),(3,2,5,10,1,NULL,'2013-09-19 16:04:27'),(4,2,5,10,1,NULL,'2013-09-19 16:04:27'),(5,2,5,10,1,NULL,'2013-09-19 16:04:27'),(6,2,5,10,1,NULL,'2013-09-19 16:04:27'),(7,2,5,10,1,NULL,'2013-09-19 16:04:27'),(8,2,5,10,1,NULL,'2013-09-19 16:04:27'),(9,2,5,10,1,NULL,'2013-09-19 16:04:27'),(10,2,5,10,1,NULL,'2013-09-19 16:04:27'),(11,2,5,10,1,NULL,'2013-09-19 16:04:27'),(12,2,5,10,1,NULL,'2013-09-19 16:04:27'),(13,2,5,8,64,NULL,'2013-09-19 16:04:27'),(14,2,5,8,64,NULL,'2013-09-19 16:04:27'),(15,2,5,8,64,NULL,'2013-09-19 16:04:27'),(16,2,5,10,1,NULL,'2013-09-19 16:04:27'),(17,2,5,21,64,NULL,'2013-09-19 16:04:27'),(18,2,5,24,1,NULL,'2013-09-19 16:04:27'),(19,2,5,20,4,NULL,'2013-09-19 16:04:27'),(20,2,5,10,1,NULL,'2013-09-19 16:04:27'),(21,2,5,9,64,NULL,'2013-09-19 16:04:27'),(22,2,5,9,64,NULL,'2013-09-19 16:04:27'),(23,2,5,10,1,NULL,'2013-09-19 16:04:27'),(24,2,5,10,1,NULL,'2013-09-19 16:04:27'),(25,2,6,10,1,NULL,'2013-09-19 16:04:27'),(26,2,7,11,1,NULL,'2013-09-19 16:04:27'),(27,2,7,22,64,NULL,'2013-09-19 16:04:27'),(28,2,7,21,64,NULL,'2013-09-19 16:04:27'),(29,2,5,14,32,NULL,'2013-09-19 16:13:37'),(30,2,5,15,32,NULL,'2013-09-19 16:13:41'),(31,2,5,16,32,NULL,'2013-09-19 16:13:44'),(32,2,5,14,32,NULL,'2013-09-19 16:14:01'),(33,2,5,15,32,NULL,'2013-09-19 16:14:05'),(34,2,5,16,32,NULL,'2013-09-19 16:14:08'),(35,2,5,21,64,NULL,'2013-09-19 16:52:14'),(36,2,5,21,64,NULL,'2013-09-19 16:52:18'),(37,2,5,21,64,NULL,'2013-09-19 16:52:21'),(38,2,5,22,64,NULL,'2013-09-19 16:52:26'),(39,2,5,21,64,NULL,'2013-09-19 16:52:51'),(40,2,5,10,1,NULL,'2013-09-19 16:56:40'),(41,2,5,10,1,NULL,'2013-09-19 16:56:49'),(42,2,5,8,64,NULL,'2013-09-19 17:11:21'),(43,2,5,10,1,NULL,'2013-09-19 17:11:31'),(44,2,5,10,1,NULL,'2013-09-19 17:13:04'),(45,2,5,10,1,NULL,'2013-09-19 17:13:35'),(46,2,5,8,64,NULL,'2013-09-19 17:18:58'),(47,2,5,8,64,NULL,'2013-09-19 17:19:09'),(48,2,5,8,64,NULL,'2013-09-19 17:19:20'),(49,2,5,10,1,NULL,'2013-09-20 12:46:47'),(50,2,5,8,64,NULL,'2013-09-20 13:39:09'),(51,2,7,8,64,NULL,'2013-09-20 17:05:32'),(52,2,7,26,1,NULL,'2013-09-20 17:06:29'),(53,2,5,22,64,NULL,'2013-09-23 16:25:07'),(54,2,5,8,64,NULL,'2013-10-02 06:17:31'),(55,2,5,8,64,NULL,'2013-10-02 07:58:56'),(56,2,5,13,32,NULL,'2013-10-02 08:00:03'),(57,2,5,14,32,NULL,'2013-10-02 08:01:40'),(58,2,5,16,32,NULL,'2013-10-02 08:01:54'),(59,2,5,17,32,NULL,'2013-10-02 08:03:45'),(60,2,5,18,8,NULL,'2013-10-02 08:04:58'),(61,2,5,13,32,NULL,'2013-10-02 08:05:40'),(62,2,5,19,16,NULL,'2013-10-02 08:06:36'),(63,2,5,10,1,NULL,'2013-10-02 08:20:20');
/*!40000 ALTER TABLE `player_server_item` ENABLE KEYS */;
UNLOCK TABLES;

--
-- Table structure for table `player_server_item_enchantment`
--

DROP TABLE IF EXISTS `player_server_item_enchantment`;
/*!40101 SET @saved_cs_client     = @@character_set_client */;
/*!40101 SET character_set_client = utf8 */;
CREATE TABLE `player_server_item_enchantment` (
  `itemId` int(11) NOT NULL,
  `enchantmentId` varchar(45) NOT NULL,
  `level` int(3) NOT NULL,
  `order` int(3) DEFAULT NULL,
  PRIMARY KEY (`itemId`,`enchantmentId`),
  KEY `i_player_server_item_enchantment__item` (`itemId`),
  KEY `i_player_server_item_enchantment__enchantment_idx` (`enchantmentId`),
  CONSTRAINT `f_player_server_item_enchantment__enchantment` FOREIGN KEY (`enchantmentId`) REFERENCES `bukkit_enchantment` (`id`),
  CONSTRAINT `f_player_server_item_enchantment__item` FOREIGN KEY (`itemId`) REFERENCES `player_server_item` (`id`) ON DELETE CASCADE
) ENGINE=InnoDB DEFAULT CHARSET=utf8;
/*!40101 SET character_set_client = @saved_cs_client */;

--
-- Dumping data for table `player_server_item_enchantment`
--

LOCK TABLES `player_server_item_enchantment` WRITE;
/*!40000 ALTER TABLE `player_server_item_enchantment` DISABLE KEYS */;
INSERT INTO `player_server_item_enchantment` VALUES (10,'16',20,0),(10,'19',13,1),(11,'16',20,0),(11,'19',13,1),(12,'16',127,0),(12,'19',127,1),(12,'33',81,2),(16,'16',68,0),(16,'19',46,1),(18,'16',100,0),(18,'18',64,1),(18,'21',15,2),(18,'48',1,4),(18,'50',20,3),(20,'16',94,0),(20,'19',58,1),(23,'16',20,0),(23,'19',13,1),(23,'21',15,2),(24,'16',20,0),(24,'19',13,1),(25,'16',20,0),(25,'19',13,1),(40,'16',20,0),(40,'19',13,1),(41,'16',52,0),(41,'19',29,1),(41,'20',26,2),(43,'16',20,0),(43,'19',13,1),(44,'16',127,0),(44,'19',127,1),(45,'0',127,2),(45,'16',127,0),(45,'19',127,1),(45,'3',127,4),(45,'33',127,3),(49,'16',56,0),(49,'19',57,1),(49,'20',61,3),(49,'49',34,2),(52,'18',94,0),(63,'16',20,0),(63,'19',13,1);
/*!40000 ALTER TABLE `player_server_item_enchantment` ENABLE KEYS */;
UNLOCK TABLES;

--
-- Table structure for table `player_shipment`
--

DROP TABLE IF EXISTS `player_shipment`;
/*!40101 SET @saved_cs_client     = @@character_set_client */;
/*!40101 SET character_set_client = utf8 */;
CREATE TABLE `player_shipment` (
  `id` int(10) NOT NULL AUTO_INCREMENT,
  `playerId` int(10) NOT NULL,
  `serverId` int(10) NOT NULL,
  `createdAt` timestamp NOT NULL DEFAULT CURRENT_TIMESTAMP,
  `closedAt` timestamp NULL DEFAULT NULL,
  PRIMARY KEY (`id`),
  KEY `shipment_player_id` (`playerId`),
  KEY `shipment_server_id` (`serverId`),
  CONSTRAINT `shipment_player_id` FOREIGN KEY (`playerId`) REFERENCES `player` (`id`) ON DELETE CASCADE ON UPDATE CASCADE,
  CONSTRAINT `shipment_server_id` FOREIGN KEY (`serverId`) REFERENCES `server` (`id`) ON DELETE CASCADE ON UPDATE CASCADE
) ENGINE=InnoDB AUTO_INCREMENT=26 DEFAULT CHARSET=utf8;
/*!40101 SET character_set_client = @saved_cs_client */;

--
-- Dumping data for table `player_shipment`
--

LOCK TABLES `player_shipment` WRITE;
/*!40000 ALTER TABLE `player_shipment` DISABLE KEYS */;
INSERT INTO `player_shipment` VALUES (3,1,0,'2013-08-22 11:25:51','2013-08-22 11:40:27'),(8,1,0,'2013-08-22 15:12:15','2013-08-22 15:13:02'),(21,1,0,'2013-08-23 02:11:54','2013-08-23 02:11:59'),(25,2,5,'2013-10-22 17:25:58',NULL);
/*!40000 ALTER TABLE `player_shipment` ENABLE KEYS */;
UNLOCK TABLES;

--
-- Table structure for table `player_shipment_items`
--

DROP TABLE IF EXISTS `player_shipment_items`;
/*!40101 SET @saved_cs_client     = @@character_set_client */;
/*!40101 SET character_set_client = utf8 */;
CREATE TABLE `player_shipment_items` (
  `id` int(10) NOT NULL AUTO_INCREMENT,
  `shipmentId` int(10) NOT NULL,
  `playerItemId` int(10) NOT NULL,
  `amount` int(10) NOT NULL,
  PRIMARY KEY (`id`),
  KEY `shipment_player_item_id` (`playerItemId`),
  KEY `shipment_id` (`shipmentId`),
  CONSTRAINT `shipment_player_item_id` FOREIGN KEY (`playerItemId`) REFERENCES `player_server_item` (`id`) ON DELETE CASCADE ON UPDATE CASCADE,
  CONSTRAINT `shipment_id` FOREIGN KEY (`shipmentId`) REFERENCES `player_shipment` (`id`) ON DELETE CASCADE ON UPDATE CASCADE
) ENGINE=InnoDB AUTO_INCREMENT=9 DEFAULT CHARSET=utf8;
/*!40101 SET character_set_client = @saved_cs_client */;

--
-- Dumping data for table `player_shipment_items`
--

LOCK TABLES `player_shipment_items` WRITE;
/*!40000 ALTER TABLE `player_shipment_items` DISABLE KEYS */;
INSERT INTO `player_shipment_items` VALUES (7,25,1,64),(8,25,13,64);
/*!40000 ALTER TABLE `player_shipment_items` ENABLE KEYS */;
UNLOCK TABLES;

--
-- Table structure for table `player_subscription`
--

DROP TABLE IF EXISTS `player_subscription`;
/*!40101 SET @saved_cs_client     = @@character_set_client */;
/*!40101 SET character_set_client = utf8 */;
CREATE TABLE `player_subscription` (
  `id` int(10) NOT NULL AUTO_INCREMENT,
  `playerId` int(10) NOT NULL,
  `subscriptionId` int(10) NOT NULL,
  `score` int(3) NOT NULL DEFAULT '1',
  PRIMARY KEY (`id`),
  KEY `subscription_player_id` (`playerId`),
  KEY `subscription_id` (`subscriptionId`),
  CONSTRAINT `subscription_id` FOREIGN KEY (`subscriptionId`) REFERENCES `subscription` (`id`),
  CONSTRAINT `subscription_player_id` FOREIGN KEY (`playerId`) REFERENCES `player` (`id`) ON DELETE CASCADE ON UPDATE CASCADE
) ENGINE=InnoDB DEFAULT CHARSET=utf8;
/*!40101 SET character_set_client = @saved_cs_client */;

--
-- Dumping data for table `player_subscription`
--

LOCK TABLES `player_subscription` WRITE;
/*!40000 ALTER TABLE `player_subscription` DISABLE KEYS */;
/*!40000 ALTER TABLE `player_subscription` ENABLE KEYS */;
UNLOCK TABLES;

--
-- Table structure for table `server`
--

DROP TABLE IF EXISTS `server`;
/*!40101 SET @saved_cs_client     = @@character_set_client */;
/*!40101 SET character_set_client = utf8 */;
CREATE TABLE `server` (
  `id` int(10) NOT NULL AUTO_INCREMENT COMMENT 'serverId',
  `name` varchar(50) NOT NULL,
  `title` varchar(50) NOT NULL,
  `key` varchar(50) NOT NULL,
  PRIMARY KEY (`id`)
) ENGINE=InnoDB AUTO_INCREMENT=8 DEFAULT CHARSET=utf8 COMMENT='список серверов будет тут';
/*!40101 SET character_set_client = @saved_cs_client */;

--
-- Dumping data for table `server`
--

LOCK TABLES `server` WRITE;
/*!40000 ALTER TABLE `server` DISABLE KEYS */;
INSERT INTO `server` VALUES (5,'vanilla','Vanilla','433q8gp35ng'),(6,'nanotek','Nanotek','3tcy9mc8mpc8'),(7,'magik','Magik','q84u3p5cu');
/*!40000 ALTER TABLE `server` ENABLE KEYS */;
UNLOCK TABLES;

--
-- Table structure for table `server_instance`
--

DROP TABLE IF EXISTS `server_instance`;
/*!40101 SET @saved_cs_client     = @@character_set_client */;
/*!40101 SET character_set_client = utf8 */;
CREATE TABLE `server_instance` (
  `id` int(10) NOT NULL AUTO_INCREMENT,
  `serverId` int(10) NOT NULL,
  `port` varchar(5) NOT NULL DEFAULT '25565',
  `host` varchar(15) NOT NULL,
  PRIMARY KEY (`id`),
  KEY `server_id_instance` (`serverId`),
  CONSTRAINT `server_id_instance` FOREIGN KEY (`serverId`) REFERENCES `server` (`id`) ON DELETE CASCADE ON UPDATE CASCADE
) ENGINE=InnoDB AUTO_INCREMENT=7 DEFAULT CHARSET=utf8;
/*!40101 SET character_set_client = @saved_cs_client */;

--
-- Dumping data for table `server_instance`
--

LOCK TABLES `server_instance` WRITE;
/*!40000 ALTER TABLE `server_instance` DISABLE KEYS */;
INSERT INTO `server_instance` VALUES (6,5,'25565','127.0.0.1');
/*!40000 ALTER TABLE `server_instance` ENABLE KEYS */;
UNLOCK TABLES;

--
-- Table structure for table `server_item`
--

DROP TABLE IF EXISTS `server_item`;
/*!40101 SET @saved_cs_client     = @@character_set_client */;
/*!40101 SET character_set_client = utf8 */;
CREATE TABLE `server_item` (
  `id` int(10) NOT NULL AUTO_INCREMENT,
  `serverId` int(10) NOT NULL,
  `itemId` int(10) NOT NULL,
  PRIMARY KEY (`id`,`serverId`,`itemId`),
  KEY `server_id` (`serverId`),
  KEY `server_item_id_item` (`itemId`),
  CONSTRAINT `server_id_item` FOREIGN KEY (`serverId`) REFERENCES `server` (`id`) ON DELETE CASCADE ON UPDATE CASCADE,
  CONSTRAINT `server_item_id_item` FOREIGN KEY (`itemId`) REFERENCES `item` (`id`) ON DELETE CASCADE ON UPDATE CASCADE
) ENGINE=InnoDB AUTO_INCREMENT=88 DEFAULT CHARSET=utf8;
/*!40101 SET character_set_client = @saved_cs_client */;

--
-- Dumping data for table `server_item`
--

LOCK TABLES `server_item` WRITE;
/*!40000 ALTER TABLE `server_item` DISABLE KEYS */;
INSERT INTO `server_item` VALUES (25,5,9),(28,5,10),(32,5,13),(35,5,14),(38,5,15),(41,5,16),(44,5,17),(47,5,18),(50,5,19),(54,5,20),(56,5,21),(59,5,22),(62,5,23),(65,5,24),(78,5,8),(26,6,9),(29,6,10),(33,6,13),(36,6,14),(39,6,15),(42,6,16),(45,6,17),(48,6,18),(51,6,19),(53,6,20),(57,6,21),(60,6,22),(63,6,23),(66,6,25),(79,6,8),(27,7,9),(34,7,13),(37,7,14),(40,7,15),(43,7,16),(46,7,17),(49,7,18),(52,7,19),(55,7,20),(58,7,21),(61,7,22),(64,7,23),(67,7,26),(80,7,8),(87,7,11);
/*!40000 ALTER TABLE `server_item` ENABLE KEYS */;
UNLOCK TABLES;

--
-- Table structure for table `server_tag`
--

DROP TABLE IF EXISTS `server_tag`;
/*!40101 SET @saved_cs_client     = @@character_set_client */;
/*!40101 SET character_set_client = utf8 */;
CREATE TABLE `server_tag` (
  `serverId` int(11) NOT NULL,
  `tagId` int(11) NOT NULL,
  `updatedAt` timestamp NOT NULL DEFAULT CURRENT_TIMESTAMP ON UPDATE CURRENT_TIMESTAMP,
  PRIMARY KEY (`serverId`,`tagId`),
  KEY `f_server_tag_server_idx` (`serverId`),
  KEY `f_server_tag_tag_idx` (`tagId`),
  CONSTRAINT `f_server_tag_server` FOREIGN KEY (`serverId`) REFERENCES `server` (`id`) ON DELETE CASCADE,
  CONSTRAINT `f_server_tag_tag` FOREIGN KEY (`tagId`) REFERENCES `tag` (`id`) ON DELETE CASCADE
) ENGINE=InnoDB DEFAULT CHARSET=utf8 COMMENT='теги сервера';
/*!40101 SET character_set_client = @saved_cs_client */;

--
-- Dumping data for table `server_tag`
--

LOCK TABLES `server_tag` WRITE;
/*!40000 ALTER TABLE `server_tag` DISABLE KEYS */;
INSERT INTO `server_tag` VALUES (5,1,'2013-09-16 18:01:05'),(5,2,'2013-09-16 18:01:05'),(5,3,'2013-09-16 18:01:05'),(5,777,'2013-09-16 18:01:05'),(5,999,'2013-09-16 18:01:05'),(5,1000,'2013-09-16 18:01:05'),(5,1001,'2013-09-16 18:06:55'),(6,1,'2013-09-16 18:00:57'),(6,2,'2013-09-16 18:00:57'),(6,3,'2013-09-16 18:00:57'),(6,777,'2013-09-16 18:00:57'),(6,999,'2013-09-16 18:00:57'),(6,1000,'2013-09-16 18:00:57'),(6,1001,'2013-09-16 18:06:55'),(7,1,'2013-09-16 18:00:52'),(7,2,'2013-09-16 18:00:52'),(7,3,'2013-09-16 18:00:52'),(7,777,'2013-09-16 18:00:52'),(7,999,'2013-09-16 18:00:52'),(7,1000,'2013-09-16 18:00:52'),(7,1001,'2013-09-16 18:06:56');
/*!40000 ALTER TABLE `server_tag` ENABLE KEYS */;
UNLOCK TABLES;

--
-- Table structure for table `subscription`
--

DROP TABLE IF EXISTS `subscription`;
/*!40101 SET @saved_cs_client     = @@character_set_client */;
/*!40101 SET character_set_client = utf8 */;
CREATE TABLE `subscription` (
  `id` int(10) NOT NULL AUTO_INCREMENT,
  `name` varchar(45) NOT NULL,
  `titleRu` varchar(45) NOT NULL,
  `titleEn` varchar(45) DEFAULT NULL,
  `createdAt` timestamp NOT NULL DEFAULT CURRENT_TIMESTAMP,
  `enabledAt` timestamp NULL DEFAULT NULL,
  PRIMARY KEY (`id`)
) ENGINE=InnoDB AUTO_INCREMENT=4 DEFAULT CHARSET=utf8;
/*!40101 SET character_set_client = @saved_cs_client */;

--
-- Dumping data for table `subscription`
--

LOCK TABLES `subscription` WRITE;
/*!40000 ALTER TABLE `subscription` DISABLE KEYS */;
INSERT INTO `subscription` VALUES (1,'player','Обычный игрок','','2013-08-26 05:03:09','2013-08-26 05:03:09'),(2,'vip','Очень важный игрок',NULL,'2013-08-26 05:04:57','2013-08-26 05:04:57'),(3,'premium','Охуеть какой важный игрок',NULL,'2013-08-26 05:04:57','2013-08-26 05:04:57');
/*!40000 ALTER TABLE `subscription` ENABLE KEYS */;
UNLOCK TABLES;

--
-- Table structure for table `subscription_price`
--

DROP TABLE IF EXISTS `subscription_price`;
/*!40101 SET @saved_cs_client     = @@character_set_client */;
/*!40101 SET character_set_client = utf8 */;
CREATE TABLE `subscription_price` (
  `subscriptionId` int(10) NOT NULL,
  `score` int(3) NOT NULL,
  `price` float NOT NULL,
  PRIMARY KEY (`subscriptionId`,`score`)
) ENGINE=InnoDB DEFAULT CHARSET=utf8;
/*!40101 SET character_set_client = @saved_cs_client */;

--
-- Dumping data for table `subscription_price`
--

LOCK TABLES `subscription_price` WRITE;
/*!40000 ALTER TABLE `subscription_price` DISABLE KEYS */;
INSERT INTO `subscription_price` VALUES (1,0,0),(2,0,149),(2,1,99),(3,0,299),(3,1,249);
/*!40000 ALTER TABLE `subscription_price` ENABLE KEYS */;
UNLOCK TABLES;

--
-- Table structure for table `tag`
--

DROP TABLE IF EXISTS `tag`;
/*!40101 SET @saved_cs_client     = @@character_set_client */;
/*!40101 SET character_set_client = utf8 */;
CREATE TABLE `tag` (
  `id` int(11) NOT NULL AUTO_INCREMENT,
  `name` varchar(45) NOT NULL,
  `titleRuPlural` varchar(255) DEFAULT NULL,
  `titleRuSingular` varchar(255) DEFAULT NULL,
  `titleEnPlural` varchar(45) DEFAULT NULL,
  `titleEnSingular` varchar(255) DEFAULT NULL,
  `descRu` mediumtext,
  `descEn` mediumtext,
  `updatedAt` timestamp NOT NULL DEFAULT CURRENT_TIMESTAMP ON UPDATE CURRENT_TIMESTAMP,
  PRIMARY KEY (`id`),
  UNIQUE KEY `name_UNIQUE` (`name`)
) ENGINE=InnoDB AUTO_INCREMENT=1002 DEFAULT CHARSET=utf8 COMMENT='теги';
/*!40101 SET character_set_client = @saved_cs_client */;

--
-- Dumping data for table `tag`
--

LOCK TABLES `tag` WRITE;
/*!40000 ALTER TABLE `tag` DISABLE KEYS */;
INSERT INTO `tag` VALUES (1,'blocks','Блоки','Блок','Blocks','Block',NULL,NULL,'2013-09-16 13:57:07'),(2,'materials','Материалы','Материал','Materials','Material',NULL,NULL,'2013-09-16 13:57:07'),(3,'wood','Дерево','Дерево','Wood','Wood',NULL,NULL,'2013-09-16 14:22:52'),(777,'types',NULL,NULL,NULL,NULL,NULL,NULL,'2013-09-16 16:53:35'),(999,'tags',NULL,NULL,NULL,NULL,NULL,NULL,'2013-09-16 16:53:35'),(1000,'iron','Железо','Железо','Iron','Iron',NULL,NULL,'2013-09-16 17:25:53'),(1001,'birch','Береза','Береза','Birch','Birch',NULL,NULL,'2013-09-16 18:06:21');
/*!40000 ALTER TABLE `tag` ENABLE KEYS */;
UNLOCK TABLES;

--
-- Table structure for table `tag_tags`
--

DROP TABLE IF EXISTS `tag_tags`;
/*!40101 SET @saved_cs_client     = @@character_set_client */;
/*!40101 SET character_set_client = utf8 */;
CREATE TABLE `tag_tags` (
  `childId` int(11) NOT NULL,
  `tagId` int(11) NOT NULL,
  `updatedAt` timestamp NOT NULL DEFAULT CURRENT_TIMESTAMP ON UPDATE CURRENT_TIMESTAMP,
  PRIMARY KEY (`childId`,`tagId`),
  KEY `f_tag_tags_child_idx` (`childId`),
  KEY `f_tag_tags_tag_idx` (`tagId`),
  CONSTRAINT `f_tag_tags_child` FOREIGN KEY (`childId`) REFERENCES `tag` (`id`) ON DELETE CASCADE,
  CONSTRAINT `f_tag_tags_tag` FOREIGN KEY (`tagId`) REFERENCES `tag` (`id`) ON DELETE CASCADE
) ENGINE=InnoDB DEFAULT CHARSET=utf8 COMMENT='теги тегов';
/*!40101 SET character_set_client = @saved_cs_client */;

--
-- Dumping data for table `tag_tags`
--

LOCK TABLES `tag_tags` WRITE;
/*!40000 ALTER TABLE `tag_tags` DISABLE KEYS */;
INSERT INTO `tag_tags` VALUES (1,777,'2013-09-16 16:54:02'),(2,777,'2013-09-16 16:54:02'),(3,1,'2013-09-16 14:24:21'),(3,2,'2013-09-16 15:18:04'),(3,999,'2013-09-16 16:54:20'),(1000,1,'2013-09-16 17:25:53'),(1000,2,'2013-09-16 17:25:53'),(1000,999,'2013-09-16 18:04:14'),(1001,3,'2013-09-16 18:07:50');
/*!40000 ALTER TABLE `tag_tags` ENABLE KEYS */;
UNLOCK TABLES;

--
-- Table structure for table `users_user`
--

DROP TABLE IF EXISTS `users_user`;
/*!40101 SET @saved_cs_client     = @@character_set_client */;
/*!40101 SET character_set_client = utf8 */;
CREATE TABLE `users_user` (
  `id` int(10) NOT NULL AUTO_INCREMENT,
  `name` varchar(50) NOT NULL,
  `pass` varchar(50) NOT NULL,
  PRIMARY KEY (`id`),
  UNIQUE KEY `name` (`name`)
) ENGINE=InnoDB AUTO_INCREMENT=3 DEFAULT CHARSET=utf8;
/*!40101 SET character_set_client = @saved_cs_client */;

--
-- Dumping data for table `users_user`
--

LOCK TABLES `users_user` WRITE;
/*!40000 ALTER TABLE `users_user` DISABLE KEYS */;
INSERT INTO `users_user` VALUES (2,'root','5baa61e4c9b93f3f0682250b6cf8331b7ee68fd8');
/*!40000 ALTER TABLE `users_user` ENABLE KEYS */;
UNLOCK TABLES;
/*!40103 SET TIME_ZONE=@OLD_TIME_ZONE */;

/*!40101 SET SQL_MODE=@OLD_SQL_MODE */;
/*!40014 SET FOREIGN_KEY_CHECKS=@OLD_FOREIGN_KEY_CHECKS */;
/*!40014 SET UNIQUE_CHECKS=@OLD_UNIQUE_CHECKS */;
/*!40101 SET CHARACTER_SET_CLIENT=@OLD_CHARACTER_SET_CLIENT */;
/*!40101 SET CHARACTER_SET_RESULTS=@OLD_CHARACTER_SET_RESULTS */;
/*!40101 SET COLLATION_CONNECTION=@OLD_COLLATION_CONNECTION */;
/*!40111 SET SQL_NOTES=@OLD_SQL_NOTES */;

-- Dump completed on 2013-10-24  4:42:52
